PGC 1318210		196.2471	7.2896	3.2749e8	m						CF4
PGC 1353355		226.7731	8.7688	3.2749e8	m						CF4
PGC 1384874		143.2643	10.8146	3.2749e8	m						CF4
PGC 1405931		190.3266	12.2311	3.2749e8	m						CF4
PGC 1421860		247.943	13.0554	3.2749e8	m						CF4
PGC 1435021		220.9175	13.589	3.2749e8	m						CF4
PGC 1436489		182.867	13.6431	3.2749e8	m						CF4
PGC 1438400		167.8677	13.7136	3.2749e8	m						CF4
PGC 1444795		197.5254	13.943	3.2749e8	m						CF4
PGC 1457290		173.2258	14.4067	3.2749e8	m						CF4
PGC 1459016		167.4048	14.4712	3.2749e8	m						CF4
PGC 1473413		129.6288	15.0305	3.2749e8	m						CF4
PGC 1475953		210.9403	15.1262	3.2749e8	m						CF4
PGC 1487267		121.56	15.5376	3.2749e8	m						CF4
PGC 1497937		249.5722	15.984	3.2749e8	m						CF4
PGC 1500465		135.8239	16.0909	3.2749e8	m						CF4
PGC 1512247		138.1228	16.5855	3.2749e8	m						CF4
PGC 1517841		221.9644	16.823	3.2749e8	m						CF4
PGC 1524723		136.792	17.105	3.2749e8	m						CF4
PGC 1527603		162.9978	17.2227	3.2749e8	m						CF4
PGC 1573922		175.7397	18.9006	3.2749e8	m						CF4
PGC 1579061		212.7099	19.0551	3.2749e8	m						CF4
PGC 1589398		196.433	19.354	3.2749e8	m						CF4
PGC 1621852		154.5834	20.2618	3.2749e8	m						CF4
PGC 1626674		211.4023	20.4159	3.2749e8	m						CF4
PGC 1654622		227.5958	21.662	3.2749e8	m						CF4
PGC 1666424		235.7931	22.2517	3.2749e8	m						CF4
PGC 1668608		202.0059	22.3681	3.2749e8	m						CF4
PGC 1672434		127.9119	22.5731	3.2749e8	m						CF4
PGC 1678518		219.7767	22.9306	3.2749e8	m						CF4
PGC 1691625		208.6038	23.6764	3.2749e8	m						CF4
PGC 1727672		182.5027	25.1723	3.2749e8	m						CF4
PGC 1740074		127.8028	25.534	3.2749e8	m						CF4
PGC 1746016		245.4877	25.6915	3.2749e8	m						CF4
PGC 1806290		146.6356	27.3794	3.2749e8	m						CF4
PGC 1850266		199.1567	28.9239	3.2749e8	m						CF4
PGC 1852367		210.747	28.9923	3.2749e8	m						CF4
PGC 1875688		251.9202	29.7188	3.2749e8	m						CF4
PGC 1877240		256.966	29.7622	3.2749e8	m						CF4
PGC 1891638		191.973	30.1354	3.2749e8	m						CF4
PGC 1902611		250.7849	30.4091	3.2749e8	m						CF4
PGC 1904503		227.1873	30.4558	3.2749e8	m						CF4
PGC 1941263		262.5731	31.311	3.2749e8	m						CF4
PGC 2045647		251.2203	34.2142	3.2749e8	m						CF4
PGC 2072277		156.1308	35.9352	3.2749e8	m						CF4
PGC 2072838		195.3608	35.9686	3.2749e8	m						CF4
PGC 2087069		172.2536	36.7928	3.2749e8	m						CF4
PGC 2136905		163.9281	38.8024	3.2749e8	m						CF4
PGC 2155857		110.304	39.7998	3.2749e8	m						CF4
PGC 2162554		151.3412	40.2218	3.2749e8	m						CF4
PGC 2164612		115.4395	40.3581	3.2749e8	m						CF4
PGC 2171986		154.5223	40.8573	3.2749e8	m						CF4
PGC 2192930		174.6268	42.1289	3.2749e8	m						CF4
PGC 2193559		147.0959	42.1651	3.2749e8	m						CF4
PGC 2195807		162.303	42.2844	3.2749e8	m						CF4
PGC 2200567		207.1671	42.5217	3.2749e8	m						CF4
PGC 2232145		208.3659	43.9126	3.2749e8	m						CF4
PGC 2253125		206.2656	44.8363	3.2749e8	m						CF4
PGC 2258785		134.8491	45.0967	3.2749e8	m						CF4
PGC 2263237		206.375	45.3359	3.2749e8	m						CF4
PGC 2271218		181.2167	45.8385	3.2749e8	m						CF4
PGC 2282188		193.3693	46.4949	3.2749e8	m						CF4
PGC 2309965		234.8838	48.0731	3.2749e8	m						CF4
PGC 2323756		238.982	48.709	3.2749e8	m						CF4
PGC 2340953		239.2581	49.3665	3.2749e8	m						CF4
PGC 2342602		223.9675	49.4251	3.2749e8	m						CF4
PGC 2363153		243.8021	50.1122	3.2749e8	m						CF4
PGC 2409928		155.3998	52.234	3.2749e8	m						CF4
PGC 2422225		198.4487	52.7303	3.2749e8	m						CF4
PGC 2445031		171.4171	53.5792	3.2749e8	m						CF4
PGC 2464056		205.3564	54.2493	3.2749e8	m						CF4
PGC 2468809		185.7166	54.41	3.2749e8	m						CF4
PGC 2474370		227.3964	54.5984	3.2749e8	m						CF4
PGC 2482844		126.5161	54.8648	3.2749e8	m						CF4
PGC 2554864		173.01	57.0226	3.2749e8	m						CF4
PGC 2589657		200.5707	59.3696	3.2749e8	m						CF4
PGC 2608618		208.5877	60.8964	3.2749e8	m						CF4
PGC 3087193		200.6998	52.2828	3.2749e8	m						CF4
PGC 3087713		198.1131	43.7884	3.2749e8	m						CF4
PGC 3087760		180.1538	43.4594	3.2749e8	m						CF4
PGC 3089414		143.7348	25.963	3.2749e8	m						CF4
PGC 3089682		184.9537	23.6015	3.2749e8	m						CF4
PGC 3090600		131.2445	15.6686	3.2749e8	m						CF4
PGC 3091123		157.7687	11.0978	3.2749e8	m						CF4
PGC 3091603		169.7965	8.2611	3.2749e8	m						CF4
PGC 3109398		205.073	-0.6826	3.2749e8	m						CF4
PGC 3122573		229.3443	2.9003	3.2749e8	m						CF4
PGC 3123626		195.696	3.2614	3.2749e8	m						CF4
PGC 3134105		239.6988	53.5226	3.2749e8	m						CF4
PGC 3138911		206.3636	64.028	3.2749e8	m						CF4
PGC 3353866		158.5923	60.2922	3.2749e8	m						CF4
PGC 3354257		130.0536	2.9218	3.2749e8	m						CF4
PGC 3356271		148.7797	4.3387	3.2749e8	m						CF4
PGC 3357377		158.0394	3.5777	3.2749e8	m						CF4
PGC 3358073		159.4089	4.7876	3.2749e8	m						CF4
PGC 3358475		160.3314	4.8709	3.2749e8	m						CF4
PGC 3387131		233.3498	53.2171	3.2749e8	m						CF4
PGC 3387861		241.5216	45.3225	3.2749e8	m						CF4
PGC 3389045		252.1209	36.146	3.2749e8	m						CF4
PGC 3403276		123.707	36.4184	3.2749e8	m						CF4
PGC 3403990		162.7001	54.3032	3.2749e8	m						CF4
PGC 3408542		161.3798	57.8566	3.2749e8	m						CF4
PGC 3412443		255.8125	34.0549	3.2749e8	m						CF4
PGC 3412477		255.7488	33.5545	3.2749e8	m						CF4
PGC 3412952		257.4324	34.407	3.2749e8	m						CF4
PGC 3413055		256.9849	29.7345	3.2749e8	m						CF4
PGC 3447249		124.6918	26.1061	3.2749e8	m						CF4
PGC 3459793		145.5358	41.031	3.2749e8	m						CF4
PGC 3464053		153.645	51.3402	3.2749e8	m						CF4
PGC 3475016		177.0625	55.7653	3.2749e8	m						CF4
PGC 3477527		185.5508	55.9934	3.2749e8	m						CF4
PGC 3488490		220.7623	44.6897	3.2749e8	m						CF4
PGC 3500877		249.3978	34.2793	3.2749e8	m						CF4
PGC 3502069		252.3847	33.2533	3.2749e8	m						CF4
PGC 3551697		192.1697	15.4612	3.2749e8	m						CF4
PGC 3565613		232.026	32.5324	3.2749e8	m						CF4
PGC 3723027		114.497	23.9653	3.2749e8	m						CF4
PGC 3744895		144.6759	63.673	3.2749e8	m						CF4
PGC 3758296		159.4638	31.3577	3.2749e8	m						CF4
PGC 3763844		164.7315	15.8194	3.2749e8	m						CF4
PGC 3772577		173.0014	6.5011	3.2749e8	m						CF4
PGC 3773870		174.1772	16.5185	3.2749e8	m						CF4
PGC 3776006		176.0444	30.926	3.2749e8	m						CF4
PGC 3777388		177.2198	27.2197	3.2749e8	m						CF4
PGC 3789174		186.7355	16.0539	3.2749e8	m						CF4
PGC 3805670		199.5526	10.8642	3.2749e8	m						CF4
PGC 3807692		201.3315	13.6913	3.2749e8	m						CF4
PGC 3808162		201.7863	13.9899	3.2749e8	m						CF4
PGC 3813989		207.1239	25.7218	3.2749e8	m						CF4
PGC 3816189		209.0119	23.4931	3.2749e8	m						CF4
PGC 3817744		210.2287	17.4542	3.2749e8	m						CF4
PGC 3820253		212.0607	23.3864	3.2749e8	m						CF4
PGC 3820833		212.4529	5.6296	3.2749e8	m						CF4
PGC 3823502		214.3563	26.3481	3.2749e8	m						CF4
PGC 3828422		218.1368	27.6983	3.2749e8	m						CF4
PGC 3828451		218.1621	23.4594	3.2749e8	m						CF4
PGC 3829404		218.804	9.2655	3.2749e8	m						CF4
PGC 3830303		219.4167	10.049	3.2749e8	m						CF4
PGC 3831555		220.2288	28.2264	3.2749e8	m						CF4
PGC 3836409		223.7065	5.596	3.2749e8	m						CF4
PGC 3841532		227.8233	5.2965	3.2749e8	m						CF4
PGC 3848577		233.0966	27.973	3.2749e8	m						CF4
PGC 3850061		234.2572	20.6299	3.2749e8	m						CF4
PGC 3856940		239.604	29.8526	3.2749e8	m						CF4
PGC 3866625		247.3341	19.8059	3.2749e8	m						CF4
PGC 3867040		247.6659	24.5819	3.2749e8	m						CF4
PGC 3878633		257.3836	34.4396	3.2749e8	m						CF4
PGC 4454050		228.4974	11.4898	3.2749e8	m						CF4
PGC 4572660		159.0279	25.2966	3.2749e8	m						CF4
PGC 1318722		135.0992	7.3079	3.2885e8	m						CF4
PGC 50971		214.0392	23.0114	3.29e8	m						CF4
PGC 51773		217.3724	23.3069	3.29e8	m						CF4
PGC 140669		255.6026	33.5031	3.29e8	m						CF4
PGC 169131		185.5445	13.7801	3.29e8	m						CF4
PGC 564166		220.7018	-42.4059	3.29e8	m						CF4
PGC 1099764		176.3547	-2.1716	3.29e8	m						CF4
PGC 1121158		236.2474	-1.3346	3.29e8	m						CF4
PGC 1129590		214.9993	-0.9905	3.29e8	m						CF4
PGC 1129989		147.4865	-0.9752	3.29e8	m						CF4
PGC 1156306		193.0089	0.0685	3.29e8	m						CF4
PGC 1185697		201.681	1.1377	3.29e8	m						CF4
PGC 1198868		173.8453	1.5679	3.29e8	m						CF4
PGC 1230506		168.3363	2.5525	3.29e8	m						CF4
PGC 1237309		150.0909	2.7826	3.29e8	m						CF4
PGC 1253412		227.8113	3.4987	3.29e8	m						CF4
PGC 1274703		154.7913	4.8822	3.29e8	m						CF4
PGC 1284395		183.243	5.4993	3.29e8	m						CF4
PGC 1299851		223.4499	6.391	3.29e8	m						CF4
PGC 1301653		170.0598	6.4879	3.29e8	m						CF4
PGC 1332210		163.8651	7.8361	3.29e8	m						CF4
PGC 1407615		243.9522	12.3296	3.29e8	m						CF4
PGC 1449870		131.9562	14.1251	3.29e8	m						CF4
PGC 1459585		173.2329	14.4921	3.29e8	m						CF4
PGC 1469278		115.4595	14.8721	3.29e8	m						CF4
PGC 1498482		138.1228	16.0069	3.29e8	m						CF4
PGC 1510052		208.4594	16.4916	3.29e8	m						CF4
PGC 1522134		128.0343	16.9998	3.29e8	m						CF4
PGC 1537227		137.5194	17.6208	3.29e8	m						CF4
PGC 1590562		203.9808	19.3888	3.29e8	m						CF4
PGC 1591366		126.0401	19.4122	3.29e8	m						CF4
PGC 1610657		125.7753	19.9352	3.29e8	m						CF4
PGC 1619654		125.7195	20.1983	3.29e8	m						CF4
PGC 1638679		129.4449	20.9147	3.29e8	m						CF4
PGC 1687686		253.713	23.4567	3.29e8	m						CF4
PGC 1778106		148.3257	26.4869	3.29e8	m						CF4
PGC 1781947		198.7589	26.5956	3.29e8	m						CF4
PGC 1817138		230.625	27.7551	3.29e8	m						CF4
PGC 1834995		145.9973	28.4114	3.29e8	m						CF4
PGC 1840515		118.2903	28.6	3.29e8	m						CF4
PGC 1842975		188.8892	28.6864	3.29e8	m						CF4
PGC 1850175		129.7084	28.9214	3.29e8	m						CF4
PGC 1900639		219.3759	30.359	3.29e8	m						CF4
PGC 1914426		179.2284	30.703	3.29e8	m						CF4
PGC 1928968		223.2516	31.0403	3.29e8	m						CF4
PGC 1931552		230.0917	31.0984	3.29e8	m						CF4
PGC 1935742		229.902	31.1901	3.29e8	m						CF4
PGC 1947368		153.8661	31.4423	3.29e8	m						CF4
PGC 1986266		142.094	32.2169	3.29e8	m						CF4
PGC 1991914		197.811	32.3321	3.29e8	m						CF4
PGC 2018538		135.601	32.9534	3.29e8	m						CF4
PGC 2033421		178.0968	33.5048	3.29e8	m						CF4
PGC 2042156		197.0146	33.9918	3.29e8	m						CF4
PGC 2050174		176.4147	34.4999	3.29e8	m						CF4
PGC 2093390		242.6944	37.1198	3.29e8	m						CF4
PGC 2107451		134.0556	37.7082	3.29e8	m						CF4
PGC 2130526		210.4115	38.5652	3.29e8	m						CF4
PGC 2146032		197.7711	39.2373	3.29e8	m						CF4
PGC 2147800		197.8448	39.3297	3.29e8	m						CF4
PGC 2151688		203.5756	39.5466	3.29e8	m						CF4
PGC 2159242		159.5103	40.0134	3.29e8	m						CF4
PGC 2162993		123.3826	40.2498	3.29e8	m						CF4
PGC 2165064		147.3062	40.3888	3.29e8	m						CF4
PGC 2166423		115.7587	40.4834	3.29e8	m						CF4
PGC 2178304		217.5837	41.2656	3.29e8	m						CF4
PGC 2183964		156.17	41.6181	3.29e8	m						CF4
PGC 2186333		186.2394	41.7564	3.29e8	m						CF4
PGC 2190903		173.7811	42.0171	3.29e8	m						CF4
PGC 2194510		199.4603	42.2164	3.29e8	m						CF4
PGC 2212341		249.472	43.0716	3.29e8	m						CF4
PGC 2212638		146.6923	43.0853	3.29e8	m						CF4
PGC 2221349		198.7537	43.4622	3.29e8	m						CF4
PGC 2224662		204.1323	43.602	3.29e8	m						CF4
PGC 2227564		188.8173	43.7206	3.29e8	m						CF4
PGC 2259538		214.9844	45.1347	3.29e8	m						CF4
PGC 2291504		234.6262	47.051	3.29e8	m						CF4
PGC 2297373		255.3978	47.3935	3.29e8	m						CF4
PGC 2304931		156.2171	47.8168	3.29e8	m						CF4
PGC 2321299		219.266	48.6037	3.29e8	m						CF4
PGC 2341765		223.7473	49.3966	3.29e8	m						CF4
PGC 2369383		185.3392	50.3154	3.29e8	m						CF4
PGC 2394022		190.5665	51.4342	3.29e8	m						CF4
PGC 2394470		178.3845	51.4603	3.29e8	m						CF4
PGC 2404944		219.6035	52.0217	3.29e8	m						CF4
PGC 2405368		191.6165	52.0395	3.29e8	m						CF4
PGC 2424695		232.106	52.8262	3.29e8	m						CF4
PGC 2436061		189.6176	53.2598	3.29e8	m						CF4
PGC 2506264		162.8494	55.5553	3.29e8	m						CF4
PGC 2533627		125.8449	56.3406	3.29e8	m						CF4
PGC 2547476		176.247	56.7777	3.29e8	m						CF4
PGC 2609416		199.1811	60.945	3.29e8	m						CF4
PGC 3087084		154.2312	54.0521	3.29e8	m						CF4
PGC 3090482		137.1412	16.0466	3.29e8	m						CF4
PGC 3091735		189.2405	7.3328	3.29e8	m						CF4
PGC 3118811		224.1732	1.2713	3.29e8	m						CF4
PGC 3123609		196.6215	3.2575	3.29e8	m						CF4
PGC 3124512		179.8536	3.565	3.29e8	m						CF4
PGC 3125765		227.488	4.4157	3.29e8	m						CF4
PGC 3133060		132.8952	52.0011	3.29e8	m						CF4
PGC 3344104		144.6366	0.4926	3.29e8	m						CF4
PGC 3365664		249.1063	47.6692	3.29e8	m						CF4
PGC 3403994		163.6746	54.791	3.29e8	m						CF4
PGC 3414085		258.9835	28.4673	3.29e8	m						CF4
PGC 3450576		130.0941	41.4968	3.29e8	m						CF4
PGC 3452530		133.767	34.5778	3.29e8	m						CF4
PGC 3452775		134.0969	5.8304	3.29e8	m						CF4
PGC 3461039		147.4627	5.746	3.29e8	m						CF4
PGC 3466984		158.5206	9.8503	3.29e8	m						CF4
PGC 3469960		166.0467	7.7472	3.29e8	m						CF4
PGC 3477518		185.5323	49.5878	3.29e8	m						CF4
PGC 3483740		207.9152	57.1905	3.29e8	m						CF4
PGC 3523338		125.4169	6.0219	3.29e8	m						CF4
PGC 3524907		129.966	30.0043	3.29e8	m						CF4
PGC 3537901		159.7253	14.3426	3.29e8	m						CF4
PGC 3540850		166.7893	43.1817	3.29e8	m						CF4
PGC 3561100		218.0146	35.2732	3.29e8	m						CF4
PGC 3562207		222.8678	44.5713	3.29e8	m						CF4
PGC 3733180		130.6581	21.7208	3.29e8	m						CF4
PGC 3736792		135.3456	20.4422	3.29e8	m						CF4
PGC 3741643		140.9386	28.3735	3.29e8	m						CF4
PGC 3758529		159.6934	28.516	3.29e8	m						CF4
PGC 3776396		176.3748	28.1043	3.29e8	m						CF4
PGC 3778002		177.7339	29.0351	3.29e8	m						CF4
PGC 3778372		178.0636	8.0875	3.29e8	m						CF4
PGC 3802505		196.6695	18.5997	3.29e8	m						CF4
PGC 3804300		198.2766	21.0826	3.29e8	m						CF4
PGC 3824800		215.4017	17.3054	3.29e8	m						CF4
PGC 3829828		219.0891	11.9276	3.29e8	m						CF4
PGC 3839728		226.3971	5.5305	3.29e8	m						CF4
PGC 3843757		229.489	11.8377	3.29e8	m						CF4
PGC 3847133		231.9585	10.1508	3.29e8	m						CF4
PGC 3852299		235.9743	15.3386	3.29e8	m						CF4
PGC 3852310		235.983	22.2557	3.29e8	m						CF4
PGC 3854927		237.8829	19.6527	3.29e8	m						CF4
PGC 3855863		238.5233	10.2178	3.29e8	m						CF4
PGC 3857503		240.1388	15.6685	3.29e8	m						CF4
PGC 3861563		243.1952	26.9367	3.29e8	m						CF4
PGC 3881424		259.5563	40.0635	3.29e8	m						CF4
PGC 4078504		296.6214	-9.5252	3.29e8	m						CF4
PGC 4095402		163.5119	14.3569	3.29e8	m						CF4
PGC 4117598		223.2696	32.4447	3.29e8	m						CF4
PGC 4405560		212.9626	32.7539	3.29e8	m						CF4
PGC 4537358		186.8858	6.5608	3.29e8	m						CF4
PGC 4546435		147.0593	25.4405	3.29e8	m						CF4
PGC 5093126		185.273	11.8165	3.29e8	m						CF4
PGC 4528942		353.5991	-0.6836	3.3007e8	m						CF4
PGC 48499		205.4796	26.3433	3.3052e8	m						CF4
PGC 49105		207.5616	56.0425	3.3052e8	m						CF4
PGC 51136		214.7094	-2.3938	3.3052e8	m						CF4
PGC 52988		222.6382	9.6284	3.3052e8	m						CF4
PGC 82653		153.9694	-0.4034	3.3052e8	m						CF4
PGC 95665		202.866	-1.7304	3.3052e8	m						CF4
PGC 116786		190.3959	-2.9843	3.3052e8	m						CF4
PGC 117872		201.8885	-2.5903	3.3052e8	m						CF4
PGC 156624		171.9736	1.3525	3.3052e8	m						CF4
PGC 181638		137.9995	0.339	3.3052e8	m						CF4
PGC 214064		196.3046	31.9722	3.3052e8	m						CF4
PGC 1080960		219.6333	-2.8719	3.3052e8	m						CF4
PGC 1092760		180.4893	-2.413	3.3052e8	m						CF4
PGC 1093616		195.696	-2.3845	3.3052e8	m						CF4
PGC 1113865		203.5788	-1.6421	3.3052e8	m						CF4
PGC 1151210		227.8208	-0.1303	3.3052e8	m						CF4
PGC 1189560		174.6647	1.2647	3.3052e8	m						CF4
PGC 1189854		172.9862	1.2748	3.3052e8	m						CF4
PGC 1191632		159.4227	1.3323	3.3052e8	m						CF4
PGC 1222079		169.9815	2.2888	3.3052e8	m						CF4
PGC 1228186		187.2213	2.4761	3.3052e8	m						CF4
PGC 1249526		224.6592	3.307	3.3052e8	m						CF4
PGC 1253511		184.3105	3.504	3.3052e8	m						CF4
PGC 1257184		210.6583	3.7088	3.3052e8	m						CF4
PGC 1279816		183	5.2106	3.3052e8	m						CF4
PGC 1280516		184.7427	5.2545	3.3052e8	m						CF4
PGC 1295965		227.9315	6.1792	3.3052e8	m						CF4
PGC 1319132		191.4912	7.3261	3.3052e8	m						CF4
PGC 1319677		194.4938	7.3482	3.3052e8	m						CF4
PGC 1323273		196.2047	7.4965	3.3052e8	m						CF4
PGC 1344491		154.6964	8.3245	3.3052e8	m						CF4
PGC 1354122		154.9637	8.81	3.3052e8	m						CF4
PGC 1368598		221.8502	9.6881	3.3052e8	m						CF4
PGC 1370011		227.2386	9.7836	3.3052e8	m						CF4
PGC 1370062		226.362	9.7882	3.3052e8	m						CF4
PGC 1371247		246.2023	9.8727	3.3052e8	m						CF4
PGC 1384275		245.7683	10.7738	3.3052e8	m						CF4
PGC 1412271		216.9954	12.586	3.3052e8	m						CF4
PGC 1432069		194.74	13.48	3.3052e8	m						CF4
PGC 1434880		202.9006	13.5844	3.3052e8	m						CF4
PGC 1448680		218.5389	14.0789	3.3052e8	m						CF4
PGC 1460304		173.2095	14.5191	3.3052e8	m						CF4
PGC 1461051		228.2362	14.5519	3.3052e8	m						CF4
PGC 1464159		247.9918	14.6739	3.3052e8	m						CF4
PGC 1470751		200.9697	14.9289	3.3052e8	m						CF4
PGC 1473860		182.2918	15.05	3.3052e8	m						CF4
PGC 1514631		171.4265	16.6886	3.3052e8	m						CF4
PGC 1554944		151.7241	18.2739	3.3052e8	m						CF4
PGC 1586235		171.8199	19.2682	3.3052e8	m						CF4
PGC 1595587		170.4052	19.5249	3.3052e8	m						CF4
PGC 1637763		175.5906	20.8723	3.3052e8	m						CF4
PGC 1671914		133.4466	22.5435	3.3052e8	m						CF4
PGC 1677111		209.4144	22.8464	3.3052e8	m						CF4
PGC 1688367		247.1705	23.4945	3.3052e8	m						CF4
PGC 1689532		213.8838	23.5621	3.3052e8	m						CF4
PGC 1689834		233.1294	23.5781	3.3052e8	m						CF4
PGC 1693358		180.4131	23.7685	3.3052e8	m						CF4
PGC 1694065		164.7858	23.8058	3.3052e8	m						CF4
PGC 1697424		129.8932	23.9849	3.3052e8	m						CF4
PGC 1697460		149.0076	23.9862	3.3052e8	m						CF4
PGC 1698125		134.9506	24.0201	3.3052e8	m						CF4
PGC 1698503		125.4708	24.0392	3.3052e8	m						CF4
PGC 1701025		115.1059	24.1586	3.3052e8	m						CF4
PGC 1701072		219.4805	24.1616	3.3052e8	m						CF4
PGC 1711993		127.1058	24.623	3.3052e8	m						CF4
PGC 1724846		145.3725	25.0794	3.3052e8	m						CF4
PGC 1729365		120.546	25.2245	3.3052e8	m						CF4
PGC 1742740		223.994	25.6081	3.3052e8	m						CF4
PGC 1743962		204.6863	25.6398	3.3052e8	m						CF4
PGC 1797898		149.3868	27.1056	3.3052e8	m						CF4
PGC 1828863		230.5298	28.1916	3.3052e8	m						CF4
PGC 1830966		127.0947	28.2675	3.3052e8	m						CF4
PGC 1840697		231.3192	28.6065	3.3052e8	m						CF4
PGC 1857344		180.1203	29.1539	3.3052e8	m						CF4
PGC 1867533		203.9605	29.4772	3.3052e8	m						CF4
PGC 1873811		198.2757	29.6659	3.3052e8	m						CF4
PGC 1875825		144.8934	29.7227	3.3052e8	m						CF4
PGC 1880326		245.2186	29.8457	3.3052e8	m						CF4
PGC 1900472		232.1255	30.3551	3.3052e8	m						CF4
PGC 1913284		230.4196	30.6768	3.3052e8	m						CF4
PGC 1994131		222.8102	32.3782	3.3052e8	m						CF4
PGC 2057215		120.8017	34.957	3.3052e8	m						CF4
PGC 2061985		138.4191	35.272	3.3052e8	m						CF4
PGC 2070458		237.0288	35.8189	3.3052e8	m						CF4
PGC 2073371		203.9193	36.0013	3.3052e8	m						CF4
PGC 2082520		208.1729	36.5434	3.3052e8	m						CF4
PGC 2091785		119.0632	37.039	3.3052e8	m						CF4
PGC 2099568		139.4535	37.388	3.3052e8	m						CF4
PGC 2139334		168.1128	38.9065	3.3052e8	m						CF4
PGC 2171449		119.5555	40.8217	3.3052e8	m						CF4
PGC 2172256		214.7591	40.8751	3.3052e8	m						CF4
PGC 2173895		118.0101	40.9821	3.3052e8	m						CF4
PGC 2177384		175.6168	41.2093	3.3052e8	m						CF4
PGC 2178594		199.3973	41.283	3.3052e8	m						CF4
PGC 2183293		148.6519	41.5769	3.3052e8	m						CF4
PGC 2192151		176.0731	42.0871	3.3052e8	m						CF4
PGC 2196206		241.4871	42.3036	3.3052e8	m						CF4
PGC 2292342		230.0839	47.1002	3.3052e8	m						CF4
PGC 2298178		242.3475	47.4387	3.3052e8	m						CF4
PGC 2387511		131.3538	51.0517	3.3052e8	m						CF4
PGC 2396701		143.6973	51.5973	3.3052e8	m						CF4
PGC 2416682		179.1903	52.507	3.3052e8	m						CF4
PGC 2478725		163.5236	54.7379	3.3052e8	m						CF4
PGC 2513074		166.138	55.7489	3.3052e8	m						CF4
PGC 2550996		170.8356	56.8911	3.3052e8	m						CF4
PGC 2586612		229.7953	59.1113	3.3052e8	m						CF4
PGC 2588355		183.6986	59.2585	3.3052e8	m						CF4
PGC 2603607		146.2876	60.5462	3.3052e8	m						CF4
PGC 2625601		150.205	61.8393	3.3052e8	m						CF4
PGC 2645266		159.8096	62.8792	3.3052e8	m						CF4
PGC 2670055		195.9661	64.6294	3.3052e8	m						CF4
PGC 2680691		212.2099	65.7913	3.3052e8	m						CF4
PGC 2799252		208.1853	4.9278	3.3052e8	m						CF4
PGC 3088695		258.1972	34.0874	3.3052e8	m						CF4
PGC 3090090		185.8826	19.3423	3.3052e8	m						CF4
PGC 3107925		199.6425	-0.9625	3.3052e8	m						CF4
PGC 3108383		154.4016	-0.8652	3.3052e8	m						CF4
PGC 3111176		164.427	-0.3369	3.3052e8	m						CF4
PGC 3123543		231.8537	3.2338	3.3052e8	m						CF4
PGC 3124082		239.7354	3.4123	3.3052e8	m						CF4
PGC 3136188		139.5301	57.9577	3.3052e8	m						CF4
PGC 3136681		227.5463	58.9827	3.3052e8	m						CF4
PGC 3139178		173.8813	64.2994	3.3052e8	m						CF4
PGC 3292839		181.1345	-2.4747	3.3052e8	m						CF4
PGC 3304462		217.8339	-1.7509	3.3052e8	m						CF4
PGC 3347313		166.8978	2.9081	3.3052e8	m						CF4
PGC 3348251		184.2862	3.617	3.3052e8	m						CF4
PGC 3348276		184.209	3.7382	3.3052e8	m						CF4
PGC 3348564		187.5663	3.0044	3.3052e8	m						CF4
PGC 3358086		159.7241	5.313	3.3052e8	m						CF4
PGC 3364076		233.0802	59.0271	3.3052e8	m						CF4
PGC 3378776		119.9423	36.1723	3.3052e8	m						CF4
PGC 3386518		221.7962	57.0503	3.3052e8	m						CF4
PGC 3387256		234.4533	51.5454	3.3052e8	m						CF4
PGC 3393073		178.1331	4.378	3.3052e8	m						CF4
PGC 3412476		255.7896	33.5752	3.3052e8	m						CF4
PGC 3445514		120.4808	26.7854	3.3052e8	m						CF4
PGC 3447603		125.289	37.5467	3.3052e8	m						CF4
PGC 3453869		135.8778	40.1929	3.3052e8	m						CF4
PGC 3460066		145.9143	49.0545	3.3052e8	m						CF4
PGC 3464147		153.8637	41.8161	3.3052e8	m						CF4
PGC 3468179		161.4897	53.8735	3.3052e8	m						CF4
PGC 3473907		175.0936	9.9268	3.3052e8	m						CF4
PGC 3474996		177.0307	56.2373	3.3052e8	m						CF4
PGC 3483909		208.4267	58.6553	3.3052e8	m						CF4
PGC 3486289		215.2866	49.9057	3.3052e8	m						CF4
PGC 3497870		244.4399	39.7899	3.3052e8	m						CF4
PGC 3524275		128.1153	26.6322	3.3052e8	m						CF4
PGC 3526472		133.4724	29.0513	3.3052e8	m						CF4
PGC 3529996		141.7326	10.6087	3.3052e8	m						CF4
PGC 3536899		158.2357	11.4127	3.3052e8	m						CF4
PGC 3541316		167.655	44.0248	3.3052e8	m						CF4
PGC 3552984		196.3661	15.6401	3.3052e8	m						CF4
PGC 3562510		224.0948	34.4048	3.3052e8	m						CF4
PGC 3565028		229.6937	33.2802	3.3052e8	m						CF4
PGC 3569160		239.6055	36.5888	3.3052e8	m						CF4
PGC 3719693		109.9968	39.4671	3.3052e8	m						CF4
PGC 3719908		110.2415	40.5243	3.3052e8	m						CF4
PGC 3732055		129.0988	52.715	3.3052e8	m						CF4
PGC 3744765		144.5547	21.7992	3.3052e8	m						CF4
PGC 3746929		146.7337	23.3341	3.3052e8	m						CF4
PGC 3747426		147.2036	14.0245	3.3052e8	m						CF4
PGC 3750776		151.1534	31.8875	3.3052e8	m						CF4
PGC 3762923		163.9337	25.9744	3.3052e8	m						CF4
PGC 3769380		170.0922	17.5055	3.3052e8	m						CF4
PGC 3772849		173.2635	23.3452	3.3052e8	m						CF4
PGC 3776208		176.2092	21.0455	3.3052e8	m						CF4
PGC 3780066		179.541	33.0433	3.3052e8	m						CF4
PGC 3780632		179.9852	32.8047	3.3052e8	m						CF4
PGC 3785343		183.9661	28.5943	3.3052e8	m						CF4
PGC 3786720		185.0086	15.5987	3.3052e8	m						CF4
PGC 3790513		187.7541	7.0468	3.3052e8	m						CF4
PGC 3814560		207.5649	29.2214	3.3052e8	m						CF4
PGC 3818764		210.9768	15.328	3.3052e8	m						CF4
PGC 3828111		217.8833	24.7084	3.3052e8	m						CF4
PGC 3829250		218.6942	23.7433	3.3052e8	m						CF4
PGC 3839351		225.9912	5.9455	3.3052e8	m						CF4
PGC 3840140		226.8237	7.1804	3.3052e8	m						CF4
PGC 3844937		230.3052	8.1956	3.3052e8	m						CF4
PGC 3845575		230.7328	4.9582	3.3052e8	m						CF4
PGC 3859416		241.5792	29.2604	3.3052e8	m						CF4
PGC 3860285		242.2396	23.8616	3.3052e8	m						CF4
PGC 4123350		248.646	20.8246	3.3052e8	m						CF4
PGC 4402850		212.1101	11.3526	3.3052e8	m						CF4
PGC 4580950		121.811	15.45	3.3052e8	m						CF4
PGC 1338747		205.6864	8.0922	3.3159e8	m						CF4
PGC 9003194		169.0527	2.8081	3.3159e8	m						CF4
PGC 166798		269.0671	69.0498	3.3189e8	m						CF4
PGC 31684		159.8271	0.8398	3.3205e8	m						CF4
PGC 48372		205.0751	56.8041	3.3205e8	m						CF4
PGC 55126		231.8062	28.7659	3.3205e8	m						CF4
PGC 83718		194.6193	28.5268	3.3205e8	m						CF4
PGC 84354		223.4962	18.4764	3.3205e8	m						CF4
PGC 94722		208.2259	5.0951	3.3205e8	m						CF4
PGC 98880		202.5792	-32.0319	3.3205e8	m						CF4
PGC 99773		209.5389	61.7171	3.3205e8	m						CF4
PGC 99913		230.0616	48.0032	3.3205e8	m						CF4
PGC 186700		302.8293	-53.6766	3.3205e8	m						CF4
PGC 1025410		325.7597	-7.0316	3.3205e8	m						CF4
PGC 1108949		192.8578	-1.8281	3.3205e8	m						CF4
PGC 1116917		193.9023	-1.5122	3.3205e8	m						CF4
PGC 1118189		197.2572	-1.4584	3.3205e8	m						CF4
PGC 1132515		163.6796	-0.875	3.3205e8	m						CF4
PGC 1148344		183.46	-0.2399	3.3205e8	m						CF4
PGC 1160519		245.18	0.232	3.3205e8	m						CF4
PGC 1162239		228.4827	0.2982	3.3205e8	m						CF4
PGC 1172544		197.6091	0.6794	3.3205e8	m						CF4
PGC 1185592		149.7072	1.1343	3.3205e8	m						CF4
PGC 1210582		232.3775	1.9279	3.3205e8	m						CF4
PGC 1223469		203.5353	2.3311	3.3205e8	m						CF4
PGC 1226567		125.6456	2.4258	3.3205e8	m						CF4
PGC 1236581		196.0254	2.7568	3.3205e8	m						CF4
PGC 1245278		135.9187	3.1059	3.3205e8	m						CF4
PGC 1250397		194.4469	3.3487	3.3205e8	m						CF4
PGC 1283188		182.712	5.4221	3.3205e8	m						CF4
PGC 1284083		178.1633	5.48	3.3205e8	m						CF4
PGC 1289157		197.0991	5.7875	3.3205e8	m						CF4
PGC 1293751		229.7277	6.0545	3.3205e8	m						CF4
PGC 1305166		189.7823	6.6644	3.3205e8	m						CF4
PGC 1308339		235.8246	6.8302	3.3205e8	m						CF4
PGC 1313583		226.2426	7.0879	3.3205e8	m						CF4
PGC 1353572		224.3747	8.7817	3.3205e8	m						CF4
PGC 1385171		180.7986	10.8341	3.3205e8	m						CF4
PGC 1394784		129.3128	11.5171	3.3205e8	m						CF4
PGC 1398004		179.8164	11.735	3.3205e8	m						CF4
PGC 1469896		242.3032	14.8966	3.3205e8	m						CF4
PGC 1470481		176.7273	14.9186	3.3205e8	m						CF4
PGC 1471782		139.6773	14.9692	3.3205e8	m						CF4
PGC 1476983		122.9694	15.1624	3.3205e8	m						CF4
PGC 1479087		219.9163	15.2345	3.3205e8	m						CF4
PGC 1498086		137.2866	15.9911	3.3205e8	m						CF4
PGC 1502022		172.6267	16.1536	3.3205e8	m						CF4
PGC 1522359		161.1137	17.0098	3.3205e8	m						CF4
PGC 1542659		228.3715	17.8232	3.3205e8	m						CF4
PGC 1546350		234.9693	17.9591	3.3205e8	m						CF4
PGC 1564341		126.2155	18.5989	3.3205e8	m						CF4
PGC 1573501		183.7752	18.8862	3.3205e8	m						CF4
PGC 1579729		184.9853	19.0754	3.3205e8	m						CF4
PGC 1582409		202.6077	19.1558	3.3205e8	m						CF4
PGC 1589402		201.3274	19.3546	3.3205e8	m						CF4
PGC 1602324		229.7374	19.7001	3.3205e8	m						CF4
PGC 1613375		227.8637	20.0125	3.3205e8	m						CF4
PGC 1650424		220.0232	21.4566	3.3205e8	m						CF4
PGC 1709734		152.6696	24.538	3.3205e8	m						CF4
PGC 1711032		231.3786	24.5873	3.3205e8	m						CF4
PGC 1743775		158.8767	25.635	3.3205e8	m						CF4
PGC 1798018		238.2957	27.1088	3.3205e8	m						CF4
PGC 1803304		225.9564	27.2824	3.3205e8	m						CF4
PGC 1832675		126.96	28.3279	3.3205e8	m						CF4
PGC 1846352		231.8886	28.8011	3.3205e8	m						CF4
PGC 1847923		228.7488	28.8506	3.3205e8	m						CF4
PGC 1863228		249.9088	29.3403	3.3205e8	m						CF4
PGC 1894036		246.2429	30.1951	3.3205e8	m						CF4
PGC 1901304		216.8463	30.3765	3.3205e8	m						CF4
PGC 1928558		188.3923	31.0314	3.3205e8	m						CF4
PGC 1931830		231.0668	31.1043	3.3205e8	m						CF4
PGC 1964361		186.4995	31.7864	3.3205e8	m						CF4
PGC 1977434		253.1523	32.0444	3.3205e8	m						CF4
PGC 2038602		159.8761	33.7765	3.3205e8	m						CF4
PGC 2045110		132.0545	34.1778	3.3205e8	m						CF4
PGC 2055279		122.4818	34.8338	3.3205e8	m						CF4
PGC 2060080		239.5581	35.143	3.3205e8	m						CF4
PGC 2074733		202.8631	36.0863	3.3205e8	m						CF4
PGC 2156935		201.3076	39.8678	3.3205e8	m						CF4
PGC 2170822		168.7326	40.7801	3.3205e8	m						CF4
PGC 2204190		157.4336	42.6945	3.3205e8	m						CF4
PGC 2209540		166.3992	42.9452	3.3205e8	m						CF4
PGC 2211076		240.5685	43.0127	3.3205e8	m						CF4
PGC 2214588		153.9838	43.1713	3.3205e8	m						CF4
PGC 2264881		220.146	45.4335	3.3205e8	m						CF4
PGC 2269399		240.0316	45.7165	3.3205e8	m						CF4
PGC 2293854		231.5935	47.1869	3.3205e8	m						CF4
PGC 2304524		200.5074	47.7941	3.3205e8	m						CF4
PGC 2313692		183.4701	48.2599	3.3205e8	m						CF4
PGC 2339165		125.3668	49.3045	3.3205e8	m						CF4
PGC 2347365		217.583	49.5872	3.3205e8	m						CF4
PGC 2384626		154.3541	50.9042	3.3205e8	m						CF4
PGC 2415815		229.6383	52.4719	3.3205e8	m						CF4
PGC 2424164		242.6625	52.8064	3.3205e8	m						CF4
PGC 2424194		158.5123	52.8074	3.3205e8	m						CF4
PGC 2430367		246.0265	53.0448	3.3205e8	m						CF4
PGC 2438455		222.9672	53.3471	3.3205e8	m						CF4
PGC 2483573		191.6981	54.8876	3.3205e8	m						CF4
PGC 2607950		145.8416	60.8572	3.3205e8	m						CF4
PGC 2619553		186.4335	61.5202	3.3205e8	m						CF4
PGC 2684430		212.6658	66.1769	3.3205e8	m						CF4
PGC 2815876		145.6007	52.4956	3.3205e8	m						CF4
PGC 3087036		197.6823	55.5412	3.3205e8	m						CF4
PGC 3088511		129.5676	35.0897	3.3205e8	m						CF4
PGC 3089172		250.2938	29.0508	3.3205e8	m						CF4
PGC 3090985		168.053	12.6893	3.3205e8	m						CF4
PGC 3091978		135.4229	4.9573	3.3205e8	m						CF4
PGC 3107204		169.619	-1.1366	3.3205e8	m						CF4
PGC 3120246		227.6506	2.0165	3.3205e8	m						CF4
PGC 3120388		135.3836	2.0621	3.3205e8	m						CF4
PGC 3129708		114.9288	40.1653	3.3205e8	m						CF4
PGC 3344102		142.9494	-0.6851	3.3205e8	m						CF4
PGC 3348313		184.4615	3.5771	3.3205e8	m						CF4
PGC 3355946		145.4184	4.1819	3.3205e8	m						CF4
PGC 3358102		159.7532	5.1831	3.3205e8	m						CF4
PGC 3382253		152.2767	61.7449	3.3205e8	m						CF4
PGC 3384789		195.1061	62.3224	3.3205e8	m						CF4
PGC 3389372		121.7977	33.0652	3.3205e8	m						CF4
PGC 3393143		177.4642	5.6536	3.3205e8	m						CF4
PGC 3393214		178.2936	5.1604	3.3205e8	m						CF4
PGC 3395404		187.6646	5.5454	3.3205e8	m						CF4
PGC 3411426		181.6707	49.4521	3.3205e8	m						CF4
PGC 3416798		231.1158	45.9767	3.3205e8	m						CF4
PGC 3442063		135.6486	20.7414	3.3205e8	m						CF4
PGC 3452655		133.9365	36.5805	3.3205e8	m						CF4
PGC 3461479		148.2603	6.644	3.3205e8	m						CF4
PGC 3463454		152.2449	42.8322	3.3205e8	m						CF4
PGC 3467211		159.0432	9.7067	3.3205e8	m						CF4
PGC 3475097		177.1921	10.2055	3.3205e8	m						CF4
PGC 3475225		177.4711	56.1833	3.3205e8	m						CF4
PGC 3478951		189.0053	9.2935	3.3205e8	m						CF4
PGC 3481111		197.7364	54.4495	3.3205e8	m						CF4
PGC 3491708		229.0409	41.531	3.3205e8	m						CF4
PGC 3494940		239.3181	27.678	3.3205e8	m						CF4
PGC 3496595		241.9332	41.8063	3.3205e8	m						CF4
PGC 3502521		254.0762	32.9128	3.3205e8	m						CF4
PGC 3516371		184.73	5.249	3.3205e8	m						CF4
PGC 3533012		150.3935	11.323	3.3205e8	m						CF4
PGC 3547421		180.4134	43.3467	3.3205e8	m						CF4
PGC 3568511		238.1349	8.2857	3.3205e8	m						CF4
PGC 3570187		243.3817	31.5032	3.3205e8	m						CF4
PGC 3572702		252.8592	22.3248	3.3205e8	m						CF4
PGC 3733338		130.9135	24.2175	3.3205e8	m						CF4
PGC 3760253		161.5265	16.7262	3.3205e8	m						CF4
PGC 3760510		161.8035	16.4456	3.3205e8	m						CF4
PGC 3784772		183.5024	22.4872	3.3205e8	m						CF4
PGC 3789589		187.043	33.7356	3.3205e8	m						CF4
PGC 3793945		190.2775	18.3384	3.3205e8	m						CF4
PGC 3795343		191.2548	16.21	3.3205e8	m						CF4
PGC 3798055		193.488	18.9093	3.3205e8	m						CF4
PGC 3798322		193.6965	5.784	3.3205e8	m						CF4
PGC 3799766		194.7544	15.4274	3.3205e8	m						CF4
PGC 3799854		194.807	29.98	3.3205e8	m						CF4
PGC 3805832		199.6865	16.6813	3.3205e8	m						CF4
PGC 3808122		201.7524	23.0375	3.3205e8	m						CF4
PGC 3808634		202.2188	23.2306	3.3205e8	m						CF4
PGC 3810401		203.8506	50.3708	3.3205e8	m						CF4
PGC 3842136		228.2439	22.0033	3.3205e8	m						CF4
PGC 3844580		230.0572	2.9925	3.3205e8	m						CF4
PGC 3846378		231.3113	11.1196	3.3205e8	m						CF4
PGC 3850078		234.2643	20.725	3.3205e8	m						CF4
PGC 3860377		242.3025	9.374	3.3205e8	m						CF4
PGC 3866123		246.9358	30.5262	3.3205e8	m						CF4
PGC 3878913		257.6071	41.0858	3.3205e8	m						CF4
PGC 4078273		286.5219	-25.2868	3.3205e8	m						CF4
PGC 4292998		175.9131	7.4328	3.3205e8	m						CF4
PGC 4333807		189.0716	16.2393	3.3205e8	m						CF4
PGC 4353575		196.087	8.5424	3.3205e8	m						CF4
PGC 4473064		235.0343	9.2396	3.3205e8	m						CF4
PGC 29968		154.0008	6.2514	3.3358e8	m						CF4
PGC 33110		164.9418	53.8036	3.3358e8	m						CF4
PGC 48474		205.4155	12.6499	3.3358e8	m						CF4
PGC 58064		246.2122	17.7371	3.3358e8	m						CF4
PGC 84181		216.6399	16.7597	3.3358e8	m						CF4
PGC 118202		205.1185	-3.0994	3.3358e8	m						CF4
PGC 118947		210.0251	-3.446	3.3358e8	m						CF4
PGC 1095434		227.1322	-2.3172	3.3358e8	m						CF4
PGC 1104008		176.4108	-2.011	3.3358e8	m						CF4
PGC 1119972		225.6024	-1.3822	3.3358e8	m						CF4
PGC 1122344		226.6765	-1.2858	3.3358e8	m						CF4
PGC 1130547		176.1706	-0.9535	3.3358e8	m						CF4
PGC 1139466		149.0197	-0.5965	3.3358e8	m						CF4
PGC 1143623		234.7461	-0.4249	3.3358e8	m						CF4
PGC 1144596		169.8203	-0.3873	3.3358e8	m						CF4
PGC 1178346		197.6792	0.8921	3.3358e8	m						CF4
PGC 1186093		220.7319	1.1511	3.3358e8	m						CF4
PGC 1193105		131.8398	1.3799	3.3358e8	m						CF4
PGC 1200732		177.6599	1.6257	3.3358e8	m						CF4
PGC 1206341		233.1648	1.8039	3.3358e8	m						CF4
PGC 1216552		130.6704	2.1196	3.3358e8	m						CF4
PGC 1217640		206.1299	2.1521	3.3358e8	m						CF4
PGC 1241150		184.9745	2.9308	3.3358e8	m						CF4
PGC 1244020		226.5285	3.0515	3.3358e8	m						CF4
PGC 1279367		227.6622	5.1826	3.3358e8	m						CF4
PGC 1294215		177.9357	6.08	3.3358e8	m						CF4
PGC 1299408		148.3749	6.3694	3.3358e8	m						CF4
PGC 1334857		147.7448	7.9386	3.3358e8	m						CF4
PGC 1370169		195.9363	9.794	3.3358e8	m						CF4
PGC 1378432		191.5062	10.363	3.3358e8	m						CF4
PGC 1402869		143.7871	12.0457	3.3358e8	m						CF4
PGC 1406718		143.2611	12.2795	3.3358e8	m						CF4
PGC 1415971		141.2137	12.7748	3.3358e8	m						CF4
PGC 1428094		227.8693	13.3199	3.3358e8	m						CF4
PGC 1442692		154.1217	13.8663	3.3358e8	m						CF4
PGC 1457894		174.1313	14.43	3.3358e8	m						CF4
PGC 1462362		173.2455	14.6068	3.3358e8	m						CF4
PGC 1469906		172.4496	14.8971	3.3358e8	m						CF4
PGC 1475269		179.5336	15.1009	3.3358e8	m						CF4
PGC 1485877		208.631	15.4836	3.3358e8	m						CF4
PGC 1489468		153.2688	15.629	3.3358e8	m						CF4
PGC 1516606		160.3467	16.771	3.3358e8	m						CF4
PGC 1528259		219.3189	17.2499	3.3358e8	m						CF4
PGC 1543176		235.1274	17.8401	3.3358e8	m						CF4
PGC 1544560		123.4666	17.8914	3.3358e8	m						CF4
PGC 1546787		234.9958	17.9759	3.3358e8	m						CF4
PGC 1583478		222.2692	19.187	3.3358e8	m						CF4
PGC 1590627		146.853	19.3908	3.3358e8	m						CF4
PGC 1616320		220.3822	20.099	3.3358e8	m						CF4
PGC 1626982		187.1786	20.4267	3.3358e8	m						CF4
PGC 1638501		151.8055	20.9074	3.3358e8	m						CF4
PGC 1655296		219.304	21.6971	3.3358e8	m						CF4
PGC 1658777		233.2095	21.8614	3.3358e8	m						CF4
PGC 1670585		190.0585	22.475	3.3358e8	m						CF4
PGC 1695967		218.8401	23.9105	3.3358e8	m						CF4
PGC 1696250		230.3453	23.925	3.3358e8	m						CF4
PGC 1699102		137.2201	24.0697	3.3358e8	m						CF4
PGC 1706510		127.1291	24.4026	3.3358e8	m						CF4
PGC 1725121		159.861	25.0884	3.3358e8	m						CF4
PGC 1831066		206.4867	28.2716	3.3358e8	m						CF4
PGC 1833398		231.3098	28.3539	3.3358e8	m						CF4
PGC 1840255		187.7176	28.5902	3.3358e8	m						CF4
PGC 1843374		198.576	28.7005	3.3358e8	m						CF4
PGC 1889279		114.1037	30.0756	3.3358e8	m						CF4
PGC 1922070		176.1072	30.8821	3.3358e8	m						CF4
PGC 1927699		251.6659	31.0125	3.3358e8	m						CF4
PGC 1984518		134.7351	32.1838	3.3358e8	m						CF4
PGC 2028025		234.5271	33.2687	3.3358e8	m						CF4
PGC 2037780		174.58	33.7304	3.3358e8	m						CF4
PGC 2038344		168.1401	33.7617	3.3358e8	m						CF4
PGC 2048006		169.5432	34.3627	3.3358e8	m						CF4
PGC 2054162		134.7613	34.7627	3.3358e8	m						CF4
PGC 2075891		168.3126	36.1561	3.3358e8	m						CF4
PGC 2088951		243.1983	36.8971	3.3358e8	m						CF4
PGC 2099208		119.0019	37.3734	3.3358e8	m						CF4
PGC 2155270		238.5607	39.7645	3.3358e8	m						CF4
PGC 2161815		196.2994	40.1756	3.3358e8	m						CF4
PGC 2173027		201.6886	40.9262	3.3358e8	m						CF4
PGC 2203270		197.3524	42.6498	3.3358e8	m						CF4
PGC 2206200		155.5311	42.7888	3.3358e8	m						CF4
PGC 2321790		215.6011	48.6236	3.3358e8	m						CF4
PGC 2363960		120.7483	50.1384	3.3358e8	m						CF4
PGC 2364415		203.7903	50.1519	3.3358e8	m						CF4
PGC 2460828		223.285	54.1362	3.3358e8	m						CF4
PGC 2475914		213.0111	54.6506	3.3358e8	m						CF4
PGC 2481516		208.5108	54.8248	3.3358e8	m						CF4
PGC 2483168		179.6585	54.8752	3.3358e8	m						CF4
PGC 2488733		192.0388	55.045	3.3358e8	m						CF4
PGC 2488775		178.9462	55.0465	3.3358e8	m						CF4
PGC 2509572		174.6333	55.6489	3.3358e8	m						CF4
PGC 2513719		181.4874	55.7681	3.3358e8	m						CF4
PGC 2572794		183.1764	57.9482	3.3358e8	m						CF4
PGC 2800999		244.7937	14.0741	3.3358e8	m						CF4
PGC 3092168		160.9327	4.2259	3.3358e8	m						CF4
PGC 3114927		190.6001	0.4283	3.3358e8	m						CF4
PGC 3115602		148.9515	0.5569	3.3358e8	m						CF4
PGC 3117715		218.0999	1.0078	3.3358e8	m						CF4
PGC 3121697		152.5669	2.5981	3.3358e8	m						CF4
PGC 3130329		116.7212	42.7467	3.3358e8	m						CF4
PGC 3132422		130.4865	50.8895	3.3358e8	m						CF4
PGC 3132635		135.2078	51.2995	3.3358e8	m						CF4
PGC 3133511		126.2603	52.6446	3.3358e8	m						CF4
PGC 3134774		133.11	54.8925	3.3358e8	m						CF4
PGC 3301264		205.4934	-1.3883	3.3358e8	m						CF4
PGC 3357124		156.8124	3.621	3.3358e8	m						CF4
PGC 3385517		207.736	60.6302	3.3358e8	m						CF4
PGC 3385755		210.743	59.8419	3.3358e8	m						CF4
PGC 3393063		178.493	4.8594	3.3358e8	m						CF4
PGC 3395372		192.6932	5.4304	3.3358e8	m						CF4
PGC 3406781		229.6349	-1.8843	3.3358e8	m						CF4
PGC 3417184		235.6061	41.2852	3.3358e8	m						CF4
PGC 3442670		126.8605	8.6193	3.3358e8	m						CF4
PGC 3448186		126.348	30.4361	3.3358e8	m						CF4
PGC 3455743		138.7029	7.4193	3.3358e8	m						CF4
PGC 3455846		138.84	41.0059	3.3358e8	m						CF4
PGC 3476116		180.3127	56.3084	3.3358e8	m						CF4
PGC 3484603		210.5688	41.7741	3.3358e8	m						CF4
PGC 3492166		230.7531	48.4626	3.3358e8	m						CF4
PGC 3495096		239.5426	27.3176	3.3358e8	m						CF4
PGC 3495842		240.741	40.0711	3.3358e8	m						CF4
PGC 3516588		217.9547	25.8226	3.3358e8	m						CF4
PGC 3529951		141.5704	9.2366	3.3358e8	m						CF4
PGC 3534060		153.3815	10.7394	3.3358e8	m						CF4
PGC 3537359		158.9014	40.7894	3.3358e8	m						CF4
PGC 3541072		167.1584	41.4719	3.3358e8	m						CF4
PGC 3544480		174.0425	44.9484	3.3358e8	m						CF4
PGC 3551269		190.2575	12.3412	3.3358e8	m						CF4
PGC 3556692		206.1	11.5834	3.3358e8	m						CF4
PGC 3567904		237.1994	8.7757	3.3358e8	m						CF4
PGC 3722898		114.2776	46.3626	3.3358e8	m						CF4
PGC 3723392		115.1071	48.8712	3.3358e8	m						CF4
PGC 3727938		123.3966	56.2394	3.3358e8	m						CF4
PGC 3730464		126.8142	15.9874	3.3358e8	m						CF4
PGC 3738596		137.3919	20.8186	3.3358e8	m						CF4
PGC 3739459		138.3981	19.5133	3.3358e8	m						CF4
PGC 3744420		144.2123	13.2654	3.3358e8	m						CF4
PGC 3753188		153.9231	15.9853	3.3358e8	m						CF4
PGC 3756083		157.0749	29.4794	3.3358e8	m						CF4
PGC 3759154		160.4375	16.8168	3.3358e8	m						CF4
PGC 3763631		164.5596	19.8546	3.3358e8	m						CF4
PGC 3769065		169.7867	8.2288	3.3358e8	m						CF4
PGC 3769616		170.3588	6.4532	3.3358e8	m						CF4
PGC 3776914		176.8304	17.1907	3.3358e8	m						CF4
PGC 3781945		181.1562	21.967	3.3358e8	m						CF4
PGC 3787449		185.5114	27.1817	3.3358e8	m						CF4
PGC 3793370		189.8698	16.4916	3.3358e8	m						CF4
PGC 3812062		205.3808	10.3003	3.3358e8	m						CF4
PGC 3822155		213.3436	8.6378	3.3358e8	m						CF4
PGC 3823456		214.3235	6.5605	3.3358e8	m						CF4
PGC 3823998		214.7225	21.5993	3.3358e8	m						CF4
PGC 3835390		222.9991	46.751	3.3358e8	m						CF4
PGC 3842058		228.1773	15.6658	3.3358e8	m						CF4
PGC 3845507		230.6787	7.0468	3.3358e8	m						CF4
PGC 3847659		232.3536	8.1755	3.3358e8	m						CF4
PGC 3859149		241.3895	16.4049	3.3358e8	m						CF4
PGC 3859240		241.4481	10.3368	3.3358e8	m						CF4
PGC 3863121		244.4497	10.8283	3.3358e8	m						CF4
PGC 3871661		251.1381	35.456	3.3358e8	m						CF4
PGC 3879564		258.1527	35.3399	3.3358e8	m						CF4
PGC 4090954		148.906	33.3045	3.3358e8	m						CF4
PGC 4459252		230.1486	27.926	3.3358e8	m						CF4
PGC 30709		156.739	47.5244	3.3512e8	m						CF4
PGC 35329		172.1612	57.6651	3.3512e8	m						CF4
PGC 36993		177.5221	56.4811	3.3512e8	m						CF4
PGC 44530		194.7407	31.2569	3.3512e8	m						CF4
PGC 45418		196.7699	-0.0391	3.3512e8	m						CF4
PGC 46197		199.0839	0.8633	3.3512e8	m						CF4
PGC 46698		200.5989	-1.8133	3.3512e8	m						CF4
PGC 65667		313.4399	-52.2379	3.3512e8	m						CF4
PGC 93785		211.9244	28.0314	3.3512e8	m						CF4
PGC 94678		207.0616	26.9169	3.3512e8	m						CF4
PGC 99910		229.8168	40.5413	3.3512e8	m						CF4
PGC 116460		186.8761	-3.4445	3.3512e8	m						CF4
PGC 184648		217.4877	-0.7474	3.3512e8	m						CF4
PGC 656891		85.5382	-34.8359	3.3512e8	m						CF4
PGC 1072598		195.3453	-3.3436	3.3512e8	m						CF4
PGC 1112756		202.9622	-1.6871	3.3512e8	m						CF4
PGC 1139331		154.3344	-0.6007	3.3512e8	m						CF4
PGC 1162766		206.9611	0.3171	3.3512e8	m						CF4
PGC 1178092		182.4597	0.8831	3.3512e8	m						CF4
PGC 1217237		214.4522	2.1411	3.3512e8	m						CF4
PGC 1218746		131.1893	2.1855	3.3512e8	m						CF4
PGC 1267948		183.6894	4.4176	3.3512e8	m						CF4
PGC 1277176		226.4694	5.038	3.3512e8	m						CF4
PGC 1289072		147.9603	5.7821	3.3512e8	m						CF4
PGC 1301491		188.0794	6.48	3.3512e8	m						CF4
PGC 1308662		232.7136	6.8461	3.3512e8	m						CF4
PGC 1312994		226.8336	7.0615	3.3512e8	m						CF4
PGC 1337425		145.8452	8.0397	3.3512e8	m						CF4
PGC 1340195		214.7469	8.1505	3.3512e8	m						CF4
PGC 1342814		224.0285	8.2529	3.3512e8	m						CF4
PGC 1399775		228.2312	11.8524	3.3512e8	m						CF4
PGC 1418643		192.4767	12.9104	3.3512e8	m						CF4
PGC 1436473		198.9144	13.6426	3.3512e8	m						CF4
PGC 1463688		245.2092	14.6568	3.3512e8	m						CF4
PGC 1484389		179.6009	15.4289	3.3512e8	m						CF4
PGC 1490645		133.5711	15.6769	3.3512e8	m						CF4
PGC 1507772		243.8409	16.3942	3.3512e8	m						CF4
PGC 1518043		201.7054	16.83	3.3512e8	m						CF4
PGC 1523133		204.3008	17.0395	3.3512e8	m						CF4
PGC 1540381		130.8749	17.7397	3.3512e8	m						CF4
PGC 1541926		183.5436	17.796	3.3512e8	m						CF4
PGC 1581086		215.2548	19.1176	3.3512e8	m						CF4
PGC 1594693		135.0545	19.5015	3.3512e8	m						CF4
PGC 1598942		231.4839	19.6112	3.3512e8	m						CF4
PGC 1609549		248.223	19.9025	3.3512e8	m						CF4
PGC 1645909		179.1762	21.2431	3.3512e8	m						CF4
PGC 1653346		134.3165	21.5981	3.3512e8	m						CF4
PGC 1675464		249.5806	22.7486	3.3512e8	m						CF4
PGC 1708333		166.6629	24.4829	3.3512e8	m						CF4
PGC 1719879		211.095	24.911	3.3512e8	m						CF4
PGC 1723255		123.1245	25.0272	3.3512e8	m						CF4
PGC 1732518		245.1408	25.3214	3.3512e8	m						CF4
PGC 1775950		207.8996	26.4301	3.3512e8	m						CF4
PGC 1777077		129.1432	26.4607	3.3512e8	m						CF4
PGC 1783157		127.3842	26.6317	3.3512e8	m						CF4
PGC 1799928		130.6738	27.1731	3.3512e8	m						CF4
PGC 1810857		241.8692	27.5307	3.3512e8	m						CF4
PGC 1814436		114.0036	27.6572	3.3512e8	m						CF4
PGC 1815475		230.4936	27.6954	3.3512e8	m						CF4
PGC 1869659		120.3792	29.5429	3.3512e8	m						CF4
PGC 1871726		168.0225	29.6049	3.3512e8	m						CF4
PGC 1903698		207.4848	30.4354	3.3512e8	m						CF4
PGC 1912635		227.5796	30.6604	3.3512e8	m						CF4
PGC 1916442		179.6084	30.7517	3.3512e8	m						CF4
PGC 1929352		134.7409	31.0486	3.3512e8	m						CF4
PGC 1974935		169.5039	31.9963	3.3512e8	m						CF4
PGC 2027455		184.5442	33.2472	3.3512e8	m						CF4
PGC 2045622		257.9273	34.2123	3.3512e8	m						CF4
PGC 2052513		229.774	34.6546	3.3512e8	m						CF4
PGC 2064405		233.7782	35.4308	3.3512e8	m						CF4
PGC 2086271		236.1719	36.7517	3.3512e8	m						CF4
PGC 2110165		241.2402	37.8122	3.3512e8	m						CF4
PGC 2128206		229.0525	38.4787	3.3512e8	m						CF4
PGC 2139306		185.4012	38.905	3.3512e8	m						CF4
PGC 2147042		197.8242	39.2885	3.3512e8	m						CF4
PGC 2156643		143.3502	39.8496	3.3512e8	m						CF4
PGC 2161031		157.9046	40.1277	3.3512e8	m						CF4
PGC 2165185		186.3136	40.3965	3.3512e8	m						CF4
PGC 2174171		167.3597	41.0012	3.3512e8	m						CF4
PGC 2185340		110.2133	41.6973	3.3512e8	m						CF4
PGC 2197053		148.6832	42.3463	3.3512e8	m						CF4
PGC 2212877		127.8518	43.0943	3.3512e8	m						CF4
PGC 2216267		130.9266	43.2453	3.3512e8	m						CF4
PGC 2247614		184.1622	44.5891	3.3512e8	m						CF4
PGC 2256794		193.2897	44.9995	3.3512e8	m						CF4
PGC 2261232		205.8077	45.2241	3.3512e8	m						CF4
PGC 2263858		204.03	45.3716	3.3512e8	m						CF4
PGC 2285711		119.2596	46.7022	3.3512e8	m						CF4
PGC 2296690		213.3999	47.3523	3.3512e8	m						CF4
PGC 2319994		220.9356	48.5499	3.3512e8	m						CF4
PGC 2384071		121.4619	50.8783	3.3512e8	m						CF4
PGC 2409819		178.2276	52.2299	3.3512e8	m						CF4
PGC 2417928		160.7884	52.5567	3.3512e8	m						CF4
PGC 2441867		240.8016	53.4662	3.3512e8	m						CF4
PGC 2461020		153.1602	54.1426	3.3512e8	m						CF4
PGC 2491761		196.1843	55.1364	3.3512e8	m						CF4
PGC 2498557		179.7961	55.3379	3.3512e8	m						CF4
PGC 2577230		160.0584	58.3161	3.3512e8	m						CF4
PGC 2633081		223.0192	62.2352	3.3512e8	m						CF4
PGC 2655009		222.5269	63.3993	3.3512e8	m						CF4
PGC 2687825		186.2492	66.4964	3.3512e8	m						CF4
PGC 3087096		197.9928	54.1701	3.3512e8	m						CF4
PGC 3088221		209.1268	38.366	3.3512e8	m						CF4
PGC 3088687		251.8154	33.9324	3.3512e8	m						CF4
PGC 3090528		196.9959	15.9751	3.3512e8	m						CF4
PGC 3108379		154.8254	-0.8657	3.3512e8	m						CF4
PGC 3108896		232.4433	-0.7707	3.3512e8	m						CF4
PGC 3125372		219.9772	4.1047	3.3512e8	m						CF4
PGC 3126086		223.9404	4.7846	3.3512e8	m						CF4
PGC 3129820		254.4758	40.5248	3.3512e8	m						CF4
PGC 3137270		147.0191	60.3594	3.3512e8	m						CF4
PGC 3397371		209.2408	5.6439	3.3512e8	m						CF4
PGC 3397660		117.0845	25.7096	3.3512e8	m						CF4
PGC 3398158		120.3255	28.6991	3.3512e8	m						CF4
PGC 3398604		124.7501	33.3052	3.3512e8	m						CF4
PGC 3401506		178.3599	53.0446	3.3512e8	m						CF4
PGC 3449454		128.2923	4.2015	3.3512e8	m						CF4
PGC 3458710		143.4513	6.3467	3.3512e8	m						CF4
PGC 3475169		177.3349	9.8973	3.3512e8	m						CF4
PGC 3478099		186.9102	8.8213	3.3512e8	m						CF4
PGC 3481643		200.0288	54.0936	3.3512e8	m						CF4
PGC 3482249		202.6402	55.2059	3.3512e8	m						CF4
PGC 3482323		202.9178	57.093	3.3512e8	m						CF4
PGC 3483430		206.9017	55.2182	3.3512e8	m						CF4
PGC 3484648		210.6865	55.2259	3.3512e8	m						CF4
PGC 3487562		218.449	56.6081	3.3512e8	m						CF4
PGC 3499143		246.7278	37.6403	3.3512e8	m						CF4
PGC 3535606		156.3868	10.822	3.3512e8	m						CF4
PGC 3535887		156.8178	40.8166	3.3512e8	m						CF4
PGC 3537602		159.2736	39.6131	3.3512e8	m						CF4
PGC 3555560		201.1152	43.2412	3.3512e8	m						CF4
PGC 3556733		206.2501	11.5992	3.3512e8	m						CF4
PGC 3567585		236.6782	29.5383	3.3512e8	m						CF4
PGC 3729049		124.8239	55.6307	3.3512e8	m						CF4
PGC 3737077		135.6615	15.0866	3.3512e8	m						CF4
PGC 3762519		163.5776	16.7659	3.3512e8	m						CF4
PGC 3762538		163.594	19.656	3.3512e8	m						CF4
PGC 3789189		186.7488	5.7391	3.3512e8	m						CF4
PGC 3791458		188.5083	16.3456	3.3512e8	m						CF4
PGC 3793859		190.2197	22.6214	3.3512e8	m						CF4
PGC 3794057		190.353	18.6417	3.3512e8	m						CF4
PGC 3806242		200.0363	17.2305	3.3512e8	m						CF4
PGC 3807588		201.2389	17.8774	3.3512e8	m						CF4
PGC 3808953		202.4755	10.2445	3.3512e8	m						CF4
PGC 3809103		202.6149	30.1373	3.3512e8	m						CF4
PGC 3813413		206.6316	49.4863	3.3512e8	m						CF4
PGC 3814263		207.3441	28.048	3.3512e8	m						CF4
PGC 3818637		210.8847	15.7732	3.3512e8	m						CF4
PGC 3819753		211.7034	18.7033	3.3512e8	m						CF4
PGC 3827378		217.3413	33.7507	3.3512e8	m						CF4
PGC 3831557		220.2293	9.1298	3.3512e8	m						CF4
PGC 3833080		221.331	47.0867	3.3512e8	m						CF4
PGC 3836365		223.682	12.8315	3.3512e8	m						CF4
PGC 3845088		230.3981	37.4034	3.3512e8	m						CF4
PGC 3847982		232.5951	10.6153	3.3512e8	m						CF4
PGC 3854549		237.5958	26.7758	3.3512e8	m						CF4
PGC 3858969		241.2558	28.3429	3.3512e8	m						CF4
PGC 3859155		241.3931	5.7029	3.3512e8	m						CF4
PGC 3859401		241.5737	28.9732	3.3512e8	m						CF4
PGC 3863443		244.6839	24.3321	3.3512e8	m						CF4
PGC 3880083		258.5864	38.6985	3.3512e8	m						CF4
PGC 3882605		260.5468	33.179	3.3512e8	m						CF4
PGC 4081968		117.2161	17.7627	3.3512e8	m						CF4
PGC 4449925		227.2767	5.1278	3.3512e8	m						CF4
PGC 9003264		259.9577	28.7005	3.362e8	m						CF4
PGC 22120		118.4951	28.0503	3.3667e8	m						CF4
PGC 25586		136.7554	16.7337	3.3667e8	m						CF4
PGC 50834		213.4674	63.5578	3.3667e8	m						CF4
PGC 54766		230.2597	30.5728	3.3667e8	m						CF4
PGC 64271		303.1103	-65.4158	3.3667e8	m						CF4
PGC 98970		202.6981	-32.0433	3.3667e8	m						CF4
PGC 117857		201.369	-3.1982	3.3667e8	m						CF4
PGC 139646		175.1655	10.0561	3.3667e8	m						CF4
PGC 140152		198.4472	22.7855	3.3667e8	m						CF4
PGC 1100315		195.1474	-2.1519	3.3667e8	m						CF4
PGC 1111474		183.1555	-1.7358	3.3667e8	m						CF4
PGC 1146395		152.3347	-0.315	3.3667e8	m						CF4
PGC 1156400		200.8834	0.0718	3.3667e8	m						CF4
PGC 1156530		170.9592	0.0786	3.3667e8	m						CF4
PGC 1170484		151.9879	0.607	3.3667e8	m						CF4
PGC 1176243		150.3465	0.8166	3.3667e8	m						CF4
PGC 1182747		143.2518	1.0418	3.3667e8	m						CF4
PGC 1188654		196.0557	1.2357	3.3667e8	m						CF4
PGC 1199513		188.8261	1.5889	3.3667e8	m						CF4
PGC 1224623		161.1292	2.3663	3.3667e8	m						CF4
PGC 1234807		140.4849	2.6923	3.3667e8	m						CF4
PGC 1235314		236.9958	2.7093	3.3667e8	m						CF4
PGC 1260372		200.7573	3.8995	3.3667e8	m						CF4
PGC 1265875		160.9815	4.2664	3.3667e8	m						CF4
PGC 1279455		182.6309	5.1891	3.3667e8	m						CF4
PGC 1293572		122.671	6.0439	3.3667e8	m						CF4
PGC 1303953		227.6319	6.6038	3.3667e8	m						CF4
PGC 1316775		208.9806	7.2291	3.3667e8	m						CF4
PGC 1352590		176.1378	8.7279	3.3667e8	m						CF4
PGC 1355016		212.7009	8.8602	3.3667e8	m						CF4
PGC 1359952		198.2392	9.1195	3.3667e8	m						CF4
PGC 1361355		153.2335	9.2012	3.3667e8	m						CF4
PGC 1388753		149.8515	11.0962	3.3667e8	m						CF4
PGC 1390090		177.3018	11.1929	3.3667e8	m						CF4
PGC 1390967		342.7874	11.256	3.3667e8	m						CF4
PGC 1397939		204.2738	11.7298	3.3667e8	m						CF4
PGC 1400549		205.3139	11.8997	3.3667e8	m						CF4
PGC 1405635		183.9357	12.2139	3.3667e8	m						CF4
PGC 1427848		174.0968	13.311	3.3667e8	m						CF4
PGC 1434998		168.2141	13.5884	3.3667e8	m						CF4
PGC 1447576		173.2957	14.0397	3.3667e8	m						CF4
PGC 1466318		121.0557	14.754	3.3667e8	m						CF4
PGC 1481191		205.0145	15.3102	3.3667e8	m						CF4
PGC 1490328		121.5963	15.6637	3.3667e8	m						CF4
PGC 1492102		177.1155	15.7358	3.3667e8	m						CF4
PGC 1511567		115.1664	16.5555	3.3667e8	m						CF4
PGC 1514741		197.1687	16.693	3.3667e8	m						CF4
PGC 1526354		170.5854	17.1712	3.3667e8	m						CF4
PGC 1533495		212.2574	17.4674	3.3667e8	m						CF4
PGC 1536031		120.8976	17.5734	3.3667e8	m						CF4
PGC 1542084		231.666	17.8021	3.3667e8	m						CF4
PGC 1558595		137.8368	18.403	3.3667e8	m						CF4
PGC 1559463		153.3191	18.4327	3.3667e8	m						CF4
PGC 1588290		234.8623	19.3234	3.3667e8	m						CF4
PGC 1612064		159.3367	19.9763	3.3667e8	m						CF4
PGC 1616540		124.7288	20.1059	3.3667e8	m						CF4
PGC 1632785		147.0179	20.6494	3.3667e8	m						CF4
PGC 1638071		227.5101	20.8877	3.3667e8	m						CF4
PGC 1650419		195.7572	21.4568	3.3667e8	m						CF4
PGC 1656776		133.8316	21.7647	3.3667e8	m						CF4
PGC 1674715		181.5162	22.7065	3.3667e8	m						CF4
PGC 1697316		221.2129	23.9797	3.3667e8	m						CF4
PGC 1699702		115.482	24.0972	3.3667e8	m						CF4
PGC 1714136		225.9841	24.7042	3.3667e8	m						CF4
PGC 1722560		123.0836	25.0037	3.3667e8	m						CF4
PGC 1726037		223.6861	25.1195	3.3667e8	m						CF4
PGC 1761043		245.6571	26.06	3.3667e8	m						CF4
PGC 1771454		214.3305	26.315	3.3667e8	m						CF4
PGC 1787106		237.6555	26.7467	3.3667e8	m						CF4
PGC 1801572		254.623	27.2276	3.3667e8	m						CF4
PGC 1811178		207.6632	27.542	3.3667e8	m						CF4
PGC 1815634		239.3301	27.7009	3.3667e8	m						CF4
PGC 1875514		219.8904	29.7137	3.3667e8	m						CF4
PGC 1916601		246.1551	30.7554	3.3667e8	m						CF4
PGC 1929271		199.757	31.0472	3.3667e8	m						CF4
PGC 1952699		256.6815	31.5528	3.3667e8	m						CF4
PGC 1965051		239.4417	31.7995	3.3667e8	m						CF4
PGC 1965437		135.1953	31.8063	3.3667e8	m						CF4
PGC 2020446		240.3111	33.0084	3.3667e8	m						CF4
PGC 2024909		148.6557	33.1545	3.3667e8	m						CF4
PGC 2073550		204.212	36.0112	3.3667e8	m						CF4
PGC 2079508		187.2372	36.3713	3.3667e8	m						CF4
PGC 2082403		239.0889	36.5372	3.3667e8	m						CF4
PGC 2091455		236.4696	37.0234	3.3667e8	m						CF4
PGC 2124168		112.0488	38.3351	3.3667e8	m						CF4
PGC 2128365		230.02	38.4848	3.3667e8	m						CF4
PGC 2132541		199.6619	38.638	3.3667e8	m						CF4
PGC 2133732		238.5619	38.6825	3.3667e8	m						CF4
PGC 2156860		239.0088	39.8631	3.3667e8	m						CF4
PGC 2173630		167.6353	40.9629	3.3667e8	m						CF4
PGC 2190450		156.3069	41.9913	3.3667e8	m						CF4
PGC 2197618		174.9213	42.3745	3.3667e8	m						CF4
PGC 2216389		193.4334	43.2499	3.3667e8	m						CF4
PGC 2220094		188.4573	43.4093	3.3667e8	m						CF4
PGC 2222257		112.5704	43.5012	3.3667e8	m						CF4
PGC 2223109		222.1852	43.5363	3.3667e8	m						CF4
PGC 2235568		114.5738	44.0572	3.3667e8	m						CF4
PGC 2264986		188.531	45.4396	3.3667e8	m						CF4
PGC 2267173		112.9434	45.5744	3.3667e8	m						CF4
PGC 2283607		194.7609	46.5798	3.3667e8	m						CF4
PGC 2317658		222.555	48.4468	3.3667e8	m						CF4
PGC 2319565		221.8578	48.5309	3.3667e8	m						CF4
PGC 2326003		228.1418	48.8019	3.3667e8	m						CF4
PGC 2407073		191.5429	52.114	3.3667e8	m						CF4
PGC 2485071		173.8655	54.9349	3.3667e8	m						CF4
PGC 2497440		222.7781	55.305	3.3667e8	m						CF4
PGC 2537182		171.0561	56.4506	3.3667e8	m						CF4
PGC 2538992		128.5727	56.5078	3.3667e8	m						CF4
PGC 2555917		233.5302	57.0594	3.3667e8	m						CF4
PGC 2595218		180.8934	59.8725	3.3667e8	m						CF4
PGC 3086665		195.7398	62.481	3.3667e8	m						CF4
PGC 3088194		128.4911	38.3221	3.3667e8	m						CF4
PGC 3091407		122.0511	9.0147	3.3667e8	m						CF4
PGC 3091708		126.0904	7.4874	3.3667e8	m						CF4
PGC 3132312		243.3828	50.6629	3.3667e8	m						CF4
PGC 3134471		134.6937	54.2305	3.3667e8	m						CF4
PGC 3134872		131.3745	55.1063	3.3667e8	m						CF4
PGC 3292556		178.9296	-1.402	3.3667e8	m						CF4
PGC 3356075		148.5977	3.5741	3.3667e8	m						CF4
PGC 3358394		159.6807	4.5973	3.3667e8	m						CF4
PGC 3381833		147.9257	55.1216	3.3667e8	m						CF4
PGC 3395082		189.584	6.1823	3.3667e8	m						CF4
PGC 3403960		155.5991	54.5481	3.3667e8	m						CF4
PGC 3407999		157.9608	58.132	3.3667e8	m						CF4
PGC 3408251		159.4722	58.4517	3.3667e8	m						CF4
PGC 3453737		135.6452	35.2245	3.3667e8	m						CF4
PGC 3457459		141.2021	6.4039	3.3667e8	m						CF4
PGC 3460643		146.8095	8.404	3.3667e8	m						CF4
PGC 3462136		149.47	5.6799	3.3667e8	m						CF4
PGC 3465971		156.8483	9.0505	3.3667e8	m						CF4
PGC 3478344		187.4628	9.4745	3.3667e8	m						CF4
PGC 3531886		146.7789	11.6836	3.3667e8	m						CF4
PGC 3535079		155.5165	39.8391	3.3667e8	m						CF4
PGC 3536882		158.214	41.7976	3.3667e8	m						CF4
PGC 3542745		170.492	47.5773	3.3667e8	m						CF4
PGC 3549275		184.1226	44.8069	3.3667e8	m						CF4
PGC 3551925		193.038	15.497	3.3667e8	m						CF4
PGC 3559202		212.5888	36.5446	3.3667e8	m						CF4
PGC 3560894		217.1122	40.8088	3.3667e8	m						CF4
PGC 3566682		235.1885	30.3965	3.3667e8	m						CF4
PGC 3568111		237.5241	29.1943	3.3667e8	m						CF4
PGC 3570561		245.283	30.3542	3.3667e8	m						CF4
PGC 3573030		253.7727	23.4085	3.3667e8	m						CF4
PGC 3720975		111.6081	43.6215	3.3667e8	m						CF4
PGC 3724887		118.054	51.8237	3.3667e8	m						CF4
PGC 3727535		122.7942	52.3895	3.3667e8	m						CF4
PGC 3728294		123.8771	9.2005	3.3667e8	m						CF4
PGC 3730162		126.3492	53.3194	3.3667e8	m						CF4
PGC 3733998		131.8329	11.0311	3.3667e8	m						CF4
PGC 3735469		133.736	26.5802	3.3667e8	m						CF4
PGC 3736473		134.9724	21.9172	3.3667e8	m						CF4
PGC 3742709		142.1662	12.1331	3.3667e8	m						CF4
PGC 3746928		146.7321	14.5401	3.3667e8	m						CF4
PGC 3750567		150.8841	13.2946	3.3667e8	m						CF4
PGC 3751149		151.6278	22.4522	3.3667e8	m						CF4
PGC 3758005		159.1261	30.7508	3.3667e8	m						CF4
PGC 3769646		170.3886	29.7631	3.3667e8	m						CF4
PGC 3777790		177.5604	14.4968	3.3667e8	m						CF4
PGC 3781687		180.9283	21.8814	3.3667e8	m						CF4
PGC 3788403		186.2136	7.2837	3.3667e8	m						CF4
PGC 3788499		186.2703	8.2128	3.3667e8	m						CF4
PGC 3792527		189.2716	15.4481	3.3667e8	m						CF4
PGC 3793651		190.0704	17.818	3.3667e8	m						CF4
PGC 3797562		193.0548	19.6798	3.3667e8	m						CF4
PGC 3801038		195.5804	29.4713	3.3667e8	m						CF4
PGC 3802272		196.4952	17.9622	3.3667e8	m						CF4
PGC 3802725		196.8796	8.9597	3.3667e8	m						CF4
PGC 3814325		207.3931	27.1214	3.3667e8	m						CF4
PGC 3815353		208.2786	28.2285	3.3667e8	m						CF4
PGC 3820473		212.2002	32.6627	3.3667e8	m						CF4
PGC 3826581		216.811	12.9432	3.3667e8	m						CF4
PGC 3826609		216.8301	29.3712	3.3667e8	m						CF4
PGC 3827608		217.5073	6.1183	3.3667e8	m						CF4
PGC 3834208		222.1836	7.1995	3.3667e8	m						CF4
PGC 3840878		227.3736	8.7902	3.3667e8	m						CF4
PGC 3852281		235.9614	27.2632	3.3667e8	m						CF4
PGC 3852427		236.0773	10.8833	3.3667e8	m						CF4
PGC 3854370		237.4707	8.6251	3.3667e8	m						CF4
PGC 3871974		251.3881	16.6945	3.3667e8	m						CF4
PGC 4020229		223.6326	18.48	3.3667e8	m						CF4
PGC 4111694		212.1481	7.2197	3.3667e8	m						CF4
PGC 4328357		187.2084	7.3	3.3667e8	m						CF4
PGC 5084146		126.5041	7.6346	3.3667e8	m						CF4
PGC 22905		122.469	5.2793	3.3822e8	m						CF4
PGC 35834		173.8257	57.6857	3.3822e8	m						CF4
PGC 54178		227.7503	5.7828	3.3822e8	m						CF4
PGC 57326		242.4499	30.1431	3.3822e8	m						CF4
PGC 147127		78.2591	-53.3325	3.3822e8	m						CF4
PGC 200099		46.6642	-37.408	3.3822e8	m						CF4
PGC 509486		164.6766	-46.8794	3.3822e8	m						CF4
PGC 982974		215.3313	-10.0544	3.3822e8	m						CF4
PGC 1087365		196.4289	-2.6068	3.3822e8	m						CF4
PGC 1103267		178.0559	-2.0395	3.3822e8	m						CF4
PGC 1110685		194.7302	-1.7646	3.3822e8	m						CF4
PGC 1111425		194.4816	-1.7379	3.3822e8	m						CF4
PGC 1112717		194.6338	-1.6891	3.3822e8	m						CF4
PGC 1118778		232.608	-1.4322	3.3822e8	m						CF4
PGC 1122121		198.834	-1.2961	3.3822e8	m						CF4
PGC 1137762		199.7582	-0.6622	3.3822e8	m						CF4
PGC 1151399		227.8347	-0.1222	3.3822e8	m						CF4
PGC 1159451		183.1534	0.1938	3.3822e8	m						CF4
PGC 1160252		212.9745	0.223	3.3822e8	m						CF4
PGC 1161152		157.9313	0.256	3.3822e8	m						CF4
PGC 1162481		227.2887	0.3071	3.3822e8	m						CF4
PGC 1162841		237.7983	0.3196	3.3822e8	m						CF4
PGC 1165626		232.8986	0.4262	3.3822e8	m						CF4
PGC 1175165		244.995	0.7763	3.3822e8	m						CF4
PGC 1181997		130.4963	1.0173	3.3822e8	m						CF4
PGC 1197195		205.0011	1.5137	3.3822e8	m						CF4
PGC 1205688		170.6244	1.7818	3.3822e8	m						CF4
PGC 1215741		206.0961	2.0936	3.3822e8	m						CF4
PGC 1244278		238.9953	3.0622	3.3822e8	m						CF4
PGC 1255504		177.4745	3.6112	3.3822e8	m						CF4
PGC 1280566		199.2875	5.2572	3.3822e8	m						CF4
PGC 1284243		182.2552	5.4904	3.3822e8	m						CF4
PGC 1296968		173.9146	6.2392	3.3822e8	m						CF4
PGC 1301606		188.5556	6.4852	3.3822e8	m						CF4
PGC 1310162		211.5463	6.9218	3.3822e8	m						CF4
PGC 1318240		151.5794	7.2903	3.3822e8	m						CF4
PGC 1322590		202.0925	7.4691	3.3822e8	m						CF4
PGC 1352704		226.7549	8.7341	3.3822e8	m						CF4
PGC 1384718		238.9253	10.8061	3.3822e8	m						CF4
PGC 1394582		121.17	11.5023	3.3822e8	m						CF4
PGC 1425601		198.834	13.2166	3.3822e8	m						CF4
PGC 1427213		180.9832	13.2847	3.3822e8	m						CF4
PGC 1431692		184.2405	13.4656	3.3822e8	m						CF4
PGC 1442534		206.1825	13.8598	3.3822e8	m						CF4
PGC 1487034		121.5844	15.5293	3.3822e8	m						CF4
PGC 1537676		245.7132	17.638	3.3822e8	m						CF4
PGC 1538247		218.552	17.6598	3.3822e8	m						CF4
PGC 1541761		222.2947	17.791	3.3822e8	m						CF4
PGC 1559024		171.9459	18.4171	3.3822e8	m						CF4
PGC 1592919		167.3445	19.456	3.3822e8	m						CF4
PGC 1619670		208.9002	20.1993	3.3822e8	m						CF4
PGC 1627552		187.6002	20.4457	3.3822e8	m						CF4
PGC 1629335		215.9289	20.5097	3.3822e8	m						CF4
PGC 1651376		147.4915	21.5055	3.3822e8	m						CF4
PGC 1665567		227.2701	22.2065	3.3822e8	m						CF4
PGC 1682012		245.9417	23.1315	3.3822e8	m						CF4
PGC 1685295		115.4407	23.3182	3.3822e8	m						CF4
PGC 1698769		135.001	24.0522	3.3822e8	m						CF4
PGC 1732363		114.2136	25.317	3.3822e8	m						CF4
PGC 1765165		149.2544	26.1614	3.3822e8	m						CF4
PGC 1798851		239.6543	27.138	3.3822e8	m						CF4
PGC 1828525		209.7844	28.1794	3.3822e8	m						CF4
PGC 1829859		194.2896	28.228	3.3822e8	m						CF4
PGC 1845239		169.8676	28.7634	3.3822e8	m						CF4
PGC 1853088		232.884	29.0156	3.3822e8	m						CF4
PGC 1853172		130.1658	29.0184	3.3822e8	m						CF4
PGC 1860744		257.464	29.2597	3.3822e8	m						CF4
PGC 1877211		116.1486	29.7614	3.3822e8	m						CF4
PGC 1890333		215.3878	30.1021	3.3822e8	m						CF4
PGC 1892635		191.9709	30.1602	3.3822e8	m						CF4
PGC 1893900		238.0769	30.1935	3.3822e8	m						CF4
PGC 1898970		203.8707	30.3172	3.3822e8	m						CF4
PGC 1910513		230.3661	30.6082	3.3822e8	m						CF4
PGC 1934536		233.311	31.1636	3.3822e8	m						CF4
PGC 1938921		121.2351	31.2595	3.3822e8	m						CF4
PGC 1952703		157.9869	31.5528	3.3822e8	m						CF4
PGC 1984216		182.5105	32.1781	3.3822e8	m						CF4
PGC 2035494		199.6434	33.6044	3.3822e8	m						CF4
PGC 2039005		133.2235	33.7985	3.3822e8	m						CF4
PGC 2041445		250.9923	33.9461	3.3822e8	m						CF4
PGC 2054682		145.6576	34.7965	3.3822e8	m						CF4
PGC 2073441		163.6783	36.0051	3.3822e8	m						CF4
PGC 2081296		236.1411	36.4774	3.3822e8	m						CF4
PGC 2148314		205.8396	39.3562	3.3822e8	m						CF4
PGC 2154693		155.4883	39.7287	3.3822e8	m						CF4
PGC 2164855		228.4512	40.3747	3.3822e8	m						CF4
PGC 2190305		177.0291	41.983	3.3822e8	m						CF4
PGC 2229277		206.457	43.7949	3.3822e8	m						CF4
PGC 2280170		227.1041	46.3788	3.3822e8	m						CF4
PGC 2287237		245.861	46.794	3.3822e8	m						CF4
PGC 2308995		230.508	48.0237	3.3822e8	m						CF4
PGC 2341083		232.0069	49.3714	3.3822e8	m						CF4
PGC 2356705		243.7202	49.8958	3.3822e8	m						CF4
PGC 2367980		243.53	50.2697	3.3822e8	m						CF4
PGC 2368904		127.1564	50.3003	3.3822e8	m						CF4
PGC 2373566		231.9672	50.4557	3.3822e8	m						CF4
PGC 2373794		118.9443	50.4642	3.3822e8	m						CF4
PGC 2391874		135.2231	51.3045	3.3822e8	m						CF4
PGC 2406436		122.4852	52.0874	3.3822e8	m						CF4
PGC 2432900		199.4171	53.1436	3.3822e8	m						CF4
PGC 2474152		175.9257	54.5905	3.3822e8	m						CF4
PGC 2476163		193.8505	54.6581	3.3822e8	m						CF4
PGC 2479894		228.8276	54.7747	3.3822e8	m						CF4
PGC 2492438		189.1252	55.1559	3.3822e8	m						CF4
PGC 2569541		159.861	57.6625	3.3822e8	m						CF4
PGC 2598245		203.082	60.12	3.3822e8	m						CF4
PGC 2612592		194.0289	61.1384	3.3822e8	m						CF4
PGC 3087399		225.8074	48.8989	3.3822e8	m						CF4
PGC 3087924		194.0089	41.2927	3.3822e8	m						CF4
PGC 3090361		189.841	17.1994	3.3822e8	m						CF4
PGC 3091405		120.1652	9.798	3.3822e8	m						CF4
PGC 3097991		157.8182	11.152	3.3822e8	m						CF4
PGC 3122886		232.0881	3.003	3.3822e8	m						CF4
PGC 3124045		220.1615	3.3991	3.3822e8	m						CF4
PGC 3132817		132.9541	51.5939	3.3822e8	m						CF4
PGC 3348324		184.6023	3.4536	3.3822e8	m						CF4
PGC 3355485		142.9493	3.8475	3.3822e8	m						CF4
PGC 3362405		210.3529	62.3726	3.3822e8	m						CF4
PGC 3363350		221.7759	63.2317	3.3822e8	m						CF4
PGC 3385084		205.3272	60.7741	3.3822e8	m						CF4
PGC 3385272		206.6761	60.3648	3.3822e8	m						CF4
PGC 3394895		188.5752	5.9638	3.3822e8	m						CF4
PGC 3402003		186.8381	51.3477	3.3822e8	m						CF4
PGC 3403224		122.8446	35.9757	3.3822e8	m						CF4
PGC 3408485		163.9498	57.3377	3.3822e8	m						CF4
PGC 3410430		193.4106	59.1072	3.3822e8	m						CF4
PGC 3440818		203.8965	58.8126	3.3822e8	m						CF4
PGC 3452961		134.3739	36.5003	3.3822e8	m						CF4
PGC 3453068		134.5461	6.8472	3.3822e8	m						CF4
PGC 3461241		147.8336	8.8971	3.3822e8	m						CF4
PGC 3470783		167.7363	10.0605	3.3822e8	m						CF4
PGC 3474332		175.7169	58.373	3.3822e8	m						CF4
PGC 3482805		204.6908	56.4976	3.3822e8	m						CF4
PGC 3483999		208.7523	53.9951	3.3822e8	m						CF4
PGC 3488561		220.9278	44.2674	3.3822e8	m						CF4
PGC 3496584		241.9124	-0.4355	3.3822e8	m						CF4
PGC 3505740		171.3627	53.5646	3.3822e8	m						CF4
PGC 3524248		128.0176	29.26	3.3822e8	m						CF4
PGC 3526572		133.6437	35.8837	3.3822e8	m						CF4
PGC 3527079		134.5878	10.4822	3.3822e8	m						CF4
PGC 3530600		143.2056	9.5063	3.3822e8	m						CF4
PGC 3533806		152.6039	11.9883	3.3822e8	m						CF4
PGC 3545381		175.7601	13.0851	3.3822e8	m						CF4
PGC 3556644		205.951	11.336	3.3822e8	m						CF4
PGC 3561299		218.7157	43.1317	3.3822e8	m						CF4
PGC 3562791		224.9837	39.4951	3.3822e8	m						CF4
PGC 3562834		225.0847	32.1721	3.3822e8	m						CF4
PGC 3566653		235.1226	33.4729	3.3822e8	m						CF4
PGC 3568317		237.8406	5.6492	3.3822e8	m						CF4
PGC 3724430		117.1778	52.1639	3.3822e8	m						CF4
PGC 3727973		123.4342	19.0929	3.3822e8	m						CF4
PGC 3728342		123.9279	5.0162	3.3822e8	m						CF4
PGC 3731940		128.9361	10.8841	3.3822e8	m						CF4
PGC 3734130		132.0261	55.4079	3.3822e8	m						CF4
PGC 3735816		134.178	17.8301	3.3822e8	m						CF4
PGC 3736554		135.0603	19.1179	3.3822e8	m						CF4
PGC 3736625		135.1385	16.2356	3.3822e8	m						CF4
PGC 3740632		139.7409	18.7826	3.3822e8	m						CF4
PGC 3751029		151.4875	18.3431	3.3822e8	m						CF4
PGC 3755113		156.0318	35.5005	3.3822e8	m						CF4
PGC 3759992		161.2768	9.668	3.3822e8	m						CF4
PGC 3766010		166.6788	16.4131	3.3822e8	m						CF4
PGC 3770921		171.6045	28.449	3.3822e8	m						CF4
PGC 3793548		189.9826	16.9505	3.3822e8	m						CF4
PGC 3793970		190.2909	18.6275	3.3822e8	m						CF4
PGC 3805904		199.744	16.3161	3.3822e8	m						CF4
PGC 3810432		203.8749	26.1915	3.3822e8	m						CF4
PGC 3822790		213.8196	7.0673	3.3822e8	m						CF4
PGC 3829243		218.6906	17.4872	3.3822e8	m						CF4
PGC 3830562		219.6031	21.67	3.3822e8	m						CF4
PGC 3832052		220.5556	22.289	3.3822e8	m						CF4
PGC 3837163		224.1875	10.128	3.3822e8	m						CF4
PGC 3843468		229.2585	14.397	3.3822e8	m						CF4
PGC 3847635		232.335	60.973	3.3822e8	m						CF4
PGC 3848245		232.8132	28.9272	3.3822e8	m						CF4
PGC 3851491		235.3279	27.8837	3.3822e8	m						CF4
PGC 3855522		238.2933	27.5799	3.3822e8	m						CF4
PGC 3860127		242.119	28.9874	3.3822e8	m						CF4
PGC 3860658		242.5068	4.7301	3.3822e8	m						CF4
PGC 3861986		243.5491	19.8326	3.3822e8	m						CF4
PGC 3865283		246.2015	48.1377	3.3822e8	m						CF4
PGC 3882845		260.726	32.2074	3.3822e8	m						CF4
PGC 4103460		183.7082	14.0858	3.3822e8	m						CF4
PGC 4301084		178.4528	8.2512	3.3822e8	m						CF4
PGC 4327312		186.8538	18.4968	3.3822e8	m						CF4
PGC 4371514		202.0719	9.7303	3.3822e8	m						CF4
PGC 4440946		224.4052	8.6859	3.3822e8	m						CF4
PGC 3108520		351.6672	-0.8406	3.3931e8	m						CF4
PGC 5068991		35.7387	1.0256	3.3931e8	m						CF4
PGC 46210		199.1356	0.8703	3.3978e8	m						CF4
PGC 46429		199.8191	-0.917	3.3978e8	m						CF4
PGC 55342		233.0443	28.1034	3.3978e8	m						CF4
PGC 169075		185.0408	13.887	3.3978e8	m						CF4
PGC 169139		185.5911	13.6681	3.3978e8	m						CF4
PGC 169167		185.8004	13.9624	3.3978e8	m						CF4
PGC 169609		189.1303	12.9954	3.3978e8	m						CF4
PGC 1097802		187.5354	-2.2385	3.3978e8	m						CF4
PGC 1129702		181.2198	-0.9875	3.3978e8	m						CF4
PGC 1146485		126.9976	-0.3113	3.3978e8	m						CF4
PGC 1149350		155.7755	-0.2008	3.3978e8	m						CF4
PGC 1154254		172.3608	-0.0088	3.3978e8	m						CF4
PGC 1177175		160.0656	0.8485	3.3978e8	m						CF4
PGC 1196127		181.0225	1.4769	3.3978e8	m						CF4
PGC 1224260		155.9251	2.3543	3.3978e8	m						CF4
PGC 1230243		203.271	2.5443	3.3978e8	m						CF4
PGC 1279073		191.8963	5.1643	3.3978e8	m						CF4
PGC 1297920		196.9026	6.2889	3.3978e8	m						CF4
PGC 1298882		152.6744	6.3429	3.3978e8	m						CF4
PGC 1305545		189.8099	6.6846	3.3978e8	m						CF4
PGC 1307795		187.8949	6.8025	3.3978e8	m						CF4
PGC 1317281		201.5008	7.2502	3.3978e8	m						CF4
PGC 1320334		236.433	7.3767	3.3978e8	m						CF4
PGC 1326937		241.5771	7.6356	3.3978e8	m						CF4
PGC 1329182		175.9726	7.7239	3.3978e8	m						CF4
PGC 1350138		151.3898	8.6067	3.3978e8	m						CF4
PGC 1353350		213.6592	8.7686	3.3978e8	m						CF4
PGC 1364409		152.3345	9.3898	3.3978e8	m						CF4
PGC 1365079		207.7666	9.4358	3.3978e8	m						CF4
PGC 1368595		177.4181	9.6876	3.3978e8	m						CF4
PGC 1405752		173.6806	12.2202	3.3978e8	m						CF4
PGC 1432363		158.1666	13.4916	3.3978e8	m						CF4
PGC 1432393		160.3755	13.4934	3.3978e8	m						CF4
PGC 1435142		179.3885	13.5938	3.3978e8	m						CF4
PGC 1438180		173.8339	13.7058	3.3978e8	m						CF4
PGC 1441259		151.349	13.8128	3.3978e8	m						CF4
PGC 1468768		220.7072	14.851	3.3978e8	m						CF4
PGC 1473017		204.8331	15.0162	3.3978e8	m						CF4
PGC 1478226		143.5538	15.2077	3.3978e8	m						CF4
PGC 1490968		133.1742	15.6901	3.3978e8	m						CF4
PGC 1511133		122.7978	16.537	3.3978e8	m						CF4
PGC 1523250		236.1137	17.0437	3.3978e8	m						CF4
PGC 1544692		205.8192	17.896	3.3978e8	m						CF4
PGC 1573962		159.642	18.9014	3.3978e8	m						CF4
PGC 1628542		208.8136	20.4797	3.3978e8	m						CF4
PGC 1642962		235.2623	21.1092	3.3978e8	m						CF4
PGC 1662989		230.5797	22.0734	3.3978e8	m						CF4
PGC 1695857		149.3769	23.9047	3.3978e8	m						CF4
PGC 1696584		195.8331	23.9425	3.3978e8	m						CF4
PGC 1697427		114.5764	23.985	3.3978e8	m						CF4
PGC 1704442		201.1855	24.3114	3.3978e8	m						CF4
PGC 1759659		230.8054	26.0249	3.3978e8	m						CF4
PGC 1764336		240.4476	26.1422	3.3978e8	m						CF4
PGC 1765478		149.2029	26.1677	3.3978e8	m						CF4
PGC 1771414		211.791	26.3136	3.3978e8	m						CF4
PGC 1796043		200.9481	27.0397	3.3978e8	m						CF4
PGC 1797740		237.4995	27.1	3.3978e8	m						CF4
PGC 1800103		125.5317	27.1786	3.3978e8	m						CF4
PGC 1806554		239.2869	27.3875	3.3978e8	m						CF4
PGC 1811951		169.6307	27.5695	3.3978e8	m						CF4
PGC 1813341		182.7322	27.6172	3.3978e8	m						CF4
PGC 1818306		228.1764	27.7995	3.3978e8	m						CF4
PGC 1836807		229.3157	28.4731	3.3978e8	m						CF4
PGC 1852752		180.1329	29.0049	3.3978e8	m						CF4
PGC 1866445		128.9006	29.4436	3.3978e8	m						CF4
PGC 1868455		236.7548	29.5057	3.3978e8	m						CF4
PGC 1879038		131.6633	29.8117	3.3978e8	m						CF4
PGC 1904335		214.5624	30.452	3.3978e8	m						CF4
PGC 1928217		148.2139	31.0245	3.3978e8	m						CF4
PGC 1930237		116.9697	31.0693	3.3978e8	m						CF4
PGC 1941569		120.4816	31.3177	3.3978e8	m						CF4
PGC 1958729		231.3431	31.6769	3.3978e8	m						CF4
PGC 1961874		135.3405	31.7376	3.3978e8	m						CF4
PGC 1991337		134.427	32.319	3.3978e8	m						CF4
PGC 2010254		254.9986	32.736	3.3978e8	m						CF4
PGC 2014899		162.6523	32.8568	3.3978e8	m						CF4
PGC 2050203		178.5717	34.5014	3.3978e8	m						CF4
PGC 2086298		222.3948	36.7534	3.3978e8	m						CF4
PGC 2089575		121.0055	36.9305	3.3978e8	m						CF4
PGC 2092950		224.2034	37.0977	3.3978e8	m						CF4
PGC 2114814		234.6057	37.9838	3.3978e8	m						CF4
PGC 2136690		204.5931	38.7948	3.3978e8	m						CF4
PGC 2140778		205.2126	38.9741	3.3978e8	m						CF4
PGC 2145381		233.5044	39.2045	3.3978e8	m						CF4
PGC 2153219		247.6662	39.6354	3.3978e8	m						CF4
PGC 2169539		160.202	40.6913	3.3978e8	m						CF4
PGC 2175260		182.1437	41.0731	3.3978e8	m						CF4
PGC 2177612		115.4769	41.223	3.3978e8	m						CF4
PGC 2248550		217.0611	44.6306	3.3978e8	m						CF4
PGC 2249495		197.4774	44.6739	3.3978e8	m						CF4
PGC 2359283		227.7429	49.9802	3.3978e8	m						CF4
PGC 2381888		193.6766	50.7812	3.3978e8	m						CF4
PGC 2396254		117.8849	51.57	3.3978e8	m						CF4
PGC 2398759		169.5508	51.7126	3.3978e8	m						CF4
PGC 2516074		196.1656	55.8377	3.3978e8	m						CF4
PGC 2587692		134.2356	59.2031	3.3978e8	m						CF4
PGC 2597773		183.8227	60.0809	3.3978e8	m						CF4
PGC 2618874		186.4004	61.4879	3.3978e8	m						CF4
PGC 2693388		206.826	66.9722	3.3978e8	m						CF4
PGC 3087346		212.0088	50.6493	3.3978e8	m						CF4
PGC 3087855		242.4381	42.44	3.3978e8	m						CF4
PGC 3089323		190.4866	27.3309	3.3978e8	m						CF4
PGC 3089899		215.0433	21.7355	3.3978e8	m						CF4
PGC 3091442		170.4336	8.805	3.3978e8	m						CF4
PGC 3108205		199.8331	-0.8991	3.3978e8	m						CF4
PGC 3120597		145.458	2.1494	3.3978e8	m						CF4
PGC 3121188		194.0842	2.398	3.3978e8	m						CF4
PGC 3348775		189.6547	3.1834	3.3978e8	m						CF4
PGC 3387097		232.3346	52.9498	3.3978e8	m						CF4
PGC 3389972		127.2402	36.9779	3.3978e8	m						CF4
PGC 3394346		184.6113	4.1817	3.3978e8	m						CF4
PGC 3394904		189.0757	5.4087	3.3978e8	m						CF4
PGC 3400265		165.4817	51.2311	3.3978e8	m						CF4
PGC 3407593		153.6466	56.0866	3.3978e8	m						CF4
PGC 3447855		125.7233	39.5476	3.3978e8	m						CF4
PGC 3455938		138.9846	7.2417	3.3978e8	m						CF4
PGC 3457057		140.5986	8.4895	3.3978e8	m						CF4
PGC 3460188		146.1114	6.6443	3.3978e8	m						CF4
PGC 3463202		151.674	56.0705	3.3978e8	m						CF4
PGC 3465799		156.5099	9.1943	3.3978e8	m						CF4
PGC 3469169		164.3798	6.6604	3.3978e8	m						CF4
PGC 3470977		168.2327	7.8884	3.3978e8	m						CF4
PGC 3471577		170.1908	2.9255	3.3978e8	m						CF4
PGC 3472526		172.4146	54.193	3.3978e8	m						CF4
PGC 3473209		173.6569	55.109	3.3978e8	m						CF4
PGC 3479375		190.0442	10.2751	3.3978e8	m						CF4
PGC 3495023		239.4567	27.4365	3.3978e8	m						CF4
PGC 3495323		239.8564	42.2635	3.3978e8	m						CF4
PGC 3500638		249.0077	33.1962	3.3978e8	m						CF4
PGC 3502182		252.7396	32.8272	3.3978e8	m						CF4
PGC 3502185		252.7598	32.854	3.3978e8	m						CF4
PGC 3526035		132.4682	30.456	3.3978e8	m						CF4
PGC 3528199		136.9347	9.7064	3.3978e8	m						CF4
PGC 3531286		144.8776	34.1902	3.3978e8	m						CF4
PGC 3553823		198.0528	41.1983	3.3978e8	m						CF4
PGC 3561052		217.8109	35.8381	3.3978e8	m						CF4
PGC 3567654		236.7946	5.2991	3.3978e8	m						CF4
PGC 3569395		240.2919	35.1655	3.3978e8	m						CF4
PGC 3571238		248.4928	22.6971	3.3978e8	m						CF4
PGC 3731346		128.1299	17.8953	3.3978e8	m						CF4
PGC 3733002		130.4137	26.5482	3.3978e8	m						CF4
PGC 3737902		136.6	20.6451	3.3978e8	m						CF4
PGC 3743050		142.591	8.9039	3.3978e8	m						CF4
PGC 3746653		146.4176	34.1572	3.3978e8	m						CF4
PGC 3749689		149.7586	28.7402	3.3978e8	m						CF4
PGC 3751667		152.2017	29.3702	3.3978e8	m						CF4
PGC 3767737		168.4682	14.4644	3.3978e8	m						CF4
PGC 3780902		180.2277	51.9775	3.3978e8	m						CF4
PGC 3783324		182.269	14.8758	3.3978e8	m						CF4
PGC 3793927		190.2678	14.5492	3.3978e8	m						CF4
PGC 3793978		190.3005	18.4887	3.3978e8	m						CF4
PGC 3794883		190.9041	31.803	3.3978e8	m						CF4
PGC 3796988		192.5768	30.5795	3.3978e8	m						CF4
PGC 3797220		192.7681	18.1176	3.3978e8	m						CF4
PGC 3807203		200.871	50.3804	3.3978e8	m						CF4
PGC 3807248		200.9068	10.7657	3.3978e8	m						CF4
PGC 3824791		215.3886	21.3768	3.3978e8	m						CF4
PGC 3830615		219.6313	8.9561	3.3978e8	m						CF4
PGC 3840273		226.9376	10.2616	3.3978e8	m						CF4
PGC 3841430		227.7507	17.9468	3.3978e8	m						CF4
PGC 3844391		229.9407	15.7921	3.3978e8	m						CF4
PGC 3845642		230.7729	8.7384	3.3978e8	m						CF4
PGC 3848636		233.136	6.5865	3.3978e8	m						CF4
PGC 3857164		239.8219	9.4119	3.3978e8	m						CF4
PGC 3868226		248.5858	28.2292	3.3978e8	m						CF4
PGC 3880032		258.5533	36.6	3.3978e8	m						CF4
PGC 5081252		127.2117	13.6725	3.3978e8	m						CF4
PGC 5089305		135.4141	11.1394	3.3978e8	m						CF4
PGC 25559		136.6238	56.7964	3.4135e8	m						CF4
PGC 40418		186.1941	60.9208	3.4135e8	m						CF4
PGC 41894		188.762	-3.6786	3.4135e8	m						CF4
PGC 55141		231.883	28.3952	3.4135e8	m						CF4
PGC 84359		223.5665	18.9643	3.4135e8	m						CF4
PGC 94739		208.166	5.0631	3.4135e8	m						CF4
PGC 115381		177.7528	-3.0764	3.4135e8	m						CF4
PGC 140482		227.373	7.5099	3.4135e8	m						CF4
PGC 148320		90.9871	-49.2904	3.4135e8	m						CF4
PGC 922294		71.5508	-14.6176	3.4135e8	m						CF4
PGC 939861		77.7668	-13.2989	3.4135e8	m						CF4
PGC 1135408		204.949	-0.7594	3.4135e8	m						CF4
PGC 1147759		227.0622	-0.2623	3.4135e8	m						CF4
PGC 1148318		149.007	-0.241	3.4135e8	m						CF4
PGC 1158349		197.8749	0.1494	3.4135e8	m						CF4
PGC 1164862		172.3368	0.396	3.4135e8	m						CF4
PGC 1182426		169.65	1.031	3.4135e8	m						CF4
PGC 1188567		232.5514	1.2328	3.4135e8	m						CF4
PGC 1189863		125.3508	1.2751	3.4135e8	m						CF4
PGC 1207120		233.007	1.827	3.4135e8	m						CF4
PGC 1214722		214.0923	2.0602	3.4135e8	m						CF4
PGC 1253905		184.4859	3.5257	3.4135e8	m						CF4
PGC 1270922		228.3975	4.628	3.4135e8	m						CF4
PGC 1280970		177.1192	5.2838	3.4135e8	m						CF4
PGC 1328207		152.3145	7.686	3.4135e8	m						CF4
PGC 1348989		125.9192	8.5485	3.4135e8	m						CF4
PGC 1349995		226.7316	8.5979	3.4135e8	m						CF4
PGC 1385494		200.9939	10.8576	3.4135e8	m						CF4
PGC 1425608		149.0626	13.2172	3.4135e8	m						CF4
PGC 1498497		244.9858	16.0075	3.4135e8	m						CF4
PGC 1517572		221.914	16.8119	3.4135e8	m						CF4
PGC 1519358		204.9078	16.8834	3.4135e8	m						CF4
PGC 1531513		123.7863	17.3866	3.4135e8	m						CF4
PGC 1537830		126.6789	17.6446	3.4135e8	m						CF4
PGC 1554324		174.3043	18.2521	3.4135e8	m						CF4
PGC 1556894		124.8187	18.3412	3.4135e8	m						CF4
PGC 1561447		248.2168	18.5033	3.4135e8	m						CF4
PGC 1575754		237.6141	18.9557	3.4135e8	m						CF4
PGC 1643274		216.9107	21.1234	3.4135e8	m						CF4
PGC 1666031		163.159	22.2305	3.4135e8	m						CF4
PGC 1686093		209.2288	23.3636	3.4135e8	m						CF4
PGC 1733031		191.6304	25.3372	3.4135e8	m						CF4
PGC 1750328		121.6439	25.7998	3.4135e8	m						CF4
PGC 1758546		118.2437	25.9977	3.4135e8	m						CF4
PGC 1770846		239.1051	26.2997	3.4135e8	m						CF4
PGC 1802193		130.3795	27.2478	3.4135e8	m						CF4
PGC 1802854		239.7684	27.2685	3.4135e8	m						CF4
PGC 1813031		173.159	27.6063	3.4135e8	m						CF4
PGC 1863025		151.7106	29.3336	3.4135e8	m						CF4
PGC 1895904		190.9356	30.241	3.4135e8	m						CF4
PGC 1910950		215.1655	30.6192	3.4135e8	m						CF4
PGC 1936133		252.8412	31.1981	3.4135e8	m						CF4
PGC 2048647		186.5556	34.4042	3.4135e8	m						CF4
PGC 2050943		175.6409	34.554	3.4135e8	m						CF4
PGC 2065615		247.9109	35.5082	3.4135e8	m						CF4
PGC 2066472		165.8246	35.565	3.4135e8	m						CF4
PGC 2066565		133.7103	35.5715	3.4135e8	m						CF4
PGC 2112721		199.5854	37.9084	3.4135e8	m						CF4
PGC 2130853		202.6796	38.578	3.4135e8	m						CF4
PGC 2132833		112.8978	38.6479	3.4135e8	m						CF4
PGC 2169270		197.9411	40.6743	3.4135e8	m						CF4
PGC 2171781		170.58	40.8436	3.4135e8	m						CF4
PGC 2200278		231.4595	42.508	3.4135e8	m						CF4
PGC 2220695		207.6438	43.436	3.4135e8	m						CF4
PGC 2267093		134.9974	45.57	3.4135e8	m						CF4
PGC 2276329		206.9943	46.1553	3.4135e8	m						CF4
PGC 2293274		134.2557	47.1538	3.4135e8	m						CF4
PGC 2300446		139.4826	47.5647	3.4135e8	m						CF4
PGC 2425625		235.2624	52.8621	3.4135e8	m						CF4
PGC 2517443		214.6884	55.8743	3.4135e8	m						CF4
PGC 2559782		209.2215	57.1989	3.4135e8	m						CF4
PGC 2609910		230.0445	60.9739	3.4135e8	m						CF4
PGC 2637002		158.689	62.459	3.4135e8	m						CF4
PGC 2669358		190.9071	64.5601	3.4135e8	m						CF4
PGC 3086448		168.8241	65.977	3.4135e8	m						CF4
PGC 3087268		203.685	50.7704	3.4135e8	m						CF4
PGC 3088240		253.7308	38.7555	3.4135e8	m						CF4
PGC 3091157		205.9433	11.5269	3.4135e8	m						CF4
PGC 3106489		191.6827	-1.8898	3.4135e8	m						CF4
PGC 3109023		181.3133	-0.7503	3.4135e8	m						CF4
PGC 3122719		159.7091	2.9526	3.4135e8	m						CF4
PGC 3126002		221.6451	4.6735	3.4135e8	m						CF4
PGC 3131128		118.8663	46.0706	3.4135e8	m						CF4
PGC 3299898		202.5185	-2.225	3.4135e8	m						CF4
PGC 3346860		159.8229	2.4102	3.4135e8	m						CF4
PGC 3347219		166.2798	2.6286	3.4135e8	m						CF4
PGC 3351967		122.621	42.2995	3.4135e8	m						CF4
PGC 3353824		156.0804	60.0136	3.4135e8	m						CF4
PGC 3355568		143.6826	3.2528	3.4135e8	m						CF4
PGC 3358712		162.6606	4.9536	3.4135e8	m						CF4
PGC 3361112		176.1071	64.5505	3.4135e8	m						CF4
PGC 3361443		183.6372	65.5714	3.4135e8	m						CF4
PGC 3380467		134.0565	48.0133	3.4135e8	m						CF4
PGC 3383331		175.6261	62.9027	3.4135e8	m						CF4
PGC 3400103		166.4292	50.2386	3.4135e8	m						CF4
PGC 3400328		167.7192	51.5621	3.4135e8	m						CF4
PGC 3411575		181.1511	50.3218	3.4135e8	m						CF4
PGC 3412111		255.7925	33.4999	3.4135e8	m						CF4
PGC 3445234		119.9763	30.7693	3.4135e8	m						CF4
PGC 3449897		128.9183	39.9431	3.4135e8	m						CF4
PGC 3457408		141.1114	6.9418	3.4135e8	m						CF4
PGC 3460558		146.673	10.8317	3.4135e8	m						CF4
PGC 3461279		147.8925	5.9497	3.4135e8	m						CF4
PGC 3465671		156.3485	47.1823	3.4135e8	m						CF4
PGC 3471318		169.4617	53.3923	3.4135e8	m						CF4
PGC 3471982		171.1842	9.7401	3.4135e8	m						CF4
PGC 3487737		218.8839	43.6213	3.4135e8	m						CF4
PGC 3493742		235.4377	48.6833	3.4135e8	m						CF4
PGC 3537242		158.7272	45.1335	3.4135e8	m						CF4
PGC 3546046		177.3683	12.1838	3.4135e8	m						CF4
PGC 3546652		178.719	12.6624	3.4135e8	m						CF4
PGC 3551855		192.7407	45.2981	3.4135e8	m						CF4
PGC 3555969		202.254	11.3599	3.4135e8	m						CF4
PGC 3557198		207.953	10.5611	3.4135e8	m						CF4
PGC 3559655		213.6917	37.111	3.4135e8	m						CF4
PGC 3564695		228.8307	30.8169	3.4135e8	m						CF4
PGC 3736359		134.8493	61.993	3.4135e8	m						CF4
PGC 3748128		147.8996	15.1768	3.4135e8	m						CF4
PGC 3756228		157.2489	3.141	3.4135e8	m						CF4
PGC 3758301		159.4689	29.5731	3.4135e8	m						CF4
PGC 3766952		167.626	37.9075	3.4135e8	m						CF4
PGC 3779549		179.1251	21.3023	3.4135e8	m						CF4
PGC 3789841		187.2231	24.9781	3.4135e8	m						CF4
PGC 3790049		187.4019	3.4415	3.4135e8	m						CF4
PGC 3795481		191.3598	11.3091	3.4135e8	m						CF4
PGC 3795671		191.5164	36.0367	3.4135e8	m						CF4
PGC 3795704		191.5393	7.3003	3.4135e8	m						CF4
PGC 3798717		194.0301	31.7853	3.4135e8	m						CF4
PGC 3799182		194.3574	31.3342	3.4135e8	m						CF4
PGC 3801248		195.743	19.2271	3.4135e8	m						CF4
PGC 3803427		197.5474	28.1011	3.4135e8	m						CF4
PGC 3803694		197.7926	39.1707	3.4135e8	m						CF4
PGC 3804916		198.8586	17.292	3.4135e8	m						CF4
PGC 3811869		205.2084	8.4324	3.4135e8	m						CF4
PGC 3815434		208.353	19.3566	3.4135e8	m						CF4
PGC 3825242		215.7906	23.1481	3.4135e8	m						CF4
PGC 3831474		220.1715	23.1807	3.4135e8	m						CF4
PGC 3835921		223.3739	18.8558	3.4135e8	m						CF4
PGC 3839251		225.9048	3.1059	3.4135e8	m						CF4
PGC 3839786		226.4688	20.6484	3.4135e8	m						CF4
PGC 3842478		228.4882	24.1398	3.4135e8	m						CF4
PGC 3846173		231.1671	9.9452	3.4135e8	m						CF4
PGC 3851195		235.0871	13.3914	3.4135e8	m						CF4
PGC 3855940		238.5851	10.3595	3.4135e8	m						CF4
PGC 3862720		244.1283	14.8184	3.4135e8	m						CF4
PGC 3862863		244.2357	34.8745	3.4135e8	m						CF4
PGC 4325799		186.3528	25.4335	3.4135e8	m						CF4
PGC 4437946		223.4768	18.7954	3.4135e8	m						CF4
PGC 963423		207.0589	-11.6423	3.4245e8	m						CF4
PGC 5091394		228.0144	29.1118	3.4277e8	m						CF4
PGC 29940		153.7997	60.1648	3.4293e8	m						CF4
PGC 30040		154.2433	61.5479	3.4293e8	m						CF4
PGC 35199		171.654	55.3564	3.4293e8	m						CF4
PGC 36662		176.9503	56.0183	3.4293e8	m						CF4
PGC 48381		205.1279	26.661	3.4293e8	m						CF4
PGC 55024		231.2017	27.9104	3.4293e8	m						CF4
PGC 55214		232.3014	29.6398	3.4293e8	m						CF4
PGC 93774		209.8091	28.0179	3.4293e8	m						CF4
PGC 94720		208.2252	5.1205	3.4293e8	m						CF4
PGC 116779		190.2026	-3.2406	3.4293e8	m						CF4
PGC 130611		315.9267	-46.7504	3.4293e8	m						CF4
PGC 157967		190.3402	-10.9582	3.4293e8	m						CF4
PGC 158791		200.5671	-2.9205	3.4293e8	m						CF4
PGC 169135		185.5731	13.765	3.4293e8	m						CF4
PGC 1129317		201.1848	-1.0006	3.4293e8	m						CF4
PGC 1132200		152.7621	-0.8877	3.4293e8	m						CF4
PGC 1139649		206.2001	-0.589	3.4293e8	m						CF4
PGC 1150774		227.9168	-0.1463	3.4293e8	m						CF4
PGC 1160669		191.6391	0.2377	3.4293e8	m						CF4
PGC 1163468		153.6548	0.3415	3.4293e8	m						CF4
PGC 1197624		203.6328	1.528	3.4293e8	m						CF4
PGC 1208119		199.3559	1.8553	3.4293e8	m						CF4
PGC 1212181		144.677	1.9822	3.4293e8	m						CF4
PGC 1251346		152.6755	3.3937	3.4293e8	m						CF4
PGC 1294021		170.0532	6.0687	3.4293e8	m						CF4
PGC 1311346		139.1904	6.9783	3.4293e8	m						CF4
PGC 1315485		232.1391	7.1741	3.4293e8	m						CF4
PGC 1337700		195.3507	8.0509	3.4293e8	m						CF4
PGC 1338457		193.1668	8.0806	3.4293e8	m						CF4
PGC 1343812		124.6929	8.295	3.4293e8	m						CF4
PGC 1357300		166.571	8.9759	3.4293e8	m						CF4
PGC 1370808		241.1441	9.8407	3.4293e8	m						CF4
PGC 1374586		127.3134	10.1024	3.4293e8	m						CF4
PGC 1449820		244.1739	14.1229	3.4293e8	m						CF4
PGC 1455772		212.4565	14.3477	3.4293e8	m						CF4
PGC 1461816		181.8915	14.5849	3.4293e8	m						CF4
PGC 1472976		229.6538	15.0142	3.4293e8	m						CF4
PGC 1498149		126.9419	15.9939	3.4293e8	m						CF4
PGC 1508289		207.7006	16.4167	3.4293e8	m						CF4
PGC 1519956		218.998	16.908	3.4293e8	m						CF4
PGC 1534092		214.9529	17.4921	3.4293e8	m						CF4
PGC 1538500		173.2179	17.6693	3.4293e8	m						CF4
PGC 1553563		227.5272	18.2242	3.4293e8	m						CF4
PGC 1631002		222.4194	20.5739	3.4293e8	m						CF4
PGC 1650915		210.584	21.4824	3.4293e8	m						CF4
PGC 1653468		173.6299	21.6042	3.4293e8	m						CF4
PGC 1667801		172.2742	22.3243	3.4293e8	m						CF4
PGC 1680708		117.9518	23.0602	3.4293e8	m						CF4
PGC 1704048		219.0146	24.2941	3.4293e8	m						CF4
PGC 1723877		198.9743	25.0474	3.4293e8	m						CF4
PGC 1738702		177.8307	25.4961	3.4293e8	m						CF4
PGC 1749571		240.2353	25.7807	3.4293e8	m						CF4
PGC 1772373		122.8026	26.3374	3.4293e8	m						CF4
PGC 1775683		213.22	26.4228	3.4293e8	m						CF4
PGC 1799361		229.7149	27.1547	3.4293e8	m						CF4
PGC 1803006		239.6635	27.2717	3.4293e8	m						CF4
PGC 1808706		149.4416	27.4563	3.4293e8	m						CF4
PGC 1815452		176.9289	27.6946	3.4293e8	m						CF4
PGC 1837202		130.0083	28.4877	3.4293e8	m						CF4
PGC 1838462		123.5766	28.529	3.4293e8	m						CF4
PGC 1845101		120.216	28.7587	3.4293e8	m						CF4
PGC 1860636		165.6599	29.2571	3.4293e8	m						CF4
PGC 1865190		211.8881	29.4036	3.4293e8	m						CF4
PGC 1866706		199.5384	29.4508	3.4293e8	m						CF4
PGC 1885352		199.0716	29.977	3.4293e8	m						CF4
PGC 1892749		174.2886	30.1632	3.4293e8	m						CF4
PGC 1907378		122.3822	30.5281	3.4293e8	m						CF4
PGC 1921643		234.7034	30.8726	3.4293e8	m						CF4
PGC 1934679		239.9151	31.1669	3.4293e8	m						CF4
PGC 1959735		120.6707	31.6973	3.4293e8	m						CF4
PGC 2034516		240.4072	33.5575	3.4293e8	m						CF4
PGC 2067010		217.9314	35.5989	3.4293e8	m						CF4
PGC 2086239		151.3581	36.7499	3.4293e8	m						CF4
PGC 2096531		257.8674	37.2619	3.4293e8	m						CF4
PGC 2096781		251.7355	37.2721	3.4293e8	m						CF4
PGC 2097702		163.1949	37.3109	3.4293e8	m						CF4
PGC 2112787		139.3086	37.9107	3.4293e8	m						CF4
PGC 2139460		134.3676	38.9124	3.4293e8	m						CF4
PGC 2144801		197.7561	39.1743	3.4293e8	m						CF4
PGC 2173235		169.1874	40.9392	3.4293e8	m						CF4
PGC 2182955		190.3905	41.5581	3.4293e8	m						CF4
PGC 2187209		110.2683	41.809	3.4293e8	m						CF4
PGC 2194714		147.4053	42.2261	3.4293e8	m						CF4
PGC 2215168		213.5375	43.1975	3.4293e8	m						CF4
PGC 2243521		215.48	44.4003	3.4293e8	m						CF4
PGC 2263647		180.9643	45.3593	3.4293e8	m						CF4
PGC 2265864		163.5576	45.493	3.4293e8	m						CF4
PGC 2267692		219.2375	45.6054	3.4293e8	m						CF4
PGC 2280808		217.234	46.4159	3.4293e8	m						CF4
PGC 2303727		235.1148	47.7505	3.4293e8	m						CF4
PGC 2314601		179.5302	48.3041	3.4293e8	m						CF4
PGC 2473251		167.0868	54.5598	3.4293e8	m						CF4
PGC 2515085		215.0163	55.8098	3.4293e8	m						CF4
PGC 2523072		219.8403	56.0314	3.4293e8	m						CF4
PGC 2556245		154.4768	57.0703	3.4293e8	m						CF4
PGC 2572076		147.5744	57.8821	3.4293e8	m						CF4
PGC 2584714		150.6343	58.9562	3.4293e8	m						CF4
PGC 3090223		193.3611	17.8126	3.4293e8	m						CF4
PGC 3115677		198.5282	0.5659	3.4293e8	m						CF4
PGC 3121199		238.5486	2.4025	3.4293e8	m						CF4
PGC 3123548		160.7937	3.2352	3.4293e8	m						CF4
PGC 3125061		236.4583	3.8577	3.4293e8	m						CF4
PGC 3126166		212.9672	4.9086	3.4293e8	m						CF4
PGC 3139987		168.8443	65.6313	3.4293e8	m						CF4
PGC 3141104		167.4425	67.7243	3.4293e8	m						CF4
PGC 3356413		148.7202	3.1849	3.4293e8	m						CF4
PGC 3394306		184.4731	5.4114	3.4293e8	m						CF4
PGC 3397923		117.9963	27.836	3.4293e8	m						CF4
PGC 3398915		128.5202	36.0265	3.4293e8	m						CF4
PGC 3401341		178.2463	53.4219	3.4293e8	m						CF4
PGC 3408250		159.7636	58.3323	3.4293e8	m						CF4
PGC 3408525		162.2679	56.9116	3.4293e8	m						CF4
PGC 3448290		126.5131	28.7339	3.4293e8	m						CF4
PGC 3449021		127.6783	3.6831	3.4293e8	m						CF4
PGC 3455890		138.9056	6.9621	3.4293e8	m						CF4
PGC 3475277		177.6006	54.6676	3.4293e8	m						CF4
PGC 3482938		205.0938	56.2023	3.4293e8	m						CF4
PGC 3486477		215.8407	46.0921	3.4293e8	m						CF4
PGC 3496443		241.7148	40.3555	3.4293e8	m						CF4
PGC 3523151		124.6483	5.7603	3.4293e8	m						CF4
PGC 3532510		148.7739	11.4976	3.4293e8	m						CF4
PGC 3535798		156.6738	11.9737	3.4293e8	m						CF4
PGC 3537596		159.2592	12.4259	3.4293e8	m						CF4
PGC 3541900		168.7619	12.4996	3.4293e8	m						CF4
PGC 3548635		182.7142	56.7805	3.4293e8	m						CF4
PGC 3550675		188.331	42.9851	3.4293e8	m						CF4
PGC 3555182		200.2332	11.4758	3.4293e8	m						CF4
PGC 3565746		232.5226	40.3579	3.4293e8	m						CF4
PGC 3573595		256.1407	21.4607	3.4293e8	m						CF4
PGC 3726489		121.0902	11.5672	3.4293e8	m						CF4
PGC 3734205		132.1067	18.0996	3.4293e8	m						CF4
PGC 3739818		138.8445	63.7134	3.4293e8	m						CF4
PGC 3743258		142.8522	14.8083	3.4293e8	m						CF4
PGC 3746164		145.8845	22.996	3.4293e8	m						CF4
PGC 3757840		158.9327	37.5882	3.4293e8	m						CF4
PGC 3775748		175.8087	27.5575	3.4293e8	m						CF4
PGC 3778003		177.7343	32.4016	3.4293e8	m						CF4
PGC 3791108		188.2086	16.7005	3.4293e8	m						CF4
PGC 3791208		188.3057	34.4122	3.4293e8	m						CF4
PGC 3792945		189.5829	17.2145	3.4293e8	m						CF4
PGC 3803850		197.9202	19.5011	3.4293e8	m						CF4
PGC 3805330		199.2363	17.5331	3.4293e8	m						CF4
PGC 3806889		200.5729	16.5726	3.4293e8	m						CF4
PGC 3809151		202.6727	9.0696	3.4293e8	m						CF4
PGC 3810784		204.1866	5.9814	3.4293e8	m						CF4
PGC 3811794		205.1346	51.3721	3.4293e8	m						CF4
PGC 3815697		208.6053	19.5792	3.4293e8	m						CF4
PGC 3820340		212.116	18.9077	3.4293e8	m						CF4
PGC 3822231		213.3847	30.064	3.4293e8	m						CF4
PGC 3830198		219.3378	19.2769	3.4293e8	m						CF4
PGC 3831208		220.011	7.0064	3.4293e8	m						CF4
PGC 3836313		223.6469	5.6132	3.4293e8	m						CF4
PGC 3842181		228.2747	22.7036	3.4293e8	m						CF4
PGC 3846613		231.5106	36.3386	3.4293e8	m						CF4
PGC 3854672		237.6852	25.7374	3.4293e8	m						CF4
PGC 3856098		238.7396	30.024	3.4293e8	m						CF4
PGC 3862159		243.676	7.7814	3.4293e8	m						CF4
PGC 3869848		249.7574	29.7626	3.4293e8	m						CF4
PGC 4142714		115.2365	16.1335	3.4293e8	m						CF4
PGC 4414981		216.047	11.6111	3.4293e8	m						CF4
PGC 4445274		225.7668	9.5069	3.4293e8	m						CF4
PGC 166793		14.7393	-0.6556	3.4435e8	m						CF4
PGC 166807		270.4697	68.7121	3.4435e8	m						CF4
PGC 2800828		226.5752	28.7285	3.4435e8	m						CF4
PGC 25613		136.8238	16.671	3.4451e8	m						CF4
PGC 115363		177.6037	-2.7575	3.4451e8	m						CF4
PGC 154222		146.0937	-0.7931	3.4451e8	m						CF4
PGC 156808		174.6642	-1.5372	3.4451e8	m						CF4
PGC 187173		305.5737	-19.7395	3.4451e8	m						CF4
PGC 712904		101.4063	-30.7925	3.4451e8	m						CF4
PGC 1110567		223.2724	-1.7693	3.4451e8	m						CF4
PGC 1132359		183.8119	-0.8812	3.4451e8	m						CF4
PGC 1147095		191.8851	-0.288	3.4451e8	m						CF4
PGC 1197703		217.6503	1.5306	3.4451e8	m						CF4
PGC 1216893		142.6792	2.1305	3.4451e8	m						CF4
PGC 1216953		205.6805	2.1323	3.4451e8	m						CF4
PGC 1227137		189.6041	2.4434	3.4451e8	m						CF4
PGC 1238004		185.9493	2.8075	3.4451e8	m						CF4
PGC 1241089		237.0083	2.9285	3.4451e8	m						CF4
PGC 1251119		190.0845	3.3821	3.4451e8	m						CF4
PGC 1251663		188.6492	3.4101	3.4451e8	m						CF4
PGC 1257194		182.151	3.7093	3.4451e8	m						CF4
PGC 1257270		131.892	3.7136	3.4451e8	m						CF4
PGC 1280785		184.8165	5.2703	3.4451e8	m						CF4
PGC 1281225		125.5445	5.2999	3.4451e8	m						CF4
PGC 1286361		167.0983	5.6188	3.4451e8	m						CF4
PGC 1287451		227.7657	5.6873	3.4451e8	m						CF4
PGC 1313633		138.9393	7.0906	3.4451e8	m						CF4
PGC 1316144		196.9392	7.2019	3.4451e8	m						CF4
PGC 1356688		194.0969	8.9416	3.4451e8	m						CF4
PGC 1382841		118.0719	10.6709	3.4451e8	m						CF4
PGC 1390572		249.8588	11.2277	3.4451e8	m						CF4
PGC 1393197		202.66	11.412	3.4451e8	m						CF4
PGC 1403905		124.2655	12.1078	3.4451e8	m						CF4
PGC 1425276		179.6486	13.2022	3.4451e8	m						CF4
PGC 1428833		190.0922	13.3523	3.4451e8	m						CF4
PGC 1431197		250.8245	13.4443	3.4451e8	m						CF4
PGC 1445243		189.9807	13.9583	3.4451e8	m						CF4
PGC 1446211		132.424	13.9899	3.4451e8	m						CF4
PGC 1460086		173.0663	14.5113	3.4451e8	m						CF4
PGC 1460886		230.9712	14.5444	3.4451e8	m						CF4
PGC 1470318		216.4191	14.9121	3.4451e8	m						CF4
PGC 1477778		122.9514	15.1928	3.4451e8	m						CF4
PGC 1485792		140.7357	15.4803	3.4451e8	m						CF4
PGC 1500679		204.1492	16.0996	3.4451e8	m						CF4
PGC 1503005		183.6812	16.1936	3.4451e8	m						CF4
PGC 1523744		204.2692	17.063	3.4451e8	m						CF4
PGC 1542423		152.8408	17.8142	3.4451e8	m						CF4
PGC 1545339		178.5738	17.921	3.4451e8	m						CF4
PGC 1554884		229.476	18.2712	3.4451e8	m						CF4
PGC 1570914		204.9447	18.8057	3.4451e8	m						CF4
PGC 1577167		209.0971	18.9973	3.4451e8	m						CF4
PGC 1633516		247.2518	20.6809	3.4451e8	m						CF4
PGC 1634225		226.0289	20.7113	3.4451e8	m						CF4
PGC 1659582		125.7615	21.9038	3.4451e8	m						CF4
PGC 1667439		213.4992	22.3046	3.4451e8	m						CF4
PGC 1671339		115.2159	22.5132	3.4451e8	m						CF4
PGC 1685719		166.5953	23.341	3.4451e8	m						CF4
PGC 1698680		146.1401	24.0482	3.4451e8	m						CF4
PGC 1699654		219.3499	24.0949	3.4451e8	m						CF4
PGC 1734940		245.1748	25.3943	3.4451e8	m						CF4
PGC 1752937		218.9366	25.8671	3.4451e8	m						CF4
PGC 1818050		199.1346	27.7898	3.4451e8	m						CF4
PGC 1818971		169.1451	27.8242	3.4451e8	m						CF4
PGC 1821040		210.2294	27.9008	3.4451e8	m						CF4
PGC 1838572		209.1864	28.5331	3.4451e8	m						CF4
PGC 1849659		236.0225	28.9066	3.4451e8	m						CF4
PGC 1943006		194.7991	31.3489	3.4451e8	m						CF4
PGC 1983020		258.2283	32.1554	3.4451e8	m						CF4
PGC 2011670		230.0031	32.7702	3.4451e8	m						CF4
PGC 2024032		221.9764	33.1243	3.4451e8	m						CF4
PGC 2025559		185.0734	33.1773	3.4451e8	m						CF4
PGC 2031863		162.3556	33.4298	3.4451e8	m						CF4
PGC 2040467		160.1797	33.8852	3.4451e8	m						CF4
PGC 2041896		121.0238	33.9752	3.4451e8	m						CF4
PGC 2044593		242.0002	34.1463	3.4451e8	m						CF4
PGC 2050928		146.4957	34.5533	3.4451e8	m						CF4
PGC 2061815		235.7577	35.2611	3.4451e8	m						CF4
PGC 2063614		209.6658	35.379	3.4451e8	m						CF4
PGC 2071804		155.8259	35.9032	3.4451e8	m						CF4
PGC 2129223		189.0552	38.515	3.4451e8	m						CF4
PGC 2129529		138.1473	38.5267	3.4451e8	m						CF4
PGC 2137817		159.0828	38.8421	3.4451e8	m						CF4
PGC 2195746		190.5393	42.2812	3.4451e8	m						CF4
PGC 2218356		188.0334	43.3371	3.4451e8	m						CF4
PGC 2264744		158.6718	45.4249	3.4451e8	m						CF4
PGC 2273949		217.1493	46.0117	3.4451e8	m						CF4
PGC 2278249		207.7736	46.2668	3.4451e8	m						CF4
PGC 2325974		215.0765	48.801	3.4451e8	m						CF4
PGC 2333889		119.3343	49.114	3.4451e8	m						CF4
PGC 2350276		204.9297	49.6831	3.4451e8	m						CF4
PGC 2364343		224.0455	50.1501	3.4451e8	m						CF4
PGC 2393515		229.6938	51.4033	3.4451e8	m						CF4
PGC 2414162		244.5636	52.4078	3.4451e8	m						CF4
PGC 2430161		242.286	53.0368	3.4451e8	m						CF4
PGC 2439229		131.0284	53.3735	3.4451e8	m						CF4
PGC 2475430		196.6826	54.6337	3.4451e8	m						CF4
PGC 2486783		191.851	54.9871	3.4451e8	m						CF4
PGC 2493824		200.734	55.1964	3.4451e8	m						CF4
PGC 2519570		165.6328	55.9329	3.4451e8	m						CF4
PGC 2527469		179.5737	56.1573	3.4451e8	m						CF4
PGC 2609446		205.9274	60.9466	3.4451e8	m						CF4
PGC 2622825		175.5892	61.6949	3.4451e8	m						CF4
PGC 2641076		135.5637	62.6711	3.4451e8	m						CF4
PGC 2651206		154.8918	63.1878	3.4451e8	m						CF4
PGC 2702776		178.7762	67.6032	3.4451e8	m						CF4
PGC 3088297		126.29	36.9158	3.4451e8	m						CF4
PGC 3088444		255.8965	35.9749	3.4451e8	m						CF4
PGC 3091140		177.2794	11.0441	3.4451e8	m						CF4
PGC 3092178		184.651	4.5775	3.4451e8	m						CF4
PGC 3106421		177.444	-2.0054	3.4451e8	m						CF4
PGC 3107183		176.1562	-1.1442	3.4451e8	m						CF4
PGC 3125433		227.714	4.1507	3.4451e8	m						CF4
PGC 3129920		119.5132	40.868	3.4451e8	m						CF4
PGC 3133104		139.5263	52.0911	3.4451e8	m						CF4
PGC 3138156		148.9138	62.9504	3.4451e8	m						CF4
PGC 3139997		170.2237	65.6581	3.4451e8	m						CF4
PGC 3141080		174.0513	67.674	3.4451e8	m						CF4
PGC 3394702		187.3683	6.2312	3.4451e8	m						CF4
PGC 3403123		122.1008	34.9435	3.4451e8	m						CF4
PGC 3412199		255.5402	35.17	3.4451e8	m						CF4
PGC 3412344		255.1906	32.0944	3.4451e8	m						CF4
PGC 3412691		256.3191	33.515	3.4451e8	m						CF4
PGC 3455377		138.1427	46.0029	3.4451e8	m						CF4
PGC 3461235		147.8291	4.9978	3.4451e8	m						CF4
PGC 3471000		168.2903	6.7752	3.4451e8	m						CF4
PGC 3478014		186.7517	9.7059	3.4451e8	m						CF4
PGC 3483903		208.4132	58.7227	3.4451e8	m						CF4
PGC 3492750		232.6263	45.248	3.4451e8	m						CF4
PGC 3498323		245.4505	39.5159	3.4451e8	m						CF4
PGC 3506291		227.4652	36.2777	3.4451e8	m						CF4
PGC 3520340		112.3056	38.7634	3.4451e8	m						CF4
PGC 3523406		125.6245	6.3099	3.4451e8	m						CF4
PGC 3525886		132.1504	32.1886	3.4451e8	m						CF4
PGC 3536980		158.3463	40.1629	3.4451e8	m						CF4
PGC 3554451		199.0691	43.8824	3.4451e8	m						CF4
PGC 3554544		199.2357	42.8046	3.4451e8	m						CF4
PGC 3561808		221.0001	42.8437	3.4451e8	m						CF4
PGC 3568176		237.6278	28.4332	3.4451e8	m						CF4
PGC 3570036		242.9826	29.4904	3.4451e8	m						CF4
PGC 3721452		112.2206	45.0262	3.4451e8	m						CF4
PGC 3733665		131.3845	14.9766	3.4451e8	m						CF4
PGC 3737680		136.3829	65.8069	3.4451e8	m						CF4
PGC 3738083		136.8207	18.3342	3.4451e8	m						CF4
PGC 3745784		145.5294	18.4296	3.4451e8	m						CF4
PGC 3748362		148.1583	18.1561	3.4451e8	m						CF4
PGC 3750188		150.4004	46.0611	3.4451e8	m						CF4
PGC 3752295		152.9173	14.1149	3.4451e8	m						CF4
PGC 3758795		159.9786	17.4169	3.4451e8	m						CF4
PGC 3763650		164.5728	17.1549	3.4451e8	m						CF4
PGC 3763884		164.7704	16.7458	3.4451e8	m						CF4
PGC 3764467		165.3378	18.3696	3.4451e8	m						CF4
PGC 3767056		167.7468	13.6914	3.4451e8	m						CF4
PGC 3783684		182.5715	25.2086	3.4451e8	m						CF4
PGC 3783884		182.7377	22.0633	3.4451e8	m						CF4
PGC 3789656		187.0884	4.9532	3.4451e8	m						CF4
PGC 3794936		190.9406	14.1609	3.4451e8	m						CF4
PGC 3795677		191.5192	17.2634	3.4451e8	m						CF4
PGC 3798750		194.0535	18.7727	3.4451e8	m						CF4
PGC 3808695		202.2741	19.377	3.4451e8	m						CF4
PGC 3810048		203.5257	7.7226	3.4451e8	m						CF4
PGC 3811174		204.5445	27.5346	3.4451e8	m						CF4
PGC 3814754		207.7257	6.2302	3.4451e8	m						CF4
PGC 3815827		208.7178	30.588	3.4451e8	m						CF4
PGC 3838045		224.8947	15.9936	3.4451e8	m						CF4
PGC 3853903		237.1122	25.8088	3.4451e8	m						CF4
PGC 3877606		256.4994	36.7767	3.4451e8	m						CF4
PGC 4107796		197.5375	39.2717	3.4451e8	m						CF4
PGC 5084138		115.1352	18.7286	3.4451e8	m						CF4
PGC 2422566		213.2371	52.7436	3.4562e8	m						CF4
PGC 166791		13.3557	-21.8505	3.4594e8	m						CF4
PGC 1150526		41.751	-0.1563	3.4594e8	m						CF4
PGC 22212		118.9348	41.2039	3.461e8	m						CF4
PGC 29400		151.7157	69.5458	3.461e8	m						CF4
PGC 30969		157.5941	12.4632	3.461e8	m						CF4
