WISE GG105.635+00.345		338.19681	58.48222	5800	e	emission	7.567		C
WISE GG110.252+00.009		346.58888	60.26887	5800	e	emission	5.1		C
WISE GG111.236-01.238		349.34021	59.48062	5800	e	emission	4.4		Q
WISE GG212.247-01.104		101.56552	0.10653	5800	e	emission	4		Q
WISE GG312.598+00.048		213.30991	-61.27812	5800	e	emission	1.567		C
WISE GG027.756+00.050		280.44964	-4.58233	5900	e	emission	0.8333		Q
WISE GG027.771+00.047		280.45966	-4.56948	5900	e	emission	0.8333		Q
WISE GG045.806-00.353		289.12782	11.27302	5900	e	emission	1.433		Q
WISE GG046.114+00.397		288.5965	11.89466	5900	e	emission	0.9		Q
WISE GG105.509+00.230		338.10171	58.31837	5900	e	emission	3.3		Q
WISE GG108.213-01.293		344.00406	58.24144	5900	e	emission	3.433		C
WISE GG251.234-01.953		120.68046	-34.5302	5900	e	emission	3.767		Q
WISE GG314.218+00.252		216.31307	-60.54658	5900	e	emission	0.8		Q
WISE GG314.222+00.272		216.30627	-60.52646	5900	e	emission	1.067		G
WISE GG314.229+00.283		216.31238	-60.51463	5900	e	emission	0.5		Q
WISE GG314.232+00.272		216.32528	-60.52292	5900	e	emission	0.7333		Q
WISE GG314.288+00.431		216.31982	-60.35497	5900	e	emission	0.6667		G
WISE GG023.438-00.241		278.71552	-8.55152	6000	e	emission	1.567		G
WISE GG045.467+00.135		288.5257	11.20047	6000	e	emission	0.3333		G
WISE GG045.470+00.133		288.52893	11.2022	6000	e	emission	0.3333		G
WISE GG045.484+00.143		288.527	11.22012	6000	e	emission	0.6		G
WISE GG045.544-00.035		288.71653	11.18919	6000	e	emission	1		Q
WISE GG111.046+01.085		347.23204	61.56822	6000	e	emission	2.433		Q
WISE GG135.278+02.796		40.8687	62.95051	6000	e	emission	4.3		Q
WISE GG029.832-00.100		281.53395	-2.80426	6100	e	emission	1.133		Q
WISE GG029.928-00.057		281.53862	-2.69876	6100	e	emission	3.433		G
WISE GG030.817+00.272		281.65306	-1.75717	6100	e	emission	1.1		Q
WISE GG031.567+00.078		282.16714	-1.17782	6100	e	emission	1.533		Q
WISE GG031.580+00.074		282.17663	-1.16808	6100	e	emission	2		G
WISE GG107.683-02.239		343.87166	57.15952	6100	e	emission	3.333		Q
WISE GG111.543+00.775		348.4414	61.46904	6100	e	emission	2.3		G
WISE GG111.567+00.751		348.50658	61.45554	6100	e	emission	2		Q
WISE GG028.597+00.017		280.86378	-3.84904	6200	e	emission	0.5333		Q
WISE GG043.516+00.018		287.71246	9.41723	6200	e	emission	0.3		Q
WISE GG043.524+00.011		287.72297	9.42197	6200	e	emission	1		Q
WISE GG043.530+00.021		287.71722	9.43056	6200	e	emission	0.3333		Q
WISE GG043.537+00.018		287.7223	9.43585	6200	e	emission	0.6		Q
WISE GG094.463-00.803		323.78717	50.88668	6200	e	emission	4.267		Q
WISE GG285.596-00.850		157.63885	-58.89509	6200	e	emission	3.9		C
WISE GG347.599+00.245		257.83868	-39.12387	6200	e	emission	0.9667		G
WISE GG029.862-00.059		281.51113	-2.75886	6300	e	emission	1.033		G
WISE GG044.280-00.526		288.56134	9.84181	6400	e	emission	1.733		Q
WISE GG211.896-01.203		101.31734	0.37366	6400	e	emission	1.867		Q
WISE GG040.017-00.120		286.21052	6.24721	6500	e	emission	2		C
WISE GG040.282-00.220		286.42232	6.43672	6500	e	emission	1.433		Q
WISE GG045.466+00.045		288.60738	11.15731	6500	e	emission	1.167		G
WISE GG094.263-00.414		323.13574	51.03827	6500	e	emission	3.333		C
WISE GG211.535+01.005		103.11717	1.70142	6500	e	emission	4		Q
WISE GG288.675+00.634		164.26462	-59.03471	6500	e	emission	2.567		Q
WISE GG122.775+02.849		12.47831	65.72028	6600	e	emission	6.233		C
WISE GG211.598+01.050		103.18596	1.66586	6600	e	emission	4.967		Q
WISE GG214.635+00.770		104.3216	-1.16434	6600	e	emission	4		Q
WISE GG021.596-00.161		277.78144	-10.14952	6700	e	emission	0.8333		C
WISE GG021.596-00.161		277.78191	-10.14863	6700	e	emission	0.8333		C
WISE GG212.235-03.498		99.4285	-0.975	6700	e	emission	5.333		C
WISE GG259.612-02.698		125.76032	-41.93102	6700	e	emission	3.1		?
WISE GG036.783-00.207		284.80206	3.3323	6800	e	emission	1.4		Q
WISE GG036.792-00.194		284.79459	3.34624	6800	e	emission	1.267		Q
WISE GG036.894-00.134		284.78828	3.46528	6800	e	emission	0.7333		Q
WISE GG037.258+00.084		284.76018	3.88778	6800	e	emission	0.6		Q
WISE GG037.261+00.076		284.7678	3.88725	6800	e	emission	0.6		Q
WISE GG037.265+00.082		284.76563	3.89398	6800	e	emission	0.9667		C
WISE GG037.270+00.089		284.76122	3.90074	6800	e	emission	0.6		Q
WISE GG037.319+00.162		284.71858	3.97768	6800	e	emission	1.533		C
WISE GG037.320+00.168		284.71279	3.98177	6800	e	emission	0.9333		C
WISE GG035.745+00.157		284.00363	2.57593	6900	e	emission	1.2		C
WISE GG043.995-00.011		287.96323	9.82851	6900	e	emission	1.433		Q
WISE GG044.007-00.016		287.97336	9.83683	6900	e	emission	0.9		Q
WISE GG305.265-00.008		197.96653	-62.78617	7000	e	emission	2.933		G
WISE GG033.288-00.018		283.03786	0.30869	7100	e	emission	0.9		Q
WISE GG033.403+00.005		283.06894	0.42199	7100	e	emission	1.533		G
WISE GG033.650-00.026		283.20917	0.62767	7100	e	emission	0.9667		Q
WISE GG033.654-00.017		283.20299	0.63534	7100	e	emission	0.9667		Q
WISE GG032.112+00.096		282.40014	-0.68594	7200	e	emission	0.6		G
WISE GG032.116+00.090		282.40687	-0.68377	7200	e	emission	0.4333		G
WISE GG032.123+00.086		282.41317	-0.68025	7200	e	emission	0.7		G
WISE GG032.123+00.094		282.40739	-0.67617	7200	e	emission	0.6667		G
WISE GG032.709-00.062		282.81257	-0.22533	7200	e	emission	0.9667		Q
WISE GG054.716-00.145		293.32139	19.21723	7200	e	emission	2.833		Q
WISE GG240.319+00.072		116.22003	-24.13028	7200	e	emission	6.933		C
WISE GG327.885+00.147		238.28068	-53.68085	7200	e	emission	0.5667		Q
WISE GG327.916+00.154		238.31365	-53.65578	7200	e	emission	2		C
WISE GG328.165+00.587		238.17767	-53.16379	7200	e	emission	0.7		C
WISE GG030.196-00.171		281.76349	-2.51278	7300	e	emission	1.267		C
WISE GG030.219-00.179		281.78112	-2.49597	7300	e	emission	1.933		C
WISE GG030.296+00.054		281.60834	-2.31978	7300	e	emission	1.367		C
WISE GG030.303+00.041		281.62355	-2.32083	7300	e	emission	1.433		Q
WISE GG030.337-00.119		281.78068	-2.36313	7300	e	emission	0.6333		Q
WISE GG030.410-00.228		281.91244	-2.34747	7300	e	emission	0.9667		G
WISE GG030.652+00.218		281.62491	-1.92817	7300	e	emission	0.6333		Q
WISE GG030.657+00.229		281.61739	-1.9187	7300	e	emission	1.067		Q
WISE GG030.663-00.128		281.93754	-2.07715	7300	e	emission	0.4		Q
WISE GG030.696+00.230		281.63386	-1.88443	7300	e	emission	0.7		Q
WISE GG030.869-00.108		282.01511	-1.88428	7300	e	emission	3.4		C
WISE GG030.898+00.147		281.80086	-1.74302	7300	e	emission	0.9		Q
WISE GG030.969+00.211		281.77541	-1.65019	7300	e	emission	1.033		Q
WISE GG030.973+00.234		281.75721	-1.63524	7300	e	emission	0.8667		Q
WISE GG030.991+00.238		281.76187	-1.6174	7300	e	emission	0.5667		Q
WISE GG103.804+00.405		335.19549	57.57065	7300	e	emission	3.2		Q
WISE GG329.460+00.174		240.26118	-52.6456	7300	e	emission	2.2		C
WISE GG329.475+00.226		240.22375	-52.59648	7300	e	emission	0.8333		Q
WISE GG329.601+00.059		240.5598	-52.63898	7300	e	emission	2.867		C
WISE GG028.781+00.231		280.75822	-3.58803	7400	e	emission	1.633		Q
WISE GG028.788+00.241		280.75251	-3.57723	7400	e	emission	1.233		G
WISE GG028.883-00.020		281.02773	-3.61155	7400	e	emission	0.9667		C
WISE GG029.400-00.093		281.33068	-3.18453	7400	e	emission	0.8333		Q
WISE GG029.475-00.178		281.44026	-3.1575	7400	e	emission	1.4		C
WISE GG030.003-00.267		281.76041	-2.72698	7400	e	emission	0.8		C
WISE GG030.009-00.274		281.76939	-2.72483	7400	e	emission	0.8		Q
WISE GG030.014+00.017		281.5129	-2.58893	7400	e	emission	0.7667		Q
WISE GG030.030+00.005		281.53135	-2.57928	7400	e	emission	1.267		Q
WISE GG045.463+00.028		288.6213	11.14676	7400	e	emission	1.167		G
WISE GG100.205+01.885		328.22415	56.6618	7400	e	emission	5.533		C
WISE GG100.213+01.883		328.2392	56.66586	7400	e	emission	1.967		Q
WISE GG120.152+03.375		5.99647	66.09846	7400	e	emission	3.967		C
WISE GG330.712+00.173		241.79236	-51.81608	7400	e	emission	3.667		C
WISE GG028.226+00.025		280.68753	-4.17581	7500	e	emission	1.367		Q
WISE GG097.661+00.907		325.87141	54.2852	7500	e	emission	4.067		C
WISE GG100.169+02.026		328.01208	56.7491	7500	e	emission	1.467		C
WISE GG311.638+00.301		211.24502	-61.32145	7500	e	emission	1.033		Q
WISE GG026.816+00.239		279.84849	-5.33009	7600	e	emission	1.467		C
WISE GG027.223+00.134		280.13032	-5.01688	7600	e	emission	1.2		Q
WISE GG100.162+01.665		328.41259	56.46314	7600	e	emission	3.333		Q
WISE GG333.375-00.202		245.27487	-50.2544	7600	e	emission	1.333		Q
WISE GG024.356+00.048		278.88319	-7.60353	7700	e	emission	2.5		C
WISE GG024.426+00.221		278.76076	-7.46176	7700	e	emission	1.333		G
WISE GG024.438+00.250		278.73901	-7.43818	7700	e	emission	0.5667		G
WISE GG024.789+00.084		279.05133	-7.20339	7700	e	emission	0.8667		G
WISE GG024.793+00.096		279.04291	-7.19343	7700	e	emission	1.133		G
WISE GG071.150+00.397		302.21079	33.62556	7700	e	emission	4.8		C
WISE GG200.915-01.583		95.89283	9.94117	7700	e	emission	4.333		C
WISE GG024.153+00.163		278.68542	-7.73169	7800	e	emission	0.9667		C
WISE GG024.183+00.119		278.73834	-7.72397	7800	e	emission	1.167		C
WISE GG335.946+00.032		247.76421	-48.2479	7800	e	emission	1.3		Q
WISE GG336.367-00.003		248.2332	-47.96436	7800	e	emission	1.133		C
WISE GG336.888+00.057		248.69254	-47.54035	7800	e	emission	3.5		G
WISE GG336.900-00.033		248.80395	-47.59302	7800	e	emission	0.8667		Q
WISE GG336.915-00.026		248.81022	-47.57656	7800	e	emission	0.7		Q
WISE GG336.978-00.007		248.85358	-47.51794	7800	e	emission	0.3667		C
WISE GG336.986-00.006		248.85939	-47.51068	7800	e	emission	0.5667		C
WISE GG336.990-00.021		248.88087	-47.51853	7800	e	emission	0.9333		C
WISE GG336.994-00.028		248.89142	-47.51963	7800	e	emission	0.5667		C
WISE GG337.001-00.030		248.9006	-47.51581	7800	e	emission	0.7333		Q
WISE GG044.310+00.040		288.0654	10.13133	7900	e	emission	2		C
WISE GG093.857+01.546		320.47821	52.1727	7900	e	emission	5.567		C
WISE GG098.037+01.448		325.75521	54.94053	7900	e	emission	4.233		C
WISE GG200.078-01.634		95.44844	10.65632	7900	e	emission	2.7		C
WISE GG213.031-03.640		99.66404	-1.74693	8000	e	emission	4		Q
WISE GG097.998+01.469		325.67993	54.931	8100	e	emission	1.267		C
WISE GG292.921-00.907		171.07449	-62.0731	8100	e	emission	3.1		C
WISE GG031.568-00.271		282.4778	-1.33699	8200	e	emission	1.167		Q
WISE GG072.506-01.169		304.68311	33.88865	8200	e	emission	4.133		Q
WISE GG101.016+02.590		328.58145	57.71833	8200	e	emission	3.367		C
WISE GG288.670-00.324		163.44196	-59.89676	8200	e	emission	2.333		Q
WISE GG070.149+01.725		300.22186	33.49056	8300	e	emission	2.667		G
WISE GG215.890-02.010		102.41841	-3.54802	8300	e	emission	4		Q
WISE GG320.248-00.278		227.48796	-58.41388	8300	e	emission	1.567		Q
WISE GG070.313+01.662		300.39025	33.59518	8400	e	emission	1.667		G
WISE GG070.315+01.648		300.40476	33.59	8400	e	emission	1.633		Q
WISE GG070.333+01.628		300.4372	33.59555	8400	e	emission	1.967		G
WISE GG093.159+01.865		319.3118	51.9012	8400	e	emission	2.9		C
WISE GG291.070-00.794		167.51233	-61.30768	8500	e	emission	2.067		C
WISE GG320.232-00.286		227.46933	-58.42887	8500	e	emission	0.9		G
WISE GG358.760-00.030		265.68851	-30.0083	8500	e	emission	0.4333		Q
WISE GG358.931-00.038		265.80013	-29.86706	8500	e	emission	0.7667		Q
WISE GG358.938-00.031		265.79652	-29.8569	8500	e	emission	0.4667		Q
WISE GG096.434+01.324		323.83402	53.787	8600	e	emission	3.033		C
WISE GG093.533+01.473		320.19179	51.89219	8700	e	emission	4.5		C
WISE GG096.546+01.358		323.93717	53.88806	8700	e	emission	2.4		Q
WISE GG299.153+00.008		184.61985	-62.62068	8700	e	emission	1.933		C
WISE GG237.317-01.284		113.32953	-22.18339	8800	e	emission	3.9		C
WISE GG074.120+01.503		303.06238	36.7157	8900	e	emission	1.833		Q
WISE GG074.135+01.508		303.06709	36.73236	8900	e	emission	1.967		C
WISE GG145.195+02.987		58.11186	57.81066	8900	e	emission	4.267		Q
WISE GG151.616-00.462		62.5491	50.99274	8900	e	emission	3.767		Q
WISE GG286.951-00.955		159.83415	-59.66265	8900	e	emission	2.367		C
WISE GG026.526-00.267		280.16692	-5.81967	9000	e	emission	1.333		Q
WISE GG096.356+01.291		323.77632	53.71007	9000	e	emission	3.833		C
WISE GG020.550+00.053		277.09566	-10.97616	9100	e	emission	1.367		C
WISE GG261.169-00.897		128.95311	-42.13639	9100	e	emission	1.867		C
WISE GG097.311+03.269		322.66277	55.81113	9200	e	emission	3.867		C
WISE GG217.605-02.617		102.65657	-5.35071	9200	e	emission	4		Q
WISE GG019.516+00.084		276.57665	-11.8769	9300	e	emission	1.933		C
WISE GG075.295+01.321		304.06749	37.59369	9300	e	emission	5.167		Q
WISE GG019.754-00.129		276.88158	-11.76504	9400	e	emission	2.167		C
WISE GG289.944-00.889		165.2928	-60.94929	9400	e	emission	3.4		C
WISE GG019.876-00.093		276.90653	-11.64119	9500	e	emission	0.9		Q
WISE GG025.715+00.048		279.51192	-6.3974	9500	e	emission	0.8667		G
WISE GG025.724+00.058		279.50624	-6.38436	9500	e	emission	1.767		G
WISE GG038.693-00.452		285.8968	4.91843	9900	e	emission	1.4		C
WISE GG053.036+00.113		292.22984	17.86764	10000	e	emission	1.4		G
WISE GG056.413-00.028		294.08926	20.75652	10000	e	emission	2.333		Q
WISE GG020.297-00.214		277.21551	-11.32465	10200	e	emission	1.267		Q
WISE GG056.805-00.422		294.66266	20.90643	10200	e	emission	2		Q
WISE GG331.145+00.133		242.35078	-51.55312	10200	e	emission	1.267		C
WISE GG021.356-00.179		277.68433	-10.36924	10300	e	emission	1.7		C
WISE GG048.635+00.230		289.95461	14.04675	10300	e	emission	0.8		Q
WISE GG052.207+00.688		291.28591	17.41211	10300	e	emission	1.2		Q
WISE GG293.824-00.761		173.00737	-62.21929	10300	e	emission	2.133		C
WISE GG293.829-00.744		173.02861	-62.20459	10300	e	emission	2.133		C
WISE GG021.372-00.228		277.73692	-10.37821	10400	e	emission	0.7667		Q
WISE GG037.639-00.106		285.10464	4.14068	10400	e	emission	1.3		C
WISE GG048.679+00.224		289.98135	14.0828	10400	e	emission	0.8		Q
WISE GG293.952-00.894		173.18319	-62.3856	10400	e	emission	2.5		C
WISE GG293.967-00.984		173.15643	-62.475	10400	e	emission	4		C
WISE GG298.833+00.117		183.96325	-62.47021	10400	e	emission	1.267		C
WISE GG298.834+00.127		183.96837	-62.46044	10400	e	emission	1.267		C
WISE GG298.846+00.121		183.992	-62.46902	10400	e	emission	1.267		C
WISE GG051.678+00.718		290.99563	16.96178	10500	e	emission	2.067		C
WISE GG102.334+03.608		329.35853	59.33196	10500	e	emission	1.367		Q
WISE GG250.655-03.466		118.7442	-34.82741	10500	e	emission	3.633		C
WISE GG052.202+00.722		291.25113	17.4243	10600	e	emission	1.967		G
WISE GG102.311+03.677		329.23983	59.37229	10600	e	emission	1.967		Q
WISE GG102.327+03.681		329.2585	59.38605	10600	e	emission	1.333		C
WISE GG124.637+02.535		16.94708	65.3536	10600	e	emission	5.5		C
WISE GG073.878+01.023		303.39446	36.25072	10700	e	emission	2.367		C
WISE GG074.753+00.912		304.11456	36.9166	10700	e	emission	3.033		C
WISE GG102.354+03.635		329.35572	59.36632	10700	e	emission	4.967		C
WISE GG297.457-00.763		180.67987	-63.11571	10700	e	emission	0.6333		G
WISE GG297.458-00.773		180.67831	-63.12473	10700	e	emission	0.6333		Q
WISE GG297.463-00.733		180.70575	-63.08638	10700	e	emission	1.233		Q
WISE GG297.469-00.767		180.70428	-63.12189	10700	e	emission	1.733		Q
WISE GG297.471-00.735		180.72187	-63.09083	10700	e	emission	0.4667		Q
WISE GG297.472-00.729		180.72694	-63.08414	10700	e	emission	0.7		Q
WISE GG018.665+00.029		276.21937	-12.65603	10800	e	emission	0.5667		C
WISE GG018.667+00.050		276.20131	-12.64444	10800	e	emission	0.7		Q
WISE GG095.052+03.971		318.98196	54.72502	10800	e	emission	3.767		Q
WISE GG337.709+00.091		249.47007	-46.9108	10800	e	emission	2.267		C
WISE GG327.848+00.016		238.37285	-53.80558	11000	e	emission	1.033		C
WISE GG020.234+00.084		276.91707	-11.24106	11100	e	emission	0.5667		Q
WISE GG032.463+00.193		282.47388	-0.32933	11100	e	emission	1.3		G
WISE GG020.321+00.075		276.96597	-11.16911	11300	e	emission	1.633		C
WISE GG318.726-00.222		224.87485	-59.10926	11300	e	emission	2.367		C
WISE GG043.176-00.022		287.59015	9.09674	11400	e	emission	0.3667		G
WISE GG337.004+00.322		248.52168	-47.27619	11400	e	emission	1.767		C
WISE GG020.151-00.057		277.005	-11.38011	11500	e	emission	0.9667		Q
WISE GG043.078+00.002		287.52276	9.0209	11600	e	emission	0.9		Q
WISE GG168.066+00.819		79.30794	39.36836	11600	e	emission	6.867		Q
WISE GG311.563+00.239		211.131	-61.40196	11600	e	emission	0.9		C
WISE GG311.575+00.239		211.15507	-61.39861	11600	e	emission	0.9333		C
WISE GG020.750-00.090		277.31876	-10.86632	11700	e	emission	1		G
WISE GG021.494-00.159		277.73077	-10.23855	11700	e	emission	1.4		C
WISE GG030.588-00.043		281.82896	-2.10467	11700	e	emission	1.533		C
WISE GG031.331-00.159		282.26999	-1.49683	11700	e	emission	0.5333		Q
WISE GG043.175+00.025		287.54793	9.11845	11700	e	emission	0.4333		G
WISE GG043.179+00.020		287.55339	9.12015	11700	e	emission	0.3667		G
WISE GG043.182-00.037		287.60643	9.09514	11700	e	emission	0.6		G
WISE GG043.183+00.018		287.55796	9.12231	11700	e	emission	0.3667		G
WISE GG020.761-00.066		277.30188	-10.84409	11800	e	emission	1		G
WISE GG030.958+00.087		281.88166	-1.71701	11800	e	emission	0.6667		C
WISE GG030.963+00.083		281.88662	-1.71393	11800	e	emission	0.6		C
WISE GG303.484-00.460		194.08934	-63.32647	11800	e	emission	1.467		C
WISE GG337.653-00.180		249.711	-47.13351	11900	e	emission	0.6333		Q
WISE GG337.658-00.162		249.69509	-47.11711	11900	e	emission	3.1		C
WISE GG337.660-00.183		249.72115	-47.13029	11900	e	emission	0.6333		Q
WISE GG337.665-00.176		249.71838	-47.1219	11900	e	emission	0.6333		C
WISE GG302.151-00.949		191.09009	-63.81002	12100	e	emission	2.5		C
WISE GG020.387-00.018		277.08207	-11.15438	12200	e	emission	1.767		C
WISE GG031.049+00.469		281.58227	-1.46127	12200	e	emission	0.9		G
WISE GG043.162-00.071		287.62671	9.06216	12200	e	emission	1.367		G
WISE GG337.696-00.070		249.63173	-47.02741	12200	e	emission	0.9333		Q
WISE GG337.705-00.059		249.62853	-47.01337	12200	e	emission	2.233		C
WISE GG043.146+00.013		287.54378	9.08676	12300	e	emission	0.4333		G
WISE GG043.151+00.011		287.54928	9.0907	12300	e	emission	0.3333		G
WISE GG043.154+00.018		287.5435	9.09705	12300	e	emission	0.5667		G
WISE GG043.094-00.041		287.56843	9.01659	12400	e	emission	1.033		Q
WISE GG043.097-00.052		287.58061	9.01371	12400	e	emission	0.4333		Q
WISE GG303.919-00.687		195.07519	-63.54176	12400	e	emission	1.267		C
WISE GG303.924-00.686		195.08625	-63.53959	12400	e	emission	0.5333		Q
WISE GG303.938-00.690		195.11804	-63.5441	12400	e	emission	0.8333		C
WISE GG303.939-00.684		195.11973	-63.53707	12400	e	emission	0.8667		C
WISE GG019.697-00.268		276.98111	-11.88062	12600	e	emission	0.8333		C
WISE GG019.716-00.261		276.98333	-11.86143	12600	e	emission	1.933		C
WISE GG302.453-00.740		191.7821	-63.60774	12600	e	emission	1.533		Q
WISE GG031.661+00.366		281.95323	-0.96369	12700	e	emission	0.9667		Q
WISE GG027.269+00.148		280.13852	-4.97046	12800	e	emission	0.4		G
WISE GG031.561+00.376		281.8987	-1.04812	12800	e	emission	1.067		C
WISE GG021.137-00.307		277.69661	-10.62262	13000	e	emission	1.467		Q
WISE GG021.185-00.343		277.7512	-10.59762	13000	e	emission	1.833		G
WISE GG021.191-00.321		277.73419	-10.58212	13000	e	emission	1.433		G
WISE GG049.408+00.332		290.23686	14.77801	13100	e	emission	2		C
WISE GG049.420+00.320		290.25408	14.78161	13100	e	emission	1.767		Q
WISE GG064.152+01.281		297.0628	28.12412	13100	e	emission	2.667		C
WISE GG032.793+00.206		282.61325	-0.02882	13200	e	emission	0.9		G
WISE GG034.050-00.298		283.6337	0.8596	13300	e	emission	1.433		Q
WISE GG068.341+01.313		299.51267	31.7357	13300	e	emission	2.033		C
WISE GG310.519-00.220		209.26013	-62.1205	13300	e	emission	3.167		C
WISE GG343.503-00.016		254.83903	-42.54445	13500	e	emission	1.067		G
WISE GG307.396-00.578		202.76703	-63.10574	13600	e	emission	3.567		C
WISE GG310.901-00.373		210.13506	-62.17081	13800	e	emission	3.367		G
WISE GG018.761+00.262		276.05348	-12.46173	14100	e	emission	0.6667		G
WISE GG018.762+00.270		276.04762	-12.45757	14100	e	emission	0.6667		G
WISE GG018.766+00.262		276.05588	-12.45731	14100	e	emission	0.6667		G
WISE GG043.968+00.993		287.04695	10.26752	14100	e	emission	1.667		C
WISE GG066.607+02.060		297.72001	30.63554	14200	e	emission	2.3		Q
WISE GG311.137-00.235		210.54127	-61.97379	14300	e	emission	1.267		C
WISE GG019.971+00.418		276.4903	-11.31906	14400	e	emission	1.567		C
WISE GG317.881-00.068		223.27017	-59.36236	14400	e	emission	0.7		Q
WISE GG317.889-00.065		223.28153	-59.35608	14400	e	emission	0.5667		C
WISE GG317.891-00.052		223.27266	-59.34268	14400	e	emission	1.067		C
WISE GG317.891-00.059		223.27973	-59.34982	14400	e	emission	0.7667		C
WISE GG311.003-00.355		210.33472	-62.12539	14500	e	emission	4.067		C
WISE GG308.031-01.052		204.33427	-63.46842	14600	e	emission	4.933		C
WISE GG308.033-01.053		204.33907	-63.46905	14600	e	emission	1.733		C
WISE GG311.597-00.635		211.72387	-62.22954	14700	e	emission	1.033		Q
WISE GG311.606-00.638		211.74484	-62.23078	14700	e	emission	0.8		Q
WISE GG311.644-00.379		211.66349	-61.97179	14700	e	emission	1.167		C
WISE GG321.114-00.273		228.89168	-57.96387	14700	e	emission	3.533		C
WISE GG317.458-00.533		222.93422	-59.96764	15000	e	emission	1.1		C
WISE GG317.466-00.524		222.9405	-59.95601	15000	e	emission	1.1		C
WISE GG345.648+00.015		256.55937	-40.82634	15100	e	emission	0.7		C
WISE GG062.577+02.389		295.09174	27.31286	15200	e	emission	4.7		C
WISE GG317.426-00.561		222.90191	-60.00697	15200	e	emission	2.367		C
WISE GG317.475-00.586		223.01105	-60.00657	15200	e	emission	0.6333		Q
WISE GG348.713+00.328		258.59233	-38.17452	15600	e	emission	1.5		Q
WISE GG017.221-00.187		275.72049	-14.03305	17100	e	emission	0.9		C
WISE GG017.233-00.183		275.72265	-14.02057	17100	e	emission	0.7		Q
WISE GG010.617-00.405		272.63654	-19.94551	17300	e	emission	2		G
WISE GG015.655-00.480		275.22613	-15.55158	17400	e	emission	0.6667		Q
WISE GG020.432+00.357		276.76565	-10.93922	17500	e	emission	1.4		C
WISE GG010.611-00.375		272.60551	-19.93628	17600	e	emission	0.8667		G
WISE GG012.013-00.205		273.16256	-18.62556	17600	e	emission	0.6333		Q
WISE GG010.618-00.383		272.61604	-19.93489	17700	e	emission	0.3333		G
WISE GG010.621-00.380		272.6153	-19.92994	17700	e	emission	0.4667		G
WISE GG010.623-00.385		272.61954	-19.93099	17700	e	emission	0.7		G
WISE GG010.626-00.373		272.61083	-19.92306	17700	e	emission	0.5		Q
WISE GG010.631-00.388		272.62644	-19.92543	17700	e	emission	0.8667		G
WISE GG010.629-00.342		272.58401	-19.90459	18100	e	emission	0.4		C
WISE GG010.629-00.339		272.58028	-19.90266	18100	e	emission	1.4		C
WISE GG011.156+00.058		272.48249	-19.24993	18200	e	emission	0.9667		Q
WISE GG010.607-00.345		272.57406	-19.9257	18300	e	emission	0.3667		Q
WISE GG010.617-00.336		272.57081	-19.91259	18300	e	emission	0.7667		Q
WISE GG010.621-00.318		272.55704	-19.90088	18300	e	emission	1.4		C
WISE GG348.890-00.190		259.25898	-38.33123	18900	e	emission	0.6667		Q
WISE GG349.712+00.111		259.54908	-37.48631	24300	e	emission	3.333		C
WISE GG349.720+00.120		259.54562	-37.47458	24300	e	emission	0.9667		C
