WD J020129.09-304425.57	WDJ020129.09-304425.57	30.3712	-30.74044	49.054	m	17.05	6677	0.5857
WD J235143.64+102156.44	WDJ235143.64+102156.44	357.93183	10.36568	49.054	m	17.88	5510	0.5928
WD J131913.72+450509.81	WDJ131913.72+450509.81	199.80718	45.08606	49.055	m	14.11	1.308e4	0.3712
WD J095120.10+190011.85	WDJ095120.10+190011.85	147.83376	19.00329	49.058	m	17.7	6377	0.7906
WD J160724.38+293323.51	WDJ160724.38+293323.51	241.85158	29.55653	49.064	m	15.57	1.142e4	0.7281
WD J013715.35+085300.22	WDJ013715.35+085300.22	24.31395	8.8834	49.067	m	17.59	5943	0.6165
WD J120328.67+042653.27	WDJ120328.67+042653.27	180.86945	4.44813	49.072	m	17.5	4988	0.301
WD J052404.05-310359.15	WDJ052404.05-310359.15	81.01686	-31.06643	49.073	m	17.76	6114	0.7466
WD J231035.02-055128.53	WDJ231035.02-055128.53	347.64592	-5.85792	49.089	m	18.34	4651	0.4507
WD J075250.11-151200.79	WDJ075250.11-151200.79	118.2088	-15.20022	49.1	m	17.51	6318	0.6928
WD J061306.68-365417.10	WDJ061306.68-365417.10	93.27784	-36.90475	49.104	m	18.65	4539	0.5128
WD J063411.23+602800.02	WDJ063411.23+602800.02	98.54681	60.46667	49.104	m	18.5	5129	0.7126
WD J204930.79-300502.86	WDJ204930.79-300502.86	312.37831	-30.08413	49.114	m	15.39	1.203e4	0.7034
WD J201439.84+510319.01	WDJ201439.84+510319.01	303.66598	51.05528	49.114	m	19.03	4087	0.4758
WD J170344.45+030128.73	WDJ170344.45+030128.73	255.93519	3.02465	49.131	m	16.98	9047	0.9882
WD J112919.53-484300.53	WDJ112919.53-484300.53	172.33137	-48.71681	49.139	m	17.57	5949	0.6084
WD J085512.59-223647.21	WDJ085512.59-223647.21	133.80246	-22.61311	49.144	m	18.41	4765	0.5104
WD J193538.95-100602.43	WDJ193538.95-100602.43	293.91227	-10.10068	49.151	m	18.47	4798	0.5531
WD J172936.99-810700.33	WDJ172936.99-810700.33	262.40411	-81.11676	49.156	m	18	5337	0.581
WD J204802.38-285721.26	WDJ204802.38-285721.26	312.00994	-28.95591	49.159	m	18.46	4981	0.6309
WD J083009.45+452030.30	WDJ083009.45+452030.30	127.53936	45.34175	49.166	m	15.06	1.022e4	0.4389
WD J235609.18+594742.61	WDJ235609.18+594742.61	359.03823	59.79517	49.17	m	18.46	4707	0.4911
WD J140346.10+064443.32	WDJ140346.10+064443.32	210.94206	6.74537	49.173	m	17.26	7029	0.7586
WD J085520.13-522102.91	WDJ085520.13-522102.91	133.83389	-52.35081	49.177	m	18.63	4504	0.4862
WD J121824.98-082126.82	WDJ121824.98-082126.82	184.6041	-8.35745	49.187	m	16.47	7975	0.6161
WD J202052.16+224551.14	WDJ202052.16+224551.14	305.21733	22.76421	49.187	m	16.22	1.066e4	0.9047
WD J121913.71-031946.02	WDJ121913.71-031946.02	184.80714	-3.32945	49.196	m	17.41	6404	0.6715
WD J044101.74+105940.00	WDJ044101.74+105940.00	70.25725	10.99444	49.197	m	13.85	2.756e4	0.7211
WD J031927.20-210913.04	WDJ031927.20-210913.04	49.86332	-21.15362	49.201	m	15.72	9721	0.5954
WD J223847.39-623224.79	WDJ223847.39-623224.79	339.69748	-62.54022	49.204	m	18.5	4651	0.4956
WD J045905.92-133022.27	WDJ045905.92-133022.27	74.77468	-13.50619	49.225	m	16.56	7341	0.526
WD J102853.05-165913.53	WDJ102853.05-165913.53	157.22102	-16.98709	49.241	m	17.66	5552	0.5138
WD J122714.47-715040.43	WDJ122714.47-715040.43	186.8103	-71.84456	49.251	m	17.78	5562	0.5661
WD J040632.37-043250.48	WDJ040632.37-043250.48	61.63489	-4.54736	49.258	m	17.16	6441	0.5697
WD J064829.83+004254.78	WDJ064829.83+004254.78	102.12431	0.71522	49.266	m	17.01	6661	0.5635
WD J024617.89+421454.35	WDJ024617.89+421454.35	41.57455	42.24843	49.269	m	18.86	4231	0.46
WD J220505.35-351043.35	WDJ220505.35-351043.35	331.2723	-35.17871	49.273	m	18.19	5294	0.6409
WD J170457.23-025704.61	WDJ170457.23-025704.61	256.23846	-2.95128	49.278	m	16.06	8714	0.5726
WD J090149.66+224449.25	WDJ090149.66+224449.25	135.45694	22.74701	49.281	m	18.62	4673	0.5565
WD J054442.66-512935.96	WDJ054442.66-512935.96	86.17777	-51.49332	49.295	m	17.91	5422	0.5714
WD J185949.20+115840.27	WDJ185949.20+115840.27	284.95501	11.97785	49.315	m	15.57	9792	0.5387
WD J224928.95-310731.09	WDJ224928.95-310731.09	342.37063	-31.1253	49.316	m	18.19	5701	0.7999
WD J194936.61+700201.58	WDJ194936.61+700201.58	297.40253	70.03377	49.325	m	18.14	5048	0.5055
WD J113319.39-124900.95	WDJ113319.39-124900.95	173.33081	-12.81693	49.344	m	15.5	1.408e4	0.8523
WD J191451.30-355158.44	WDJ191451.30-355158.44	288.71374	-35.86623	49.354	m	17.96	5365	0.5677
WD J205906.18+404504.34	WDJ205906.18+404504.34	314.77575	40.75121	49.359	m	18.37	5165	0.6558
WD J062842.24+112920.09	WDJ062842.24+112920.09	97.176	11.48892	49.359	m	17.78	5379	0.4941
WD J070925.08-320507.33	WDJ070925.08-320507.33	107.35451	-32.08537	49.361	m	15.6	9951	0.5766
WD J081819.39-121053.36	WDJ081819.39-121053.36	124.58081	-12.18149	49.361	m	17.12	6790	0.6359
WD J022047.07-412224.47	WDJ022047.07-412224.47	35.19614	-41.37346	49.364	m	17.69	5780	0.6037
WD J195402.68-171750.68	WDJ195402.68-171750.68	298.51118	-17.29741	49.369	m	17.91	5626	0.646
WD J101805.04+011123.53	WDJ101805.04+011123.53	154.52101	1.18987	49.39	m	16.33	1.046e4	0.9257
WD J065200.46-004556.79	WDJ065200.46-004556.79	103.00192	-0.76577	49.398	m	20.63		
WD J195308.20+302702.16	WDJ195308.20+302702.16	298.28416	30.4506	49.402	m	17.6	6426	0.7492
WD J202931.05+244321.35	WDJ202931.05+244321.35	307.37938	24.7226	49.405	m	18.38	4808	0.5046
WD J232328.21+725507.22	WDJ232328.21+725507.22	350.86754	72.91867	49.406	m	16.38	7583	0.491
WD J164338.84-331729.10	WDJ164338.84-331729.10	250.91184	-33.29142	49.41	m	16.7	6466	0.407
WD J003415.92-122501.19	WDJ003415.92-122501.19	8.56632	-12.417	49.42	m	17.54	5890	0.5733
WD J113624.28+080216.69	WDJ113624.28+080216.69	174.10118	8.03797	49.421	m	17.84	5300	0.4891
WD J084455.54-440832.35	WDJ084455.54-440832.35	131.23142	-44.14232	49.422	m	15.34	9196	0.4193
WD J080648.05+221551.65	WDJ080648.05+221551.65	121.7002	22.26435	49.43	m	17.79	5768	0.6382
WD J165631.89-830637.15	WDJ165631.89-830637.15	254.13289	-83.11032	49.431	m	16.59	7179	0.4988
WD J101818.10+764027.62	WDJ101818.10+764027.62	154.57542	76.67434	49.434	m	16.41	8144	0.6094
WD J103136.98-371459.24	WDJ103136.98-371459.24	157.90407	-37.24979	49.439	m	17.12	6795	0.6401
WD J083400.26+365924.12	WDJ083400.26+365924.12	128.5011	36.99003	49.44	m	16	9147	0.6128
WD J090640.50-301222.58	WDJ090640.50-301222.58	136.66873	-30.20627	49.445	m	15.77	9587	0.5926
WD J051013.94+043838.43	WDJ051013.94+043838.43	77.5581	4.64401	49.462	m	14.23	2.059e4	0.6292
WD J190102.84-414656.58	WDJ190102.84-414656.58	285.26183	-41.78238	49.462	m	16.1	8638	0.5741
WD J150032.99-560651.88	WDJ150032.99-560651.88	225.13744	-56.11441	49.463	m	18.08	5823	0.7856
WD J141454.80+433658.50	WDJ141454.80+433658.50	213.72834	43.61625	49.471	m	17.26	6406	0.5958
WD J081946.37+373127.93	WDJ081946.37+373127.93	124.94319	37.52443	49.475	m	15.76	1.19e4	0.8372
WD J232703.78+025004.49	WDJ232703.78+025004.49	351.76574	2.83458	49.49	m	17.89	5478	0.5772
WD J230320.84-521922.49	WDJ230320.84-521922.49	345.83685	-52.32292	49.52	m	18.07	5056	0.4828
WD J072946.20-103442.81	WDJ072946.20-103442.81	112.44251	-10.57856	49.541	m	18.46	4779	0.5286
WD J111154.58+033726.28	WDJ111154.58+033726.28	167.97741	3.62397	49.541	m	17.94	5847	0.7303
WD J110629.47-420528.23	WDJ110629.47-420528.23	166.6228	-42.09117	49.545	m	17.96	5828	0.7383
WD J030947.92-562349.41	WDJ030947.92-562349.41	47.44966	-56.39706	49.551	m	14.1	1.974e4	0.5498
WD J194213.00+373156.60	WDJ194213.00+373156.60	295.55417	37.53239	49.563	m	14.48	1.687e4	0.5659
WD J090555.78+162510.30	WDJ090555.78+162510.30	136.4824	16.41953	49.572	m	19.07	4970	0.8859
WD J215832.41-661407.54	WDJ215832.41-661407.54	329.63504	-66.23543	49.582	m	17.87	6163	0.7989
WD J154901.05-231737.09	WDJ154901.05-231737.09	237.25439	-23.29363	49.615	m	18.36	4935	0.5559
WD J191148.18-545604.34	WDJ191148.18-545604.34	287.95074	-54.93454	49.616	m	17.2	6847	0.6844
WD J210813.27-333120.72	WDJ210813.27-333120.72	317.0553	-33.52242	49.62	m	17.3	6451	0.628
WD J151011.84+145330.63	WDJ151011.84+145330.63	227.54934	14.89184	49.623	m	17.2	7878	0.8917
WD J213636.12+220433.34	WDJ213636.12+220433.34	324.15052	22.07593	49.624	m	14.48	1.826e4	0.6254
WD J211812.39-520646.74	WDJ211812.39-520646.74	319.55162	-52.11298	49.642	m	18.54	4619	0.4878
WD J182503.04-293145.02	WDJ182503.04-293145.02	276.26266	-29.52917	49.658	m	15.25	1.082e4	0.5255
WD J101359.85+030553.90	WDJ101359.85+030553.90	153.49935	3.09831	49.665	m	18.09	5073	0.4961
WD J152431.56-413533.05	WDJ152431.56-413533.05	231.13149	-41.59251	49.681	m	18.39	4867	0.5366
WD J224532.21+492316.10	WDJ224532.21+492316.10	341.38419	49.38781	49.683	m	17.92	5864	0.7172
WD J005829.59-021031.71	WDJ005829.59-021031.71	14.6233	-2.17548	49.683	m	17.67	5788	0.5918
WD J051013.52+043855.13	WDJ051013.52+043855.13	77.55634	4.64865	49.684	m	15.38	1.195e4	0.6812
WD J045416.67+633532.53	WDJ045416.67+633532.53	73.56944	63.59237	49.688	m	18.46	5085	0.6652
WD J075929.77+473509.58	WDJ075929.77+473509.58	119.87402	47.58599	49.696	m	16.17	9065	0.6658
WD J222944.45+242240.70	WDJ222944.45+242240.70	337.43522	24.37797	49.702	m	18.56	5065	0.6941
WD J111624.77-093801.79	WDJ111624.77-093801.79	169.10321	-9.63383	49.71	m	18.65	4432	0.4725
WD J200618.66-293941.69	WDJ200618.66-293941.69	301.57776	-29.66158	49.712	m	18.02	5418	0.6099
WD J022552.59+422803.52	WDJ022552.59+422803.52	36.46911	42.46765	49.737	m	18.97	4349	0.5572
WD J102122.59-133736.40	WDJ102122.59-133736.40	155.34413	-13.62678	49.739	m	18.06	5548	0.6771
WD J045730.67+280907.39	WDJ045730.67+280907.39	74.3778	28.15205	49.74	m	18.38	4817	0.5052
WD J213512.53-443626.04	WDJ213512.53-443626.04	323.80222	-44.60723	49.749	m	17.35	7156	0.8159
WD J053306.78-560353.38	WDJ053306.78-560353.38	83.27827	-56.06483	49.749	m	15.93	1.139e4	0.8637
WD J160519.83-412340.76	WDJ160519.83-412340.76	241.33263	-41.39466	49.758	m	18.19	4915	0.4691
WD J135450.19-005149.20	WDJ135450.19-005149.20	208.70913	-0.86367	49.765	m	17.09	7382	0.7515
WD J025545.63+210621.61	WDJ025545.63+210621.61	43.94011	21.106	49.775	m	17.36	6137	0.5585
WD J053600.39-675821.16	WDJ053600.39-675821.16	84.0016	-67.97254	49.776	m	16.8	7217	0.5889
WD J101959.35+521408.78	WDJ101959.35+521408.78	154.99728	52.23577	49.785	m	17.97	5349	0.5566
WD J150711.58-173233.59	WDJ150711.58-173233.59	226.79823	-17.54266	49.791	m	18.02	5329	0.5744
WD J234141.02-030001.72	WDJ234141.02-030001.72	355.42091	-3.00048	49.817	m	18.46	4693	0.4832
WD J183959.65-045939.94	WDJ183959.65-045939.94	279.99855	-4.99443	49.82	m	16.2	7837	0.4626
WD J150942.07+141121.09	WDJ150942.07+141121.09	227.42529	14.18919	49.822	m	17.4	6172	0.5835
WD J142523.05+201912.91	WDJ142523.05+201912.91	216.34606	20.32025	49.825	m	18.37	5758	0.8786
WD J212002.85+152653.73	WDJ212002.85+152653.73	320.01187	15.44826	49.828	m	16.44	9985	0.9007
WD J185652.16-101640.00	WDJ185652.16-101640.00	284.21732	-10.27778	49.832	m	18.84	4653	0.6373
WD J195442.48+001942.48	WDJ195442.48+001942.48	298.67699	0.32847	49.847	m	18.4	4487	0.406
WD J010653.71-460853.67	WDJ010653.71-460853.67	16.7238	-46.14824	49.848	m	15.46	1.128e4	0.6586
WD J135758.49+602855.14	WDJ135758.49+602855.14	209.4937	60.48198	49.859	m	17.73	6139	0.719
WD J205742.67+381216.35	WDJ205742.67+381216.35	314.4278	38.20454	49.871	m	18.49	4876	0.5721
WD J233359.88+545149.56	WDJ233359.88+545149.56	353.49949	54.86377	49.881	m	18.08	5402	0.6147
WD J211812.19-520647.64	WDJ211812.19-520647.64	319.5508	-52.11323	49.882	m	17.89	5374	0.5304
WD J230619.29+180953.43	WDJ230619.29+180953.43	346.58037	18.16484	49.921	m	17.62	6949	0.8705
WD J065419.56+393813.26	WDJ065419.56+393813.26	103.58149	39.63702	49.926	m	15.92	1.088e4	0.7994
WD J203550.05+405438.31	WDJ203550.05+405438.31	308.95852	40.91064	49.93	m	19.08	4488	0.666
WD J054716.98-255254.73	WDJ054716.98-255254.73	86.82076	-25.88187	49.935	m	17.71	5670	0.5641
WD J235122.09-240817.33	WDJ235122.09-240817.33	357.84204	-24.13815	49.947	m	15.36	1.132e4	0.6187
WD J115604.30-365547.72	WDJ115604.30-365547.72	179.01791	-36.92992	49.952	m	17.67	5649	0.5369
WD J012006.24-665607.41	WDJ012006.24-665607.41	20.02601	-66.93539	49.962	m	17.42	6644	0.7209
WD J201417.07+621413.24	WDJ201417.07+621413.24	303.57112	62.23701	49.977	m	17.43	6028	0.5499
WD J021621.31-454756.91	WDJ021621.31-454756.91	34.08879	-45.79914	49.981	m	18.37	5018	0.5943
WD J000053.27-384414.19	WDJ000053.27-384414.19	0.22195	-38.73727	49.984	m	17.4	6164	0.5838
WD J141516.97-493741.26	WDJ141516.97-493741.26	213.82069	-49.62814	49.994	m	18.46	4284	0.3533
WD J050455.93-301204.06	WDJ050455.93-301204.06	76.23304	-30.20113	49.995	m	18.37	4845	0.5085
