PSO J247.3273+03.5932	2MASS J16291840+0335371	247.32744	3.59318	12.315	m	T2	1193
PSO J319.3102-29.6682	WISE J211714.44-294005.2	319.31066	-29.6686	13.141	m	T0:	1218
PSO J149.0341-14.7857	2MASS J09560810-1447065	149.03431	-14.78601	15.291	m	L9	1169
PSO J076.7092+52.6087	2MASS J05065012+5236338	76.70937	52.60822	16.313	m	T4.5	1135
PSO J052.7214-03.8409	2MASS J03305326-0350280	52.72111	-3.84079	16.892	m	L9:	1197
PSO J103.0927+41.4601	2MASS J06522224+4127366	103.09268	41.45993	17.361	m	T0	1395
WISE J085510.83-071442.5		133.78706	-7.24446	2.2779	m	[Y4]	250
WISE J163940.86-684744.6		249.92209	-68.79776	4.5537	m	Y0pec	412
WISE J035000.32-565830.2		57.50142	-56.97509	5.6689	m	Y1	388
WISEPA J154151.66-225025.2		235.46485	-22.84049	5.9916	m	Y1	395
WISE J220905.73+271143.9		332.2741	27.19531	6.1843	m	Y0:	389
WISEPC J140518.40+553421.4		211.3259	55.57257	6.3211	m	Y0.5(pec?)	411
WISE J192841.35+235604.9		292.17206	23.93478	6.4558	m	T6	941
WISE J082507.35+280548.5		126.28064	28.09667	6.5531	m	Y0.5	376
WISEPA J041022.71+150248.5		62.59501	15.0464	6.6094	m	Y0	451
WISE J052126.29+102528.4		80.36013	10.42348	6.6578	m	T7.5	727
CWISE J105512.11+544328.3		163.80363	54.72484	6.8966	m	[sdT8]	686
WISEPC J205628.90+145953.3		314.12052	14.99822	7.1023	m	Y0	464
WISE J004945.61+215120.0		12.43997	21.85543	7.1225	m	T8.5	640
WISEPA J031325.96+780744.2		48.35869	78.12904	7.3746	m	T8.5	570
WISE J200050.19+362950.1		300.20912	36.49749	7.4963	m	T8	765
WISEPA J173835.53+273258.9		264.64807	27.54965	7.6394	m	Y0	450
WISEA J235402.79+024014.1		358.51189	2.67042	7.657	m	Y1	388
WISE J000517.48+373720.5		1.3237	37.62218	7.8802	m	T9	555
WISEP J115013.88+630240.7		177.5579	63.04475	8.2372	m	T8	686
2MASS J00345157+0523050		8.71703	5.3853	8.4175	m	T6.5	899
CWISEP J040235.55-265145.4		60.64959	-26.86362	8.5911	m	[>=Y1]	367
WISENF J193656.08+040801.2		294.23236	4.1312	8.7796	m	[Y0]	460
WISE J071322.55-291751.9		108.34422	-29.29798	9.1491	m	Y0	464
WISEPC J121756.91+162640.2		184.48728	16.44437	9.311	m	T9	566
WISEPC J121756.91+162640.2		184.48728	16.44437	9.311	m	Y0	460
2MASS J03400942-6724051		55.03429	-67.39846	9.3356	m	L7::	1267
WISEPA J045853.89+643452.9		74.72479	64.58131	9.3721	m	T8.5	624
WISEPA J045853.89+643452.9		74.72479	64.58131	9.3721	m	T9.5	511
WISEA J193054.55-205949.4		292.72485	-20.99948	9.4073	m	[>=Y1]	367
WISEA J114156.67-332635.5		175.48561	-33.4432	9.6154	m	Y0	460
WISE J203042.79+074934.7		307.68008	7.82601	9.6185	m	T1.5	1323
WISE J223617.59+510551.9		339.0764	51.09861	9.7276	m	T5.5	1077
WISE J111239.24-385700.7		168.16389	-38.94985	9.7466	m	T9	461
CWISEP J225628.97+400227.3		344.12215	40.04079	9.8232	m	[>=Y1]	367
SDSS J075840.33+324723.4		119.66775	32.78945	9.8717	m	T2.5	1169
WISEPA J182831.08+265037.8		277.12964	26.84387	9.9701	m	>=Y2	406
WISE J033605.05-014350.4		54.02102	-1.73125	10.02	m	Y0	460
2MASS J13243559+6358284		201.14579	63.97427	10.03	m	T2:~pec	1051
WISE J064723.23-623235.5		101.84682	-62.54317	10.05	m	Y1	393
WISEU J050305.68-564834.0		75.77731	-56.8085	10.173	m	[>=Y1]	367
WISEPA J161441.45+173936.7		243.67284	17.65984	10.183	m	T9	510
WISE J094305.98+360723.5		145.77517	36.12315	10.299	m	T9.5	468
WISE J043052.92+463331.6		67.72124	46.55893	10.406	m	T8	516
CWISEP J144606.62-231717.8		221.52632	-23.28947	10.46	m	[>=Y1]	367
WISE J222055.31-362817.4		335.23064	-36.4716	10.471	m	Y0	452
WISEA J181849.59-470146.9		274.70682	-47.0309	10.571	m	[T8.5]	624
WISEPA J231336.40-803700.3		348.4024	-80.61687	10.799	m	T8	675
WISEPC J075946.98-490454.0		119.94572	-49.08167	11.025	m	T8	666
WISEA J083011.95+283716.0		127.54945	28.6163	11.038	m	[>=Y1]	367
WISEPA J161215.94-342027.1		243.0663	-34.3413	11.111	m	T6.5	718
2MASS J19251275+0700362		291.30343	7.01127	11.203	m	L7	1345
WISE J003829.05+275852.1		9.62112	27.98112	11.338	m	T9	545
CWISEP J010527.69-783419.3		16.36883	-78.57247	11.468	m	[T9]	566
WISE J170745.85-174452.5		256.94114	-17.74795	11.628	m	T5:	780
CWISEP J023842.60-133210.7		39.67739	-13.53754	11.655	m	[>=Y1]	367
WISEPA J085716.25+560407.6		134.3174	56.06871	11.723	m	T8	671
WISE J033515.01+431045.1		53.81295	43.17896	11.792	m	T9	495
WISE J120604.38+840110.6		181.51727	84.01948	11.806	m	Y0	454
WISEPA J050003.05-122343.2		75.01266	-12.39526	11.82	m	T8	614
WISE J154214.00+223005.2		235.55802	22.50133	11.862	m	T9.5	472
WISEPA J195905.66-333833.7		299.77362	-33.64276	11.919	m	T8	710
WISE J102557.72+030755.7		156.48969	3.13213	11.962	m	T8.5	594
WISEPC J101808.05-244557.7		154.53355	-24.76624	12.048	m	T8	627
ULAS J232123.79+135454.9		350.34927	13.91494	12.077	m	T7.5	725
WISEA J080622.22-082046.5		121.5932	-8.34964	12.165	m	[T8]	819
WISEA J071301.86-585445.2		108.25778	-58.91236	12.18	m	T9	521
WISE J045746.08-020719.2		74.44231	-2.12228	12.195	m	T2	1259
WISEPC J231939.13-184404.3		349.91309	-18.73459	12.361	m	T7.5	632
WISE J221216.33-693121.6		333.06896	-69.5226	12.407	m	T9	487
WISE J201920.76-114807.5		304.83658	-11.80208	12.516	m	T8:	613
WISE J083337.83+005214.2		128.40829	0.86948	12.547	m	(sd)T9	472
WISE J092055.40+453856.3		140.23053	45.64675	12.594	m	L9	1288
WISEPC J151906.64+700931.5		229.77775	70.15861	12.739	m	T8	612
CWISEP J053644.82-305539.3		84.18684	-30.9276	12.804	m	[T9.5]	511
WISE J122152.28-313600.8		185.4682	-31.60002	13.021	m	T6.5	898
CWISE J004143.77-401929.9		10.4299	-40.3235	13.038	m	T8~pec	686
2MASS J06020638+4043588		90.52766	40.73226	13.089	m	T4.5	985
WISE J032547.72+083118.2		51.44892	8.52169	13.106	m	T7	885
WISEA J173551.56-820900.3		263.96464	-82.15023	13.141	m	T6	804
WISEPA J165311.05+444423.9		253.29587	44.73962	13.21	m	T8	696
WISEPC J220922.10-273439.5		332.34199	-27.57778	13.245	m	T7	751
WISE J001505.87-461517.6		3.77476	-46.25496	13.298	m	T8	656
CWISEP J104756.81+545741.6		161.98548	54.96135	13.298	m	[Y0]	460
WISEA J220304.18+461923.4		330.76956	46.3229	13.316	m	T8	686
WISE J212100.87-623921.6		320.25579	-62.65665	13.351	m	T2	1224
WISE J031624.35+430709.1		49.10196	43.11893	13.387	m	T8	520
WISE J073444.02-715744.0		113.68282	-71.96228	13.423	m	Y0	462
2MASS J03185403-3421292		49.72796	-34.35789	13.495	m	L6.5	1344
WISEU J004851.21+250814.9		12.21465	25.13658	13.514	m	[T8.5]	624
2MASS J17545447+1649196		268.72763	16.82137	13.514	m	T5.5	987
WISEA J215949.54-480855.2		329.95651	-48.14906	13.532	m	T9	549
WISE J035934.06-540154.6		59.89206	-54.03181	13.587	m	Y0	436
WISE J181329.40+283533.3		273.37218	28.59195	13.587	m	T8	734
SDSS J074149.15+235127.5		115.45392	23.85698	13.661	m	T5.5	909
WISE J030449.03-270508.3		46.20456	-27.085	13.68	m	Y0~pec	465
CWISE J091105.02+214645.1		137.77098	21.77981	13.736	m	T9	566
WISE J150115.92-400418.4		225.31685	-40.07198	13.736	m	T6	864
WISEPC J225540.74-311841.8		343.91977	-31.31175	13.736	m	T8	686
WISEA J032309.12-590751.0		50.78806	-59.13081	13.87	m	T7	819
WISEPC J032337.53-602554.9		50.90662	-60.43182	13.947	m	T8.5	617
WISEA J105553.62-165216.5		163.97296	-16.8711	13.947	m	T9.5	511
CWISEP J223022.60+254907.5		337.59325	25.81806	14.025	m	[>=Y1]	367
SDSSp J085758.45+570851.4		134.49227	57.14686	14.038	m	L8	1455
WISE J003110.04+574936.3		7.79447	57.8267	14.085	m	L8	1460
CWISEP J201146.45-481259.7		302.94395	-48.21693	14.085	m	[Y0]	460
2MASS J21543318+5942187		328.63707	59.70367	14.085	m	T6	981
2MASS J12314753+0847331		187.94395	8.7889	14.245	m	T5.5	1047
WISE J054047.00+483232.4		85.19607	48.54189	14.409	m	T8.5	606
CWISEP J193518.59-154620.3		293.82779	-15.77235	14.43	m	[>=Y1]	367
CWISEP J124138.41-820051.9		190.41152	-82.01424	14.472	m	[T8.5]	624
WISE J053516.80-750024.9		83.81995	-75.00676	14.556	m	>=Y1:	410
CWISEP J032109.59+693204.5		50.2937	69.53428	14.599	m	[Y0.5]	412
WISEA J224319.56-145857.3		340.83216	-14.9839	14.641	m	[Y0]	460
2MASSW J1036530-344138		159.22078	-34.69648	14.701	m	L6.5	1368
WISEPC J234446.25+103415.8		356.19277	10.57099	14.706	m	T9	574
CWISEP J093852.89+063440.6		144.72115	6.57699	14.728	m	[Y0]	460
WISEA J082640.45-164031.8		126.66633	-16.67422	14.749	m	L9	1263
WISE J105257.95-194250.2		163.24151	-19.71406	14.749	m	T7.5	785
2MASS J23254530+4251488		351.43849	42.86187	14.784	m	L7.5+/-1	1303
2MASSI J0755480+221218		118.9498	22.20417	14.837	m	T5	1001
2MASS J19010601+4718136		285.27585	47.30534	14.859	m	T5	1064
WISE J223720.39+722833.8		339.3348	72.47603	14.859	m	T6	971
SDSSp J120358.19+001550.3		180.9855	0.26238	14.873	m	L5	1712
VHS J125804.89-441232.4		194.52052	-44.20912	14.925	m	T6	965
CWISE J014837.51-104805.6		27.15643	-10.80137	14.97	m	[T8.5]	624
UGPS J03553200+4743588		58.88505	47.73258	15.06	m	[T6]	864
CWISEP J094005.50+523359.2		145.02227	52.56601	15.06	m	[>=Y1]	367
2MASS J21373742+0808463		324.40967	8.14667	15.137	m	L5	1560
WISEPA J074457.15+562821.8		116.2386	56.4723	15.314	m	T8	726
WISE J152305.10+312537.6		230.77129	31.42696	15.385	m	T6.5pec	612
WISE J061437.73+095135.0		93.65739	9.85973	15.408	m	T7	833
WISEA J201833.67-141720.3		304.64041	-14.28864	15.408	m	[T9]	566
WISE J024714.52+372523.5		41.81066	37.42303	15.432	m	T8	656
WISEA J230228.66-713441.7		345.61945	-71.57822	15.432	m	[T4.5]	705
WISE J105130.01-213859.7		162.87513	-21.64993	15.625	m	T8.5	575
SDSS J090900.73+652527.2		137.25248	65.42407	15.649	m	T1.5	1146
SDSS J074201.41+205520.5		115.50445	20.92152	15.748	m	T5	958
WISE J131833.98-175826.5		199.6415	-17.97401	15.748	m	T8	719
WISE J214155.85-511853.1		325.48291	-51.31488	15.753	m	L6~pec~(blue)	1415
WISEA J225404.16-265257.5		343.51886	-26.8827	15.873	m	[T9.5]	511
WISEA J064750.85-154616.4		101.9622	-15.77092	15.949	m	L9.5	1391
WISE J064205.58+410155.5		100.52329	41.03195	15.974	m	extr.~red	1185
WISE J191915.54+304558.4		289.816	30.76737	16	m	L6	1308
WISEA J030919.70-501614.2		47.33219	-50.27061	16.077	m	T7	819
WISEA J030919.70-501614.2		47.33219	-50.27061	16.077	m	[T7]	819
WISEPA J180435.40+311706.1		271.14727	31.28514	16.077	m	T9.5:	578
CWISEP J063428.10+504925.9		98.61732	50.82258	16.129	m	[Y0]	460
WISEA J163932.75+184049.4		249.88517	18.68034	16.155	m	[T9.5]	511
WISE J235716.49+122741.8		359.3188	12.46118	16.155	m	T6	905
WISE J140035.40-385013.5		210.14749	-38.83727	16.207	m	T4	1031
WISEPC J215751.38+265931.4		329.46396	26.99201	16.34	m	T7	762
WISE J233226.49-432510.6		353.11045	-43.41974	16.367	m	T9:	555
WISEPA J234351.20-741847.0		355.96411	-74.31297	16.42	m	T6	974
WISE J003231.09-494651.4		8.12915	-49.78159	16.447	m	T8.5	609
WISE J072312.44+340313.5		110.80203	34.05366	16.447	m	T9:	631
2MASS J21265916+7617440		321.76412	76.29994	16.59	m	[L7]	1420
2MASS J21265916+7617440		321.76412	76.29994	16.59	m	[T3.5]	1190
WISE J032517.69-385454.1		51.32375	-38.91509	16.611	m	T9	556
WISEA J125721.01+715349.3		194.33121	71.89699	16.611	m	[>=Y1]	367
WISEA J175328.55-590447.6		268.36811	-59.08058	16.611	m	[T8.5]	624
WISEA J030237.53-581740.3		45.65614	-58.29471	16.694	m	Y0:	460
SDSS J104335.08+121314.1		160.89623	12.21939	16.694	m	L9	1252
ULAS J101243.54+102101.7		153.18077	10.34966	16.75	m	T5.5	799
2MASSI J1213033-043243		183.26336	-4.54552	16.813	m	L4.2	1617
WISE J112438.12-042149.7		171.15844	-4.36376	16.835	m	T7	819
CWISE J054025.89-180240.3		85.10784	-18.04457	16.892	m	T5	982
WISE J174303.71+421150.0		265.7655	42.19699	16.892	m	T4.5	1068
SIMP J11322058-3809562		173.08705	-38.16648	16.949	m	L8:~pec	1284
WISEA J211456.86-180519.0		318.73576	-18.08979	16.949	m	[T8]	686
2MASS J22551861-5713056		343.82533	-57.21979	16.99	m	L5.5:	1562
2MASS J22551861-5713056		343.82533	-57.21979	16.99	m	L8:	1335
CWISE J141127.70-481153.4		212.86476	-48.19862	17.182	m	[T6.5]	890
CWISE J114120.42-211024.5		175.3352	-21.17347	17.271	m	T9:	566
WISE J200804.71-083428.5		302.0198	-8.57472	17.301	m	T5.5	896
2MASSI J1010148-040649		152.55983	-4.11391	17.331	m	L5	1416
WISEPA J044853.29-193548.5		72.22236	-19.5966	17.361	m	T5~pec	950
2MASS J22153705+2110554		333.90475	21.18109	17.361	m	T1~pec	1204
CWISEP J235644.78-481456.3		359.18816	-48.24923	17.361	m	[Y0.5]	412
WISE J125015.56+262846.9		192.56344	26.47818	17.391	m	T6.5	889
SDSS J152039.82+354619.8		230.16615	35.77193	17.422	m	L7.5	1364
WISE J011154.36-505343.2		17.97648	-50.89544	17.452	m	T1.5	1239
WISE J004542.56+361139.1		11.4273	36.1941	17.544	m	T5	1021
WISE J125715.90+400854.2		194.31628	40.14829	17.544	m	T7	857
CWISE J183207.94-540943.3		278.03275	-54.16229	17.544	m	T7	819
ULAS J115239.94+113407.6		178.1661	11.56871	17.637	m	T8.5	643
VHS J143311.46-083736.3		218.2976	-8.6268	17.699	m	T8	578
2MASS J23312378-4718274		352.84928	-47.30775	17.699	m	T5	1125
CWISEP J213249.05+690113.7		323.20535	69.02077	17.794	m	[T8.5]	624
WISE J082000.48-662211.9		125.00091	-66.36913	17.825	m	L9.5	1206
2MASSI J1104012+195921		166.00564	19.99005	17.884	m	L5.5	1722
SDSS J121440.95+631643.4		183.67107	63.27871	17.921	m	T4	1085
SDSS J163022.92+081822.0		247.59542	8.30597	17.921	m	T5.5	970
2MASS J16150413+1340079		243.76836	13.66757	18.051	m	T6	906
WISE J144806.48-253420.3		222.02703	-25.57278	18.248	m	T8	626
WISE J124309.61+844547.8		190.78651	84.76301	18.349	m	T9	601
WISE J130141.62-030212.9		195.42341	-3.03703	18.349	m	T8.5	679
CWISE J002727.44-012101.7		6.86425	-1.35052	18.45	m	T9	566
WISEA J064528.39-030247.9		101.36831	-3.04688	18.484	m	T6	817
WISE J230133.32+021635.0		345.38884	2.27641	18.484	m	T6.5	919
WISE J200520.38+542433.9		301.33465	54.40926	18.553	m	sdT8	750
2MASS J06453153-6646120		101.36835	-66.76235	18.587	m	sdL8	1369
CWISEP J085938.95+534908.7		134.91175	53.81867	18.587	m	[Y0]	460
WISE J175510.28+180320.2		268.79278	18.05565	18.657	m	T2	1235
WISEA J064503.72+524054.1		101.2641	52.67961	18.692	m	[T8.5]	624
CWISE J042455.69+000221.5		66.23229	0.03922	18.797	m	T9:	566
CFBDS J013302.27+023128.4		23.26069	2.52461	18.832	m	T8.5	661
WISE J024124.73-365328.0		40.35315	-36.89113	18.832	m	T7	868
2MASS J15461461+4932114		236.56243	49.53257	18.868	m	T3	1261
WISEA J221140.53-475826.7		332.9188	-47.97414	18.868	m	[T8]	759
WISEA J061557.21+152626.1		93.98834	15.43993	18.939	m	T8.5	624
WISEA J133300.03-160754.4		203.25002	-16.13185	18.939	m	T9	689
WISE J070159.79+632129.2		105.49922	63.35807	19.011	m	T3	1281
2MASS J10430758+2225236		160.78075	22.42312	19.084	m	L9	1377
CWISE J120502.74-180215.5		181.26158	-18.03768	19.12	m	T8	686
CWISE J004311.24-382225.0		10.79618	-38.37374	19.231	m	[T8.5]	624
SDSS J121951.45+312849.4		184.96308	31.48034	19.231	m	L9.5	1332
WISE J032301.86+562558.0		50.7593	56.43205	19.268	m	L7	1493
WISE J214706.78-102924.0		326.77827	-10.49007	19.305	m	T7.5	774
WISE J014656.66+423410.0		26.73604	42.56943	19.342	m	T9	566
WISE J014656.66+423410.0		26.73604	42.56943	19.342	m	Y0	460
WISEA J223204.53-573010.4		338.01874	-57.50294	19.342	m	T9	611
CWISE J192636.29-342955.7		291.65112	-34.49866	19.38	m	[T5.5]	1044
ULAS J074502.79+233240.3		116.26078	23.54378	19.417	m	T8.5	624
CWISE J153347.50+175306.7		233.44786	17.88532	19.493	m	[T8]	686
2MASS J21522609+0937575		328.10901	9.63282	19.493	m	L6:	1512
2MASS J21522609+0937575		328.10901	9.63282	19.493	m	L6:	1512
2MASSI J2339101+135230		354.79481	13.86941	19.531	m	T5	1117
WISEPA J022623.98-021142.8		36.59998	-2.19506	19.569	m	[T8]	686
WISEPA J022623.98-021142.8		36.59998	-2.19506	19.569	m	[T9.5]	511
CWISE J205701.64-170407.3		314.25687	-17.0687	19.608	m	[T8.5]	624
WISEPA J143602.19-181421.8		219.00916	-18.23946	19.646	m	T8pec	686
WISE J041358.14-475039.3		63.49238	-47.84417	19.724	m	T9	540
WISE J080700.23+413026.8		121.75097	41.50732	19.724	m	L8~pec	1383
WISEA J162341.27-740230.4		245.92048	-74.04283	19.763	m	L9~(sl.~red)	1202
WISE J174102.78-464225.5		265.26146	-46.70805	19.802	m	L6-8~{gamma}	1145
WISE J054601.19-095947.5		86.50497	-9.99653	19.841	m	T5	1105
WISE J172134.46+111739.4		260.39352	11.29435	19.841	m	T6	1001
2MASS J03101401-2756452		47.55763	-27.94622	19.92	m	L6.5	1465
2MASS J23174712-4838501		349.44838	-48.64693	19.992	m	L6.5~pec~(red)	1537
2MASSI J1526140+204341		231.55705	20.72592	20	m	L5.5	1518
2MASS J04210718-6306022		65.28194	-63.09937	20	m	L5{gamma}	1388
CWISEP J210007.87-293139.8		315.0335	-29.52789	22.831	m	[T9.5]	511
CWISE J113833.47+721207.8		174.64149	72.20192	24.57	m	[T7.5]	751
CWISEP J100854.84+203136.6		152.22829	20.52654	26.954	m	[T9.5]	511
