TOI-7681	TIC 59537824|TOI-7681.01	109.07881	-42.78741	1158.5	m	13.28	6158	1.815	TOI-7681.01:1.6498:14.5:2.15e3:PC
TOI-3711	TIC 355008856|TOI-3711.01	77.16374	66.52611	1158.6	m	13.31	5983	1.89	TOI-3711.01:3.0108:18.2:1.13e3:PC
TOI-7541	TIC 59845928|TOI-7541.01	94.16658	-22.9708	1160	m	12.64	6594	2.028	TOI-7541.01:14.606:13.3:1.13e3:PC
TOI-5779	TIC 102846772|TOI-5779.01	128.61913	70.04812	1161.9	m	13.13	6080	1.83	TOI-5779.01:10.252:11.7:1.03e3:PC
TOI-4711	TIC 177718896|TOI-4711.01	107.31162	-11.06326	1162.2	m	12.61	5337	3.56	TOI-4711.01:3.7081:13.6:1.83e3:PC
TOI-5109	TIC 411930845|TOI-5109.01	79.41302	17.71452	1165.1	m	10.28	9124	4.71	TOI-5109.01:3.2105:20.6:2.04e3:PC
TOI-7110	TIC 266488971|TOI-7110.01	296.58416	56.16668	1165.5	m	13.2	6052	1.84	TOI-7110.01:8.8183:13.2:781:PC
TOI-6754	TIC 261192051|TOI-6754.01	259.29041	-48.76342	1167	m	13.14	7247	1.69	TOI-6754.01:1.9943:17.7:2.35e3:PC
TOI-4236	TIC 36227841|TOI-4236.01	149.85381	-45.44935	1171.1	m	12.74	6115	2.448	TOI-4236.01:0.40214:22.9:3.18e3:PC
TOI-7276	TIC 267808774|TOI-7276.01	293.0823	56.88955	1171.8	m	12.08	5914	3.21	TOI-7276.01:14.232:8.28:1.19e3:PC
TOI-6744	TIC 345056639|TOI-6744.01	277.412	-62.20181	1172	m	13.27	6470	1.72	TOI-6744.01:0.86746:12.8:2.13e3:APC
TOI-3013	TIC 383949205|TOI-3013.01	135.5761	-57.52709	1173.1	m	12.7	5847	2.8	TOI-3013.01:5.4723:11.6:1.62e3:PC
TOI-4793	TIC 65949719|TOI-4793.01	114.55444	-4.00692	1174	m	13.26	6688	1.49	TOI-4793.01:3.4659:15:1.62e3:PC
TOI-6113	TIC 116631353|TOI-6113.01	318.52375	35.07903	1174.2	m	12.31	6178	2.7	TOI-6113.01:4.9219:20.1:1.82e3:PC
TOI-6301	TIC 326809267|TOI-6301.01	22.40659	46.75935	1175.4	m	12.84	6604	1.92	TOI-6301.01:7.1436:11.5:1.5e3:PC
TOI-4962	TIC 210681065|TOI-4962.01	212.61422	-56.98239	1175.5	m	12.64	6987		TOI-4962.01:2.0742::2.23e3:PC
TOI-4231	TIC 127895118|TOI-4231.01	117.47212	-28.35348	1176	m	12.36	8945	1.67	TOI-4231.01:3.297:13.5:1.88e3:PC
TOI-5158	TIC 337647366|TOI-5158.01	131.19136	16.24365	1176	m	12.83	5890	2.26	TOI-5158.01:4.7464:10.3:1.14e3:PC
TOI-5840	TIC 68345291|TOI-5840.01	280.3084	31.54081	1177	m	13.45	6600	1.49	TOI-5840.01:4.0065:16.2:1.61e3:PC
TOI-3637	TIC 370981403|TOI-3637.01	329.23161	53.82653	1178.6	m	12.95	5580		TOI-3637.01:3.733::1.7e3:PC
TOI-1079	TIC 379240073|TOI-1079.01	283.11949	-55.38793	1179.3	m	13.13	6519	1.723	TOI-1079.01:3.1644:14.9:1.75e3:PC
TOI-3068	TIC 458995583|TOI-3068.01	161.41284	-58.13338	1180.3	m	12.78	6809		TOI-3068.01:1.5959::1.73e3:PC
TOI-3121	TIC 14715294|TOI-3121.01	174.75226	-29.84207	1180.6	m	13.12	6296	1.81	TOI-3121.01:5.5168:21.1:1.39e3:PC
TOI-3056	TIC 67798337|TOI-3056.01	185.6645	-58.42911	1181.2	m	13.28	6905	1.77	TOI-3056.01:1.8093:23.2:1.77e3:PC
TOI-6784	TIC 253857911|TOI-6784.01	283.27002	-38.39947	1181.3	m	13.16	6610	1.7	TOI-6784.01:3.1539:15.6:1.86e3:PC
TOI-3213	TIC 314013231|TOI-3213.01	184.0443	-66.05508	1181.8	m	13.04	3932		TOI-3213.01:2.5396::1.05e3:APC
TOI-3692	TIC 240864953|TOI-3692.01	16.81375	53.67178	1182.4	m	13.35	5218		TOI-3692.01:3.321::1.54e3:PC
TOI-6421	TIC 107617930|TOI-6421.01	111.15315	-25.07176	1182.8	m	13.28	6751	1.54	TOI-6421.01:3.7508:17.4:1.53e3:PC
TOI-4215	TIC 7274938|TOI-4215.01	113.83633	-11.0016	1183.5	m	13.09	6915	1.63	TOI-4215.01:1.0994:11:2.03e3:PC
TOI-6214	TIC 314088020|TOI-6214.01	318.8574	56.11983	1183.9	m	12.5	8294	2.44	TOI-6214.01:7.0346:17.6:1.34e3:PC
TOI-3416	TIC 145910571|TOI-3416.01	123.26186	-31.32017	1184.5	m	12.63	8360	1.62	TOI-3416.01:2.3627:14.5:2.32e3:PC
TOI-5946	TIC 366846982|TOI-5946.01	311.80597	47.32396	1186.4	m	12.17	6742	2.95	TOI-5946.01:5.7549:12.5:1.9e3:PC
TOI-5622	TIC 288162228|TOI-5622.01	221.54851	78.99662	1186.9	m	13.29	5414	2.14	TOI-5622.01:3.0594:9.62:1.64e3:PC
TOI-4933	TIC 35106764|TOI-4933.01	224.73155	-56.41524	1187.1	m	12.71	5623		TOI-4933.01:5.3861::1.3e3:PC
TOI-5460	TIC 445990611|TOI-5460.01	106.38895	15.67045	1195.1	m	12.81	6265	2.07	TOI-5460.01:6.2988:12.2:1.41e3:PC
TOI-3152	TIC 467484304|TOI-3152.01	168.61352	-61.55911	1195.7	m	13.36	7691	1.37	TOI-3152.01:0.78151:12:2.57e3:PC
TOI-4924	TIC 307099276|TOI-4924.01	179.52451	-60.77395	1196	m	13	8232		TOI-4924.01:3.1468::2.15e3:PC
TOI-3081	TIC 432467894|TOI-3081.01	146.53977	-49.57732	1196.4	m	13.26	5438	2.63	TOI-3081.01:3.4365:17.7:1.36e3:PC
TOI-6733	TIC 221566773|TOI-6733.01	248.40492	-56.55613	1196.7	m	12.81	6623	2.21	TOI-6733.01:3.253:15.6:2.07e3:PC
TOI-4665	TIC 165201455|TOI-4665.01	56.3004	-41.30984	1196.8	m	13.25	6304	1.66	TOI-4665.01:3.6832:12.5:1.73e3:PC
TOI-3431	TIC 270649648|TOI-3431.01	136.85268	4.28992	1198.6	m	13.13	6438	1.73	TOI-3431.01:3.9197:19:1.61e3:PC
TOI-4855	TIC 44514807|TOI-4855.01	145.69133	-39.78678	1198.8	m	12.95	6419	2.21	TOI-4855.01:7.5872:16.4:823:PC
TOI-5421	TIC 47132480|TOI-5421.01	97.62117	19.86179	1198.9	m	11.77	7787	2.64	TOI-5421.01:6.5553:19.1:1.54e3:PC
TOI-3405	TIC 152326573|TOI-3405.01	119.87006	-30.00613	1203.3	m	13.02	7231	1.6	TOI-3405.01:6.1459:18.4:1.21e3:PC
TOI-5471	TIC 47132361|TOI-5471.01	97.62065	19.79487	1204.5	m	13.28	6329	1.78	TOI-5471.01:4.9017:15.2:1.1e3:PC
TOI-3231	TIC 280857321|TOI-3231.01	173.32243	-67.44928	1206.1	m	11.63	7588	3.28	TOI-3231.01:2.1738:17.3:1.9e3:PC
TOI-4697	TIC 250189842|TOI-4697.01	64.84729	-4.54788	1206.4	m	13.55	5178	2.12	TOI-4697.01:5.0275:13.9:1.51e3:PC
TOI-3244	TIC 208091447|TOI-3244.01	207.89259	-59.76274	1207	m	12.39	8608	2.6	TOI-3244.01:4.6607:21.5:1.72e3:PC
TOI-6579	TIC 308010949|TOI-6579.01	167.21221	-54.31512	1207.2	m	13.36	7081	1.63	TOI-6579.01:3.4732:13.1:1.54e3:PC
TOI-7760	TIC 281170011|TOI-7760.01	144.8325	-50.7616	1208.8	m	12.56	8858		TOI-7760.01:2.7002:18.4:3.23e3:PC
TOI-4984	TIC 177391159|TOI-4984.01	106.06048	-0.3673	1211.6	m	12.44	6084		TOI-4984.01:3.6749::1.63e3:PC
TOI-4122	TIC 156215204|TOI-4122.01	184.96806	83.2357	1212.2	m	12.08	6015	3.3	TOI-4122.01:2.4308:12.4:1.32e3:APC
TOI-3043	TIC 360706000|TOI-3043.01	142.58486	-65.21773	1213.3	m	13.33	6019	2.08	TOI-3043.01:2.3725:14.8:1.22e3:PC
TOI-3072	TIC 451084885|TOI-3072.01	170.55529	-55.52891	1213.4	m	13.27	6879	1.81	TOI-3072.01:2.9828:15.4:2.08e3:PC
TOI-5415	TIC 52517713|TOI-5415.01	84.16415	14.91452	1213.7	m	13.28	7497	1.81	TOI-5415.01:2.9858:17.8:1.85e3:PC
TOI-6385	TIC 16552586|TOI-6385.01	105.77777	39.55143	1216.7	m	13.44	6452	1.51	TOI-6385.01:2.8896:18.7:1.77e3:PC
TOI-3195	TIC 332880327|TOI-3195.01	216.27143	-53.50498	1216.7	m	12.59	6842	2.82	TOI-3195.01:0.66767:17.2:2.28e3:PC
TOI-4810	TIC 281225729|TOI-4810.01	110.19624	-21.67953	1221.9	m	12.75	6688	2.1	TOI-4810.01:2.4163:14.6:1.93e3:PC
TOI-7657	TIC 415084429|TOI-7657.01	114.65608	-20.80297	1223.2	m	13.07	6230	2.02	TOI-7657.01:3.8752:12.9:2.34e3:PC
TOI-5013	TIC 287494667|TOI-5013.01	123.63285	-72.24501	1224.7	m	12.75	6620	2.21	TOI-5013.01:8.9895:13.5:704:PC
TOI-3219	TIC 305492348|TOI-3219.01	178.57541	-62.37515	1227.8	m	12.84	7108	1.83	TOI-3219.01:3.297:17.1:1.91e3:PC
TOI-5270	TIC 424112727|TOI-5270.01	300.0669	22.16209	1229.7	m	12.77	7529	2.22	TOI-5270.01:1.0513:16.1:2.98e3:PC
TOI-7229	TIC 363040636|TOI-7229.01	304.72876	20.39171	1230.4	m	13.02			TOI-7229.01:16.788:::PC
TOI-7601	TIC 111741396|TOI-7601.01	111.19635	-33.68762	1231	m	12.61	6371	2.593	TOI-7601.01:6.723:14.2:1.94e3:PC
TOI-2852	TIC 52869977|TOI-2852.01	102.11399	-32.4577	1232.8	m	13.39	5635	2.07	TOI-2852.01:0.40078:10.1:2.21e3:PC
TOI-7873	TIC 229149738|TOI-7873.01	27.65922	-50.7276	1238.7	m	13.09	6528	1.75	TOI-7873.01:6.3404:24.7:1.43e3:PC
TOI-7000	TIC 154926644|TOI-7000.01	206.08678	85.11283	1238.8	m	12.53	5794	2.92	TOI-7000.01:2.7898:15.3:1.61e3:PC
TOI-2974	TIC 437253811|TOI-2974.01	169.92168	-21.24976	1241.9	m	13.08	5270	2.6	TOI-2974.01:0.68942:16.3:1.83e3:PC
TOI-6118	TIC 125367522|TOI-6118.01	320.89518	38.31383	1242.1	m	11.85	6455	3.44	TOI-6118.01:4.6474:16.2:2.2e3:PC
TOI-3134	TIC 448688668|TOI-3134.01	212.67554	-66.45767	1245.7	m	13.34	6386	2.14	TOI-3134.01:2.2308:22.6:1.84e3:PC
TOI-2914	TIC 90127880|TOI-2914.01	127.62378	-48.82061	1245.8	m	13.21	7902	1.943	TOI-2914.01:3.0516:15.5:2.15e3:PC
TOI-6591	TIC 463868678|TOI-6591.01	154.89624	-57.07109	1245.9	m	11.98	5668	3.74	TOI-6591.01:5.7882:11.7:1.63e3:PC
TOI-3633	TIC 429218084|TOI-3633.01	313.31721	58.09459	1246.2	m	12.24	7233	3.6	TOI-3633.01:2.5266:18.4:1.46e3:PC
TOI-2841	TIC 79930628|TOI-2841.01	120.82061	-42.41105	1246.6	m	12.63	9394	1.92	TOI-2841.01:2.1664:14.5:3.3e3:PC
TOI-3197	TIC 331160996|TOI-3197.01	212.28253	-62.26869	1246.7	m	13.59	5147		TOI-3197.01:2.1972::1.3e3:PC
TOI-2727	TIC 51830822|TOI-2727.01	97.89573	-34.88287	1248.1	m	13.05	5632	2.43	TOI-2727.01:0.67116:12.2:1.9e3:PC
TOI-3391	TIC 173824688|TOI-3391.01	113.15351	-41.7254	1249	m	13.51	6785	1.881	TOI-3391.01:4.7131:19.8:1.64e3:PC
TOI-3233	TIC 265633507|TOI-3233.01	174.56977	-56.96261	1251.2	m	12.83	6959	2.09	TOI-3233.01:0.97879:17.8:2.37e3:APC
TOI-2880	TIC 344140617|TOI-2880.01	108.41241	-48.69622	1251.5	m	13.29	6605	1.79	TOI-2880.01:4.78:13.2:1.81e3:PC
TOI-7862	TIC 379506569|TOI-7862.01	284.4498	-56.4825	1251.7	m	12.59	5913	2.729	TOI-7862.01:6.9216:10:1.91e3:PC
TOI-4986	TIC 5592720|TOI-4986.01	111.52156	-6.08247	1259.6	m	12.87	6345	2.12	TOI-4986.01:6.5946:22.2:1.14e3:PC
TOI-7002	TIC 317290270|TOI-7002.01	280.46182	26.93702	1260.8	m	12.87	6677	2.07	TOI-7002.01:4.9793:12:1.58e3:PC
TOI-6520	TIC 382688257|TOI-6520.01	137.2905	-51.07396	1261.3	m	12.72	5200	3.38	TOI-6520.01:7.6016:19.4:719:PC
TOI-2985	TIC 168384845|TOI-2985.01	166.47988	-27.76834	1262	m	12.96	6382	2.01	TOI-2985.01:3.8997:12.1:1.79e3:PC
TOI-7536	TIC 438298111|TOI-7536.01	96.64552	12.42696	1262.4	m	12.92	6566	2.752	TOI-7536.01:3.3288:14.9:2.78e3:PC
TOI-7432	TIC 192321638|TOI-7432.01	45.65881	46.40087	1267.7	m	12.77	6301	2.39	TOI-7432.01:7.0309:12.9:1.37e3:PC
TOI-7617	TIC 385796857|TOI-7617.01	111.00203	-15.91115	1267.7	m	12.9	6586	2.155	TOI-7617.01:3.9335:10.9:2.44e3:PC
TOI-2860	TIC 419029830|TOI-2860.01	120.50484	-30.62223	1267.8	m	13.47	5722		TOI-2860.01:4.185::1.22e3:PC
TOI-3067	TIC 459157691|TOI-3067.01	161.94934	-59.03318	1269.3	m	11.69	9230	2.29	TOI-3067.01:7.4366:17.5:1.63e3:APC
TOI-3047	TIC 316652224|TOI-3047.01	171.95644	-61.53122	1270.1	m	13.1	7798	1.57	TOI-3047.01:2.7021:15.6:2.08e3:PC
TOI-7398	TIC 122706449|TOI-7398.01	290.93666	40.12485	1270.5	m	13.88	5780	1	TOI-7398.01:2.6068:7.27:1.32e3:PC
TOI-3293	TIC 464445045|TOI-3293.01	282.51078	-62.09416	1270.9	m	13.17	6650	1.75	TOI-3293.01:2.5897:15:1.9e3:PC
TOI-2787	TIC 270677031|TOI-2787.01	87.55474	-53.33074	1272.5	m	13.43	5139	2.5	TOI-2787.01:4.3218:12.7:1.56e3:PC
TOI-4757	TIC 53744258|TOI-4757.01	103.34274	-24.22787	1273.5	m	13.5	6434	1.6	TOI-4757.01:2.0805:11.5:2.16e3:PC
TOI-2895	TIC 315117300|TOI-2895.01	145.32948	-28.35466	1274.1	m	13.31	6749	1.63	TOI-2895.01:8.7859:10.3:1.41e3:PC
TOI-6332	TIC 101133275|TOI-6332.01	54.97713	34.45952	1274.2	m	13.38	6690	2.04	TOI-6332.01:1.663:16.7:2.29e3:PC
TOI-7150	TIC 352284958|TOI-7150.01	19.24714	71.09365	1276.5	m	13.09	6571	2.14	TOI-7150.01:0.88181:9.47:2.26e3:PC
TOI-3736	TIC 98620619|TOI-3736.01	79.70351	43.81594	1280.4	m	13.33	6876	1.795	TOI-3736.01:2.2091:20:2.09e3:PC
TOI-6756	TIC 314193010|TOI-6756.01	278.47006	-40.16855	1281.8	m	13.46	6500	1.63	TOI-6756.01:4.9354:16.6:1.56e3:PC
TOI-3616	TIC 173298412|TOI-3616.01	346.75241	47.04458	1284.8	m	12.05	7316	2.9	TOI-3616.01:2.4189:20.9:1.9e3:PC
TOI-6763	TIC 96829917|TOI-6763.01	265.32364	-49.1639	1285.4	m	13.25	7085	1.67	TOI-6763.01:2.4519:17.3:1.87e3:PC
TOI-4220	TIC 346995484|TOI-4220.01	117.3534	-14.56468	1289.9	m	13.47	7246		TOI-4220.01:1.9139::1.96e3:PC
TOI-2594	TIC 229167359|TOI-2594.01	91.21639	8.36517	1295.5	m	10.26	8528	5.28	TOI-2594.01:2.6828:23.5:1.5e3:PC
TOI-3229	TIC 290263093|TOI-3229.01	173.70832	-64.73169	1295.6	m	13.05	8532	2.06	TOI-3229.01:5.2123:19.4:1.82e3:PC
TOI-5206	TIC 159117779|TOI-5206.01	192.90521	78.02724	1297.3	m	12.87	5972	2.41	TOI-5206.01:4.4716:17.5:1.79e3:PC
TOI-2885	TIC 140019355|TOI-2885.01	115.51778	-18.88999	1301.6	m	11.75	9608	2.28	TOI-2885.01:6.3351:15.3:1.6e3:PC
TOI-2772	TIC 435934762|TOI-2772.01	83.47982	10.27641	1301.6	m	12.87	6294		TOI-2772.01:2.8504::1.81e3:PC
TOI-2926	TIC 34499178|TOI-2926.01	146.89435	-44.93892	1301.8	m	13.18	6632	1.92	TOI-2926.01:2.4249:13.9:2.2e3:PC
TOI-6139	TIC 468765355|TOI-6139.01	332.04934	46.89485	1305.9	m	13.1	6486	1.97	TOI-6139.01:10.33:16.3:1.01e3:PC
TOI-7380	TIC 53461742|TOI-7380.01	102.89169	-26.99263	1306	m	13.3	6627	1.69	TOI-7380.01:4.4137:18.2:1.57e3:PC
TOI-7319	TIC 40093986|TOI-7319.01	300.40557	40.27888	1308	m	13.42	5891	2.08	TOI-7319.01:2.5918:15.5:1.84e3:PC
TOI-3768	TIC 268172361|TOI-3768.01	83.37946	45.08172	1309.8	m	12.99	7166	1.993	TOI-3768.01:2.1803:18.4:2.27e3:PC
TOI-3752	TIC 81597356|TOI-3752.01	46.81184	64.39536	1310.2	m	12.9	4879		TOI-3752.01:2.8054::1.29e3:PC
TOI-6603	TIC 90048949|TOI-6603.01	204.21265	-55.27045	1311	m	12.96	7155	2.37	TOI-6603.01:5.0158:14.7:1.96e3:PC
TOI-6107	TIC 152245179|TOI-6107.01	119.88841	-32.70607	1311.5	m	11.83	7810	2.642	TOI-6107.01:3.7899:23.9:2.67e3:PC
TOI-5939	TIC 27230283|TOI-5939.01	294.59884	51.65194	1316.3	m	13.18	6078	2.08	TOI-5939.01:6.1305:12.5:1.54e3:PC
TOI-7514	TIC 187495749|TOI-7514.01	77.87772	41.11063	1317.6	m	12.84	8155	1.747	TOI-7514.01:1.8461:9.32:3.04e3:PC
TOI-7326	TIC 193081156|TOI-7326.01	304.9169	46.83657	1320.5	m	13.14	6309	2.24	TOI-7326.01:5.4584:10.1:1.43e3:PC
TOI-4274	TIC 290388627|TOI-4274.01	173.71816	-63.44582	1321.3	m	13.4	8878	1.7	TOI-4274.01:0.44593:20.4:4.06e3:PC
TOI-7741	TIC 308664375|TOI-7741.01	121.90101	-64.77762	1321.5	m	12.73	6626		TOI-7741.01:3.5686:13.1:2.75e3:PC
TOI-2979	TIC 311252710|TOI-2979.01	151.88566	-43.62941	1322.4	m	13.52	6364		TOI-2979.01:5.4913::1.03e3:PC
TOI-6765	TIC 420369105|TOI-6765.01	251.03706	-58.98463	1324.3	m	12.17	7566	2.61	TOI-6765.01:2.7967:19.4:1.44e3:PC
TOI-5009	TIC 463781038|TOI-5009.01	261.29437	-40.58347	1324.4	m	11.9	9169	3.44	TOI-5009.01:8.1756:17.9:2.29e3:PC
TOI-6589	TIC 91794828|TOI-6589.01	171.47389	-53.31006	1325.9	m	13.38	6821	1.78	TOI-6589.01:3.059:17.7:1.86e3:PC
TOI-5921	TIC 286545058|TOI-5921.01	312.98712	19.56644	1329.6	m	13.06	6152	2.22	TOI-5921.01:5.0114:15.4:1.48e3:PC
TOI-7768	TIC 36811910|TOI-7768.01	150.69263	-47.80152	1334	m	12.3	6179		TOI-7768.01:5.4019:14.8:2.43e3:PC
TOI-2948	TIC 357896777|TOI-2948.01	138.35777	-62.44643	1335.3	m	13.18		1.18	TOI-2948.01:2.7558:14.8:1.26e3:PC
TOI-5006	TIC 449107129|TOI-5006.01	216.4712	-69.83585	1340	m	11.91	8653	2.88	TOI-5006.01:4.255:14.5:2.37e3:PC
TOI-7671	TIC 140190514|TOI-7671.01	127.60026	-41.96902	1343.3	m	12.8			TOI-7671.01:6.4288:::PC
TOI-6453	TIC 66242670|TOI-6453.01	109.27399	-24.13672	1344.2	m	13.05	6621	1.98	TOI-6453.01:6.8688:12.8:1.51e3:PC
TOI-4783	TIC 218988652|TOI-4783.01	124.82529	-21.95696	1349.6	m	12.68	8297	1.69	TOI-4783.01:6.752:19.5:1.06e3:APC
TOI-709	TIC 396720998|TOI-709.01|TOI-709.02	65.65539	-54.14718	1350.3	m	13.99	5e4	0.147	TOI-709.01:32.377:3.68:2.13e3:APC;TOI-709.02:777.05:1.34:738:PC
TOI-6533	TIC 464544047|TOI-6533.01	156.61735	-56.54554	1350.5	m	13.2	8849	1.56	TOI-6533.01:2.8656:11.2:2.48e3:PC
TOI-7120	TIC 64198376|TOI-7120.01	321.74255	52.16135	1353.6	m	12.87	7099	3.17	TOI-7120.01:3.1739:17.4:2.14e3:PC
TOI-6941	TIC 74389253|TOI-6941.01	83.55403	26.67957	1353.8	m	13.43	6610	2.17	TOI-6941.01:2.9372:15.9:1.97e3:PC
TOI-2780	TIC 317546777|TOI-2780.01	88.24416	-16.28621	1354	m	12.85	7169	1.92	TOI-2780.01:4.9062:17.8:1.11e3:PC
TOI-3648	TIC 433144048|TOI-3648.01	40.71523	39.57893	1354.6	m	13.04	5858	2.4	TOI-3648.01:2.9235:15.7:1.64e3:PC
TOI-6502	TIC 75580659|TOI-6502.01	139.17216	-44.58481	1355.1	m	12.95	7304	2.43	TOI-6502.01:5.0712:15.4:2.02e3:PC
TOI-3345	TIC 21997420|TOI-3345.01	268.05232	-45.1783	1356.2	m	13.21	7222	1.84	TOI-3345.01:2.1918:20.2:2.13e3:PC
TOI-2896	TIC 310537530|TOI-2896.01	128.91606	-62.11498	1362.2	m	12.8	5434	3.36	TOI-2896.01:1.3476:18.1:1.63e3:PC
TOI-4200	TIC 53593542|TOI-4200.01	100.36783	-3.89237	1362.6	m	13.56	5640		TOI-4200.01:1.0276::1.98e3:PC
TOI-7099	TIC 430415564|TOI-7099.01	332.62476	48.09706	1365.4	m	12.91	6231	2.46	TOI-7099.01:4.4265:14.9:1.97e3:PC
TOI-4104	TIC 235664497|TOI-4104.01	277.71766	19.79601	1367.4	m	13	6676	2.2	TOI-4104.01:2.3758:19.1:1.98e3:PC
TOI-2737	TIC 445946478|TOI-2737.01	102.19368	12.28247	1368.7	m	12.57	6272	2.91	TOI-2737.01:3.3329:13.3:2.25e3:PC
TOI-5869	TIC 210169818|TOI-5869.01	307.09911	18.24243	1368.8	m	13.25	6236	1.95	TOI-5869.01:3.388:19.5:1.7e3:PC
TOI-6423	TIC 141458054|TOI-6423.01	117.25776	-19.23198	1370.5	m	13.36	6392	1.85	TOI-6423.01:1.3648:15.8:1.55e3:PC
TOI-4273	TIC 133331642|TOI-4273.01	149.75141	-48.19866	1370.7	m	13.3	6728	2.23	TOI-4273.01:2.9347:23.9:1.79e3:PC
TOI-7436	TIC 305830609|TOI-7436.01	12.93336	48.58064	1372.4	m	12.16	6525	3.26	TOI-7436.01:4.0616:13.9:1.25e3:PC
TOI-3172	TIC 398502253|TOI-3172.01	161.3212	-68.46059	1373.4	m	13.54	6212	1.913	TOI-3172.01:3.0031:16.5:1.82e3:PC
TOI-6474	TIC 189097100|TOI-6474.01	140.42216	-29.10808	1373.8	m	12.2	8753		TOI-6474.01:1.6069::2.83e3:PC
TOI-3817	TIC 99572130|TOI-3817.01	107.50471	70.97638	1387	m	13.15	6313	2.059	TOI-3817.01:4.8505:17.4:1.63e3:PC
TOI-4891	TIC 458199018|TOI-4891.01	159.39689	-56.74351	1393.2	m	12.88			TOI-4891.01:2.4498::1.35e3:PC
TOI-3113	TIC 94346376|TOI-3113.01	177.10465	-52.48341	1394.9	m	13.27	5980		TOI-3113.01:3.1339::1.71e3:PC
TOI-7355	TIC 160652910|TOI-7355.01	323.24719	33.4541	1401.9	m	13.05	5956	2.57	TOI-7355.01:3.6814:13.6:1.78e3:PC
TOI-2831	TIC 259165246|TOI-2831.01	113.51937	-15.93399	1402.7	m	12.08	9669	2.11	TOI-2831.01:2.6927:13.9:2.6e3:PC
TOI-4983	TIC 80137654|TOI-4983.01	105.14916	-20.56475	1403.2	m	13.01	5951		TOI-4983.01:5.7527::1.48e3:PC
TOI-3186	TIC 363632843|TOI-3186.01	147.89964	-62.786	1403.7	m	13.36	7520	1.636	TOI-3186.01:3.6131:23.3:1.8e3:PC
TOI-5900	TIC 224635135|TOI-5900.01	312.3167	22.04423	1407	m	13.32	5960	2.22	TOI-5900.01:2.4667:18.8:1.7e3:PC
TOI-3063	TIC 463103749|TOI-3063.01	153.11472	-58.08119	1411.8	m	12.6			TOI-3063.01:1.9513::1.46e3:PC
TOI-2960	TIC 462072242|TOI-2960.01	150.43954	-54.11365	1421.2	m	13	6600	2.36	TOI-2960.01:2.0917:22.2:2.82e3:PC
TOI-4717	TIC 269190305|TOI-4717.01	105.73741	-0.80334	1422.7	m	13.19	8132	1.55	TOI-4717.01:4.1583:16:1.74e3:PC
TOI-3012	TIC 437560683|TOI-3012.01	141.41661	-54.84123	1423.3	m	13.76	5804		TOI-3012.01:3.092::1.25e3:PC
TOI-5167	TIC 458686504|TOI-5167.01	133.81794	11.54887	1425	m	13.39	6504	1.8	TOI-5167.01:4.874:14.3:1.49e3:PC
TOI-4795	TIC 107090327|TOI-4795.01	110.65453	-26.50645	1429.9	m	12.92	7143		TOI-4795.01:2.7431::1.9e3:PC
TOI-5284	TIC 171312653|TOI-5284.01	298.74838	36.16288	1430.3	m	13.48	6555	1.86	TOI-5284.01:2.0327:21.5:1.64e3:PC
TOI-3695	TIC 203096531|TOI-3695.01	38.25993	45.28581	1432	m	13.4	6231	1.97	TOI-3695.01:0.60416:28.9:3.44e3:APC
TOI-4250	TIC 269249506|TOI-4250.01	118.80043	-48.70315	1432.8	m	13.42	7156	1.77	TOI-4250.01:4.0186:14:1.9e3:PC
TOI-4442	TIC 446158352|TOI-4442.01	88.7547	82.88901	1435.2	m	13.48	6557	1.75	TOI-4442.01:4.0434:16.8:1.49e3:PC
TOI-5596	TIC 203144354|TOI-5596.01	106.33656	42.84791	1439.3	m	13.3	6164	2.17	TOI-5596.01:0.3643:15.3:2.28e3:APC
TOI-5020	TIC 310266243|TOI-5020.01	251.32038	-76.16664	1440.2	m	13.33	6279	2.04	TOI-5020.01:5.345:11.9:1.69e3:PC
TOI-2898	TIC 308612785|TOI-2898.01	121.48705	-61.6672	1441.1	m	13.43	7186	1.714	TOI-2898.01:3.6128:17.6:1.79e3:PC
TOI-7611	TIC 231451287|TOI-7611.01	115.26012	-23.82336	1442.4	m	12.44	8752	2.015	TOI-7611.01:16.881:11.2:1.66e3:PC
TOI-5665	TIC 274223601|TOI-5665.01	250.00045	53.79136	1443.9	m	13.39	6064	2.03	TOI-5665.01:2.2465:13.4:2.1e3:PC
TOI-2776	TIC 35636165|TOI-2776.01	102.2192	-16.7805	1444.7	m	13.37	7911	1.83	TOI-2776.01:3.4591:17.1:1.84e3:PC
TOI-7645	TIC 264691112|TOI-7645.01	109.60381	8.19771	1450	m	13.26	6140	2.087	TOI-7645.01:4.7554:11.5:2.11e3:PC
TOI-7442	TIC 196389062|TOI-7442.01	14.91291	46.14649	1450	m	13.48	6639	1.78	TOI-7442.01:2.6359:14.8:1.78e3:PC
TOI-6938	TIC 114600571|TOI-6938.01	88.44156	18.47875	1454.1	m	13.16	6473	2.46	TOI-6938.01:4.879:15.4:1.99e3:PC
TOI-6215	TIC 431114892|TOI-6215.01	335.03951	51.55615	1459.3	m	13.05	8011	1.68	TOI-6215.01:2.0323:15.3:2.34e3:PC
TOI-5845	TIC 209935997|TOI-5845.01	298.10172	16.66839	1465.6	m	11.46	8944	3.3	TOI-5845.01:1.9081:18.2:2.42e3:PC
TOI-4202	TIC 237603062|TOI-4202.01	103.31075	2.93698	1466.8	m	13.52	5248		TOI-4202.01:2.669::1.45e3:PC
TOI-4904	TIC 464388115|TOI-4904.01	156.22238	-56.95048	1470.8	m	12.59	8765	1.92	TOI-4904.01:2.4118:19.3:1.88e3:PC
TOI-6063	TIC 67031480|TOI-6063.01	83.00694	36.58868	1476.1	m	10.42	1.021e4	5.54	TOI-6063.01:2.1142:17.4:2.33e3:PC
TOI-7616	TIC 285212983|TOI-7616.01	119.88332	-45.45377	1477	m	12.84	1e4	1.662	TOI-7616.01:1.9623:11.9:2.95e3:APC
TOI-7209	TIC 425706173|TOI-7209.01	288.20864	28.9509	1488.5	m	12.6	7495	2.39	TOI-7209.01:2.6343:13.5:2.56e3:PC
TOI-4619	TIC 238586172|TOI-4619.01	91.10829	22.49945	1490.5	m	13.82	7407	1.564	TOI-4619.01:3.4732:16.7:1.77e3:PC
TOI-3020	TIC 45191604|TOI-3020.01	130.15522	-57.22384	1498.4	m	13.44	7124	1.79	TOI-3020.01:3.0327:19.7:1.61e3:PC
TOI-4203	TIC 72494421|TOI-4203.01	93.33481	-11.49231	1500.3	m	13.59	5304		TOI-4203.01:2.9531::1.19e3:PC
TOI-4811	TIC 334414389|TOI-4811.01	122.97251	6.97499	1506.8	m	12.21	4959	5.298	TOI-4811.01:0.98283:21.8:2.08e3:PC
TOI-3079	TIC 441444262|TOI-3079.01	145.3063	-54.34913	1508.1	m	13.64			TOI-3079.01:1.9892::1.45e3:PC
TOI-7223	TIC 157808355|TOI-7223.01	280.25552	38.20944	1510.6	m	13.32	6251	2.1	TOI-7223.01:5.3384:13.3:1.24e3:PC
TOI-3130	TIC 453396346|TOI-3130.01	150.7847	-72.26779	1511.7	m	13.56	5117	2.922	TOI-3130.01:0.44152:31.5:2.53e3:PC
TOI-6512	TIC 72542944|TOI-6512.01	151.58792	-39.09202	1515.5	m	13.17	6421	2.25	TOI-6512.01:2.5011:15.7:1.22e3:PC
TOI-2955	TIC 464326872|TOI-2955.01	155.86214	-55.93576	1517	m	13.09	7366	2.43	TOI-2955.01:0.55423:16.3:2.98e3:PC
TOI-3142	TIC 387791274|TOI-3142.01	217.30186	-62.05383	1517.5	m	13.23			TOI-3142.01:1.1537:::PC
TOI-3384	TIC 118603213|TOI-3384.01	130.22347	-19.85123	1520.4	m	12.21	7257	2.82	TOI-3384.01:1.8592:16.4:2e3:PC
TOI-4211	TIC 385654601|TOI-4211.01	110.79242	-13.21962	1523.5	m	12.93	6671		TOI-4211.01:2.2716::1.84e3:PC
TOI-7017	TIC 1881298619|TOI-7017.01	299.07439	44.4323	1526.5	m	13.17	6743	2.42	TOI-7017.01:5.0827:19:1.71e3:PC
TOI-5216	TIC 256561562|TOI-5216.01	299.93761	61.65316	1526.9	m	12.94	6818	2.28	TOI-5216.01:1.8951:10.2:2.38e3:PC
TOI-3411	TIC 150424946|TOI-3411.01	117.40192	-34.4511	1531.6	m	13.14			TOI-3411.01:7.0628:::PC
TOI-6400	TIC 88999533|TOI-6400.01	123.19219	-4.24771	1533.7	m	12.35	7455	2.57	TOI-6400.01:5.0359:15.1:2.13e3:PC
TOI-7454	TIC 130087198|TOI-7454.01	37.77737	40.72496	1544.4	m	13.24	6227	2.23	TOI-7454.01:3.1734:17.9:2.26e3:PC
TOI-3821	TIC 88485645|TOI-3821.01	105.86841	60.85255	1555.2	m	13.04	7054	2.108	TOI-3821.01:2.5973:23.7:2.18e3:PC
TOI-6237	TIC 430431091|TOI-6237.01	332.67597	48.65277	1556	m	13.26	6866	2.11	TOI-6237.01:4.1534:15.5:1.66e3:PC
TOI-7678	TIC 284586930|TOI-7678.01	110.61653	-36.50433	1557.2	m	13.11	6681	2.665	TOI-7678.01:1.6571:17.3:1.83e3:PC
TOI-7767	TIC 163493945|TOI-7767.01	174.07722	-43.01588	1561.2	m	13.22	5977		TOI-7767.01:2.5082:16.6:2.15e3:PC
TOI-6943	TIC 262137985|TOI-6943.01	106.52248	10.7323	1581	m	12.34	6749	3.03	TOI-6943.01:5.6907:15.2:1.69e3:PC
TOI-7098	TIC 313922260|TOI-7098.01	345.38326	53.96824	1601.2	m	13.19	7662	1.94	TOI-7098.01:1.3822:17.6:2.58e3:PC
TOI-4874	TIC 463754499|TOI-4874.01	154.77371	-58.77487	1605.9	m	13.11	8277	2.41	TOI-4874.01:2.2867:14.7:2.38e3:PC
TOI-3982	TIC 25773352|TOI-3982.01	352.55647	53.15635	1619.2	m	12.93	7469	2.3	TOI-3982.01:5.3439:16.9:1.66e3:PC
TOI-7158	TIC 431033767|TOI-7158.01	334.67862	53.78139	1622.6	m	13.12	7482	2.13	TOI-7158.01:3.3386:11.9:1.96e3:PC
TOI-7092	TIC 195483731|TOI-7092.01	310.14245	47.2996	1631.8	m	13.07	7469	2.51	TOI-7092.01:1.1022:16.3:2.28e3:PC
TOI-7737	TIC 238334463|TOI-7737.01	120.60931	-49.32551	1651.7	m	12.34	6882		TOI-7737.01:6.1682:14.6:2.33e3:PC
TOI-3204	TIC 326662822|TOI-3204.01	188.60156	-69.75809	1656.8	m	13.31	5173		TOI-3204.01:4.0447::1.38e3:PC
TOI-2888	TIC 80713983|TOI-2888.01	121.95741	-45.37704	1658.8	m	11.19	9307		TOI-2888.01:4.2187:::PC
TOI-4769	TIC 333814134|TOI-4769.01	116.28572	-14.33764	1662.7	m	12.51	8676		TOI-4769.01:2.8636::2.89e3:PC
TOI-4872	TIC 310822679|TOI-4872.01	152.91159	-48.20591	1670.6	m	12.64	7938	2.52	TOI-4872.01:1.7125:9.78:2.94e3:PC
TOI-7828	TIC 441058440|TOI-7828.01	145.01701	-55.84819	1675	m	12.37			TOI-7828.01:3.8045:::PC
TOI-3190	TIC 344745774|TOI-3190.01	156.68069	-66.50489	1680	m	13.31	7833	2	TOI-3190.01:2.6699:16.2:2.29e3:PC
TOI-3070	TIC 452049244|TOI-3070.01	173.39914	-56.7024	1689	m	13.37	6520	2.41	TOI-3070.01:0.65872:20.2:2.67e3:PC
TOI-2773	TIC 420962989|TOI-2773.01	82.08319	-19.6215	1695.3	m	12.99	6232	2.81	TOI-2773.01:0.59934:14.3:2.12e3:APC
TOI-3784	TIC 339503267|TOI-3784.01	92.84631	65.76238	1702.5	m	13.29	5646	3.022	TOI-3784.01:4.9387:21.3:1.82e3:PC
TOI-3009	TIC 357634632|TOI-3009.01	137.9487	-60.6247	1705.6	m	12.91	9582	1.83	TOI-3009.01:3.3653:16.7:2.37e3:PC
TOI-6496	TIC 374741750|TOI-6496.01	151.04891	-60.12623	1713.4	m	13.13			TOI-6496.01:0.99422:::PC
TOI-6539	TIC 310497279|TOI-6539.01	152.68095	-48.27263	1724.9	m	13.25	7743	2.02	TOI-6539.01:2.3646:14.4:2.07e3:PC
TOI-4208	TIC 280304556|TOI-4208.01	100.89891	-1.15846	1725.4	m	13.66			TOI-4208.01:1.7233:::PC
TOI-3421	TIC 145023816|TOI-3421.01	122.09261	-30.09545	1787.4	m	13.35	7132	2.14	TOI-3421.01:2.8389:16.9:1.78e3:PC
TOI-4813	TIC 333810741|TOI-4813.01	116.29097	-12.84035	1798.2	m	13.31			TOI-4813.01:4.0492:::PC
TOI-5439	TIC 247912728|TOI-5439.01	88.00564	13.20432	1810.2	m	13.39	7649	2	TOI-5439.01:5.0776:18.6:1.69e3:PC
TOI-2875	TIC 385658469|TOI-2875.01	110.77871	-11.99052	1833.1	m	12.54	8573	2.72	TOI-2875.01:3.4142:15.9:2.43e3:PC
TOI-3935	TIC 372207084|TOI-3935.01	330.75507	67.6234	1872.2	m	13.42	6206		TOI-3935.01:1.2258::2.03e3:PC
TOI-4743	TIC 23725901|TOI-4743.01	108.74649	-0.24293	1882.4	m	13.08	7968	2.14	TOI-4743.01:6.2185:19.4:1.48e3:PC
TOI-3933	TIC 388393034|TOI-3933.01	347.96796	56.8621	1898.7	m	13.23	8523	2.46	TOI-3933.01:1.9755:17.7:2.4e3:PC
TOI-3193	TIC 334757798|TOI-3193.01	213.96428	-60.83684	1907.3	m	13.61	5322		TOI-3193.01:2.3019::1.4e3:PC
TOI-3178	TIC 381996371|TOI-3178.01	208.70086	-62.68515	1937.2	m	12.07			TOI-3178.01:2.9331:::PC
TOI-2854	TIC 50989813|TOI-2854.01	109.10083	-4.73066	1961.5	m	12.55	9267	2.46	TOI-2854.01:0.90086:13.1:3.02e3:PC
TOI-4075	TIC 627323667|TOI-4075.01	23.9436	65.63879	1965.8	m	13.07			TOI-4075.01:3.0492:::PC
TOI-2954	TIC 464328419|TOI-2954.01	155.8413	-55.67899	1968.3	m	12.37	1.274e4		TOI-2954.01:4.8402::3.15e3:PC
TOI-3640	TIC 200917197|TOI-3640.01	54.53824	40.47555	2005.3	m	12.14	8273	3.49	TOI-3640.01:1.2205:43.3:3.91e3:PC
TOI-4716	TIC 268689126|TOI-4716.01	105.24334	-2.25915	2046.8	m	12.99	7666	2.59	TOI-4716.01:5.2376:16.2:2.17e3:PC
TOI-7553	TIC 10487354|TOI-7553.01	111.02206	-2.62509	2058.5	m	12.88	7903	2.462	TOI-7553.01:2.4971:16.9:3.07e3:PC
TOI-3076	TIC 447593267|TOI-3076.01	157.39923	-53.65887	2138.8	m	11.85	1.468e4		TOI-3076.01:7.8596::2.11e3:PC
TOI-4915	TIC 440937096|TOI-4915.01	144.84067	-55.29414	2147.1	m	11.72			TOI-4915.01:3.3362:::PC
TOI-3363	TIC 385858569|TOI-3363.01	138.75902	-54.31426	2157.7	m	10.25	8582		TOI-3363.01:9.7434:::PC
TOI-5408	TIC 430093142|TOI-5408.01	96.31948	20.53585	2162.6	m	12.85	7575	3.31	TOI-5408.01:0.95984:17.4:2.4e3:PC
TOI-684	TIC 462162948|TOI-684.01	150.43364	-59.85003	2228.8	m	9.853	9488	2.359	TOI-684.01:19.851:8.78:673:PC
TOI-4760	TIC 291332861|TOI-4760.01	94.32429	9.63744	2406.5	m	13.41	8540		TOI-4760.01:7.7223::1.44e3:PC
TOI-3061	TIC 463590116|TOI-3061.01	154.32823	-58.27711	2578.8	m	13.49	6040		TOI-3061.01:1.3186::1.84e3:PC
TOI-6313	TIC 192487723|TOI-6313.01	46.50429	47.46139	2579.2	m	13.43	8121	2.62	TOI-6313.01:4.9571:15.9:2.42e3:PC
TOI-4830	TIC 1260235|TOI-4830.01	131.4076	-26.50305	2694	m	12.25	4876		TOI-4830.01:7.6945::852:PC
TOI-3223	TIC 297668572|TOI-3223.01	180.60643	-66.52916	2825.1	m	13.23	3906		TOI-3223.01:4.6337::1.04e3:PC
TOI-1039	TIC 461867584|TOI-1039.01	149.68855	-58.76045	2864.3	m	8.548			TOI-1039.01:4.4201:::APC
TOI-2869	TIC 409264172|TOI-2869.01	109.65712	-13.06478	2887.2	m	12.95	8531		TOI-2869.01:1.7198::2.24e3:PC
TOI-5031	TIC 46807139|TOI-5031.01	230.78962	-58.72678	3154.9	m	13.3	3605		TOI-5031.01:4.5314::1.1e3:PC
TOI-2994	TIC 36718161|TOI-2994.01	150.75692	-43.7999	3222.1	m	12.15	9045		TOI-2994.01:4.0258::2.18e3:PC
TOI-2542	TIC 431971818|TOI-2542.01	120.55691	-23.52337	4625.1	m	14.98	5780		TOI-2542.01:4.1134::1.14e3:PC
TOI-1356	TIC 277566483|TOI-1356.01	311.19458	54.50216	4772.6	m	8.947	8381		TOI-1356.01:24.254::1.75e3:PC
TOI-3048	TIC 304426002|TOI-3048.01	177.79614	-65.31683	4849.9	m	12.37			TOI-3048.01:5.7673:::PC
TOI-3367	TIC 131730580|TOI-3367.01	147.79303	-49.41056	5366.2	m	10.7			TOI-3367.01:3.7493:::PC
TOI-4078	TIC 444724127|TOI-4078.01	25.09299	65.20388	5406.9	m	12.23	6323		TOI-4078.01:3.1639::1.6e3:PC
TOI-3064	TIC 463070290|TOI-3064.01	152.99211	-59.75371	5724.2	m	10.43	3194		TOI-3064.01:0.67717::1.18e3:PC
TOI-3209	TIC 319806044|TOI-3209.01	174.49574	-61.47106	6817.5	m	13.08	4298		TOI-3209.01:1.3509::1.81e3:PC
TOI-3518	TIC 1712954983|TOI-3518.01	288.77399	30.78547	7470.1	m	13.3	5436	1.17	TOI-3518.01:2.9662:16.5:1.12e3:PC
TOI-800	TIC 179308757|TOI-800.01	79.76592	-69.63793	7596.9	m	12.33	5780	1	TOI-800.01:0.96573:3.27:1.84e3:APC
TOI-3961	TIC 272219353|TOI-3961.01	355.74446	62.29012	9842	m	12.87	5354		TOI-3961.01:3.5435::1.65e3:PC
TOI-3029	TIC 465540915|TOI-3029.01	163.67547	-60.34779	11925	m	10.83	3600		TOI-3029.01:2.0252::1.27e3:PC
TOI-3207	TIC 320994166|TOI-3207.01	175.20411	-65.0269	14728	m	13.31			TOI-3207.01:4.0997:::PC
