PSR J1851+1021_P		282.89417	10.35	13258	e	0.8679	191.2			
PSR J2016+3711		304.03808	37.18622	13298	e	0.05081	428	SNR:G74.9+1.2(CTB87)	HE	
PSR J1950+2352_P		297.73333	23.86667	13342	e	0.3198	342.5			
PSR J1959+3620		299.90846	36.34142	13350	e	0.4061	273			
PSR J1737-3320		264.29379	-33.33889	13381	e	0.8163	804			
PSR J2004+3304_P		301.03375	33.06667	13411	e	1.193	410.1			
PSR J1833-0209		278.27255	-2.15456	13426	e	0.2919	325.9			
PSR J1649-3935		252.27783	-39.59561	13459	e	0.7709	290			
PSR J1719-4302		259.95317	-43.03654	13472	e	0.2355	298.1			
PSR J1410-6132		212.5983	-61.5356	13510	e	0.05005	961	GRS:4FGL_J1411.5-6133	HE	
PSR J1231-5929		187.92733	-59.48681	13527	e	0.4098	356.2			
PSR J1958+3156_P		299.63333	31.93333	13532	e	5.565	401.2			
PSR J1819-1008		274.91661	-10.14111	13539	e	0.3015	404			
PSR J1852-0947		283.00921	-9.79306	13545	e	3.02	239.3			
PSR J2005+3547		301.32289	35.79039	13558	e	0.615	401.6			
PSR J1802-3346		270.73	-33.77917	13673	e	2.461	217			
PSR J1910+1017		287.60885	10.29836	13676	e	0.4112	633.8			
PSR J0855-4658		133.83154	-46.97294	13740	e	0.5751	472.7			
PSR J2011+3520_P		302.77	35.33333	13769	e	0.9432	438.1			
PSR J1718-4539		259.54958	-45.65442	13805	e	0.5905	254			
PSR J1748-30		267	-30.28333	13823	e	0.3827	584			
PSR J1913+1145		288.43291	11.75897	13830	e	0.3061	643.5			
PSR J1902+0809_P		285.58333	8.15	13849	e	0.1902	436.9			
PSR J1708-38		257.225	-38.06667	13886	e	0.6698	526			
PSR J1902+1141		285.50917	11.68486	13888	e	0.4091	269.1			
PSR J1856+0711_P		284.1175	7.18333	13911	e	0.611	325.7			
PSR J1819-0925		274.96062	-9.43002	13935	e	0.852	379.6			
PSR J1846-0749		281.58227	-7.82261	13987	e	0.3501	389.1			
PSR J1704-3549		256.11012	-35.82439	13998	e	2.271	291.6			
PSR J1809-0743		272.39967	-7.71706	13998	e	0.3139	240.7			
PSR J1915+1150		288.81921	11.84317	14003	e	0.1	699.8			
PSR J1653-4105		253.35573	-41.09044	14022	e	0.499	419.4			
PSR J1843+0333_P		280.93667	3.55	14037	e	0.8233	294.4			
PSR J1707-4417		256.92254	-44.28861	14055	e	5.764	380		RRAT	
PSR J1755-33		268.8	-33.51667	14084	e	0.9595	266.5			
PSR J1243-5735		190.89742	-57.59522	14147	e	0.4712	270.6			
PSR J1808-1726		272.17625	-17.44083	14163	e	0.241	536			
PSR J1751-3323		267.88635	-33.39433	14170	e	0.5482	295.5			
PSR J1921+1006_P		290.43333	10.1	14170	e	3.345	362		RRAT	
PSR J1703-38		255.85833	-38.2	14172	e	6.443	375		RRAT	
PSR J1841-1404		280.39292	-14.07194	14207	e	1.335	267			
PSR J1717-4043		259.44963	-40.73056	14244	e	0.3979	452.6			
PSR J1840-0753		280.19833	-7.89222	14291	e	0.4379	691			
PSR J1914+0219		288.59914	2.32994	14316	e	0.4575	235.4			
PSR J1649-4729		252.32612	-47.49806	14322	e	0.2977	540.2			
PSR J1919+0134		289.93159	1.58238	14371	e	1.604	191.6			
PSR J2005+3552		301.44792	35.87342	14371	e	0.3079	455			
PSR J1853+0853		283.34196	8.88806	14400	e	3.915	237			
PSR J1812-2102		273.08721	-21.04333	14443	e	1.223	547.2			
PSR J1723-40		260.8	-39.81667	14478	e	1.982	347			
PSR J1844-0136_P		281.08417	-1.6	14493	e	0.4172	901			
PSR J1810-1709		272.61754	-17.1575	14520	e	1.161	670			
PSR J1950+2556_P		297.51667	25.93333	14547	e	2.039	420.4			
PSR J1908+0136_P		287.16458	1.6	14550	e	1.104	310.4			
PSR J1638-3951		249.56483	-39.86639	14679	e	0.7711	249			
PSR J2019+3718_P		304.78625	37.3	14754	e	0.5052	461.6			
PSR J1813-2113		273.41627	-21.21951	14819	e	0.4265	459.1			
PSR J2022+3812_P		305.6925	38.2	14832	e	0.2938	460			
PSR J1801-2115		270.38538	-21.255	14872	e	0.4381	778.8			
PSR J1822-1617		275.6525	-16.29306	14878	e	0.8312	647			
PSR J1856+0805_P		284.04042	8.08333	14883	e	0.2762	308.8			
PSR J2057+2128		314.40932	21.46816	14921	e	1.167	73.31			
PSR J1826-1526		276.5525	-15.43417	14925	e	0.3821	530			
PSR J1846+0657_P		281.5575	6.95	14963	e	2.244	224.2			
PSR J1913+0453_P		288.45708	4.88333	15045	e	0.00609	297			
PSR J1949+2516_P		297.40417	25.26667	15048	e	0.4103	425.7			
PSR J1758-2206		269.68521	-22.1125	15054	e	0.4303	678			
PSR J1740-2540		265.18883	-25.67194	15058	e	1.693	333			
PSR J1518-60		229.55	-60.48333	15144	e	0.5107	420			
PSR J2030+3833_P		307.62917	38.55	15175	e		417		RRAT	
PSR J1653-4854		253.48625	-48.91417	15189	e	3.06	354			
PSR J1702-3932		255.55983	-39.54444	15193	e	0.3903	530			
PSR J1704-3756		256.23944	-37.94525	15250	e	0.3052	405.7			
PSR J1832+0204_P		278.22625	2.06667	15295	e	1.213	226.4			
PSR J1946+2757_P		296.68333	27.95	15334	e	0.743	458			
PSR J1920+1515_P		290.09167	15.25	15389	e	1.603	655.5			
PSR J1700-4939		255.094	-49.65417	15416	e	0.5784	278			
PSR J1750-3116A		267.69167	-31.26667	15423	e	0.005333	383.1	GC:Terzan_6		
PSR J2024+3751_P		306.13708	37.85	15461	e	0.2116	446.6			
PSR J1745-2229		266.31962	-22.48722	15563	e	1.161	299			
PSR J1300-6602		195.11221	-66.038	15567	e	1.143	460			
PSR J1822-0902		275.64894	-9.04975	15672	e	0.1489	448.1			
PSR J1652-5154		253.13658	-51.90294	15681	e	0.5997	265.8			
PSR J1848-0601		282.08479	-6.01881	15698	e	0.225	496.6			
PSR J1853+0427		283.44586	4.46144	15732	e	1.321	549.3			
PSR J1322-62		200.725	-62.85	15750	e	1.045	733.6			
PSR J1910+1026		287.70314	10.44792	15894	e	0.5315	712.8			
PSR J1755-2025		268.89917	-20.41667	15975	e	0.3222	364.3			
PSR J1822-0907		275.66583	-9.12667	16079	e	0.9747	467			
PSR J1913+0523		288.34467	5.39967	16100	e	0.662	333.6			
PSR J1709-3626		257.43816	-36.43434	16109	e	0.4479	394			
PSR J1800-2114		270.05125	-21.23861	16111	e	1.799	641			
PSR J1739-26		264.85	-26.38333	16138	e	0.4901	354			
PSR J1646-4308		251.73042	-43.13528	16162	e	0.8407	595			
PSR J1945+2410_P		296.31667	24.16667	16187	e	2.378	478.4			
PSR J1842+0638		280.54167	6.6375	16256	e	0.313	212.2			
PSR J1843+0526_P		280.93	5.43333	16299	e	2.035	250.5			
PSR J1819-1131		274.99229	-11.52472	16393	e	1.388	578			
PSR J1719-3458		259.80059	-34.97289	16427	e	0.4938	530			
PSR J1537-61		234.2625	-61.7	16581	e	0.3695	288.7			
PSR J1851+0843_P		282.82625	8.71667	16621	e	0.2889	246.3			
PSR J1717-40435		259.25833	-40.72528	16632	e	0.3499	539			
PSR J2005+3411_P		301.4375	34.18333	16669	e	0.6511	489			
PSR J1847+0614_P		281.89167	6.23333	16828	e	1.663	270.5			
PSR J1647-3607		251.94379	-36.11778	16873	e	0.2123	228.5		RRAT	
PSR J1919+1527_P		289.95833	15.45	16926	e	1.371	697.5			
PSR J1536-6142		234.24072	-61.70322	16941	e	0.3695	292			
PSR J1700-39		255.025	-39.71667	16972	e	3.746	509			
PSR J1817-1938		274.27842	-19.64333	17004	e	2.047	519.6			
PSR J1948+2438_P		297.09583	24.63333	17019	e	1.903	450		RRAT	
PSR J1809-1429		272.43962	-14.49028	17144	e	0.8953	409.3			
PSR J1653-4030		253.39263	-40.50039	17188	e	1.019	425			
PSR J1818-0151		274.60737	-1.865	17391	e	0.8375	209			
PSR J1855+0424_P		283.75	4.4	17395	e	2.22	678.5			
PSR J1820+0006_P		275.11542	0.1	17490	e	2.405	187.9			
PSR J1706-4310		256.51879	-43.1725	17546	e	0.617	656.1			
PSR J1706-3839		256.58875	-38.66417	17642	e	0.5863	626			
PSR J1821+0017_P		275.36	0.28333	17771	e	0.00756	192			
PSR J2016+3318_P		304.18958	33.3	17847	e	2.178	382.3			
PSR J1724-3149		261.18696	-31.81778	17899	e	0.9482	400.8			
PSR J2022+3845_P		305.54583	38.75	17924	e	1.009	487.5			
PSR J1828-2119		277.08983	-21.33222	17964	e	0.5145	268			
PSR J1844-09		281.05	-9.16667	17964	e	0.6344	415			
PSR J1312+1810B		198.22801	18.16756	18050	m	0.006242	25.96	GC:M53(NGC5024)		DD
PSR J1312+1810C		198.23193	18.16932	18050	m	0.01253	26.19	GC:M53(NGC5024)		
PSR J1312+1810D		198.23181	18.16529	18050	m	0.00607	24.61	GC:M53(NGC5024)		ELL1
PSR J1655-401		253.8	-40.23333	18216	e	0.2767	439			
PSR J1216-6223		184.17483	-62.39917	18311	e	0.3741	790			
PSR J1641-49		250.45	-49.56667	18444	e	0.7952	578			
PSR J2019+3810		304.9	38.2	18448	e	0.5252	495			
PSR J1807-2557		271.80692	-25.95556	18555	e	2.764	385		RRAT	
PSR J1909+0137_P		287.31125	1.61667	18741	e	1.881	330.7			
PSR J1636-4217		249.08842	-42.29186	18745	e	0.5551	345			
PSR J1715-4254		258.79392	-42.915	18769	e	0.5737	407			
PSR J1634-4229		248.5611	-42.49564	18861	e	2.015	337.9			
PSR J1647-49		251.825	-49.16667	18970	e	0.2475	515			
PSR J1654-3710		253.68511	-37.18253	19007	e	0.9392	302			
PSR J1803-1616		270.8945	-16.275	19037	e	0.5366	388			
PSR J1655-3844		253.91108	-38.73583	19040	e	1.193	365			
PSR J1733-4005		263.49481	-40.09316	19196	e	0.5618	317.6			
PSR J1706-4434		256.5966	-44.575	19449	e	0.4299	467			
PSR J1638-3815		249.6556	-38.251	19452	e	0.6983	239.2			
PSR J1757-1854		269.26576	-18.90093	19560	e	0.0215	378.2			DDH
PSR J1835-1548		278.95971	-15.81056	19573	e	0.6705	327			
PSR J1255-62		193.825	-62.8	19769	e	0.1829	713			
PSR J1801-1855		270.34292	-18.93028	20074	e	2.55	484			
PSR J1645-4836		251.4625	-48.61139	20081	e	1.66	687			
PSR J1708-3827		257.06875	-38.46	20597	e	1.226	788			
PSR J1733-3030		263.49538	-30.51361	20610	e	0.3621	636			
PSR J1910+0534		287.61046	5.56917	20635	e	0.4529	484			
PSR J2053+4455_P		313.31083	44.91667	20752	e	10.7	440.6			
PSR J1759-1903		269.924	-19.05528	21807	e	0.7315	467			
PSR J1716-4711		259.00459	-47.18357	21909	e	0.5558	287			
PSR J1638-4233		249.60296	-42.56528	22193	e	0.5109	406			
PSR J1812-2526		273.13458	-25.44389	22247	e	0.3158	361.4			
PSR J1804-17		271.175	-17.4	22258	e	0.2808	549			
PSR J1809-3547		272.36242	-35.78833	22565	e	0.8604	193.8			
PSR J1708-4522		257.05383	-45.38083	23090	e	1.298	454			
PSR J1658-47		254.6	-47.2	23422	e	0.3694	533			
PSR J1652-4237		253	-42.58333	23744	e	0.4965	943			
PSR J0021-0909		5.46446	-9.16631	25000	e	2.314	25.2			
PSR J0026-1955		6.65	-19.93306	25000	e	1.306	20.87			
PSR J0036-1033		9.06254	-10.55394	25000	e	0.9	23.1			
PSR J0039+3546		9.78674	35.77123	25000	e	0.5367	53.02			
PSR J0050+03		12.62917	3.8	25000	e	1.367	26.5			
PSR J0110-22		17.5	-22	25000	e	1.262	20.8			
PSR J0110-2223		17.56943	-22.39953	25000	e	1.262	20.62			
PSR J0129+36		22.375	36.08333	25000	e	1.089	54			
PSR J0134-2937		23.57784	-29.6214	25000	e	0.137	21.79			
PSR J0156+04		29.00417	4.03333	25000	e		27.5		RRAT	
PSR J0530-3847		82.54063	-38.78482	25000	e	0.9065	48.56			
PSR J0530-39		82.5	-39	25000	e	0.907	48.5			
PSR J0639+0828_P		99.97083	8.46667	25000	e		290.1		RRAT	
PSR J0837-2454		129.49062	-24.90825	25000	m	0.6294	143.1		HE	
PSR J0928+06		142.18333	6.2375	25000	e	2.06	49.8			
PSR J0930-2301		142.51175	-23.02917	25000	e	1.807	78.3			
PSR J0947+2740		146.8387	27.67875	25000	e	0.851	29.09			
PSR J1003+41		150.875	41.05	25000	e	0.88	30			
PSR J1010+15		152.5	15.85	25000	e		42		RRAT	
PSR J1017+3011		154.40121	30.19614	25000	e	0.4528	27.15			
PSR J1048+5349		162.02692	53.83108	25000	e	2.731	27.3			
PSR J1102+02		165.5	2	25000	e	0.00405	27.3	GRS:4FGL_J1102.4+0246	HE	
PSR J1105+37		166.25	37.68333	25000	e	0.875	36			
PSR J1110+58		167.75	58.86667	25000	e	0.7933	26.2			
PSR J1132+25		173.20833	25.25	25000	e	1.002	24.19		RRAT(?)	
PSR J1239+0326		189.91148	3.43636	25000	e	0.8583	34.29			
PSR J1242+39		190.64167	39.63333	25000	e	1.31	26			
PSR J1244-4708		191.11348	47.13386	25000	e	1.411	75.02			
PSR J1302-63		195.51667	-63.74806	25000	e	0.3257	875			
PSR J1305-6256		196.36667	-62.94417	25000	e	0.4782	967			
PSR J1312+1810E		198.23263	18.17145	25000	e	0.003972	25.88	GC:M53(NGC5024)		ELL1
PSR J1316-6147		199.14033	-61.78972	25000	e	1.933	625			
PSR J1316-6232		199.19292	-62.53672	25000	e	0.3428	966.4			
PSR J1317-0157		199.41854	-1.95836	25000	e	0.002908	29.4			ELL1
PSR J1320+67		200	67.5	25000	e	1.029	28			
PSR J1321-5922		200.41483	-59.38114	25000	e	1.279	383			
PSR J1324-6146		201.18292	-61.76667	25000	e	0.8441	828			
PSR J1327-0755		201.98992	-7.92498	25000	m	0.002678	27.91		HE	T2
PSR J1332-03		203	-3.43333	25000	e	1.106	27.1		RRAT	
PSR J1334+1005		203.63594	10.09487	25000	e	0.9111	23.87			
PSR J1337-4441		204.36562	-44.69508	25000	e	1.258	97.8			
PSR J1343+6634		205.99692	66.57363	25000	e	1.394	30.03			
PSR J1354+2453		208.55576	24.89615	25000	e	0.8511	120			
PSR J1403-0314		210.92083	-3.25778	25000	e	0.3626	31			
PSR J1408+4944_P		212.1433	49.74504	25000	e	1.121	28.16			
PSR J1409+49		212.375	49.73333	25000	e	1.125	29			
PSR J1426+52		216.75	52.16667	25000	e	0.9958	25.37			
PSR J1427+5211		216.78213	52.18666	25000	e	0.9959	25.31			
PSR J1502+4653		225.58263	46.89094	25000	e	1.753	26.6			
PSR J1536+17		234.0625	17.81667	25000	e	0.9333	29			
PSR J1603+18		240.89167	18.85	25000	e	0.503	29.7		RRAT	
PSR J1603-1655		240.7875	-16.92444	25000	e	0.7147	63.22		RRAT	
PSR J1617+1123		244.48637	11.38997	25000	e	0.8949	48.61			
PSR J1629+33		247.25	33	25000	e	1.525	35			
PSR J1629+4636		247.47043	46.61438	25000	e	0.3141	34.8			
PSR J1635+2332		248.77233	23.53978	25000	e	1.209	37.57			
PSR J1637-4335		249.48667	-43.595	25000	e	0.7714	608			
PSR J1638+4005		249.56768	40.09899	25000	e	0.7677	33.42			
PSR J1641+3627G		250.42898	36.48937	25000	e	0.004324	30.76	GC:M13		BT
PSR J1641+3627H		250.42183	36.45986	25000	e	0.01121	30.8			
PSR J1649+2533		252.43429	25.55194	25000	e	1.015	34.46			
PSR J1651+14		252.75	14.36667	25000	e	0.828	48			
PSR J1652+2651		253.01279	26.86122	25000	e	0.9158	40.8			
PSR J1656+6203		254.04288	62.064	25000	e	0.7762	35.26			
PSR J1657-46		254.44167	-46.43333	25000	e	0.8923	682			
PSR J1735+6320		263.77734	63.33335	25000	e	0.5107	41.85			
PSR J1739+0612		264.82486	6.20803	25000	e	0.2342	95.36			
PSR J1741+3855		265.30142	38.91942	25000	e	0.8289	47.22			
PSR J1746+2540		266.52862	25.67708	25000	e	1.058	51.2			
PSR J1749+5952		267.38845	59.8767	25000	e	0.436	45.07			
PSR J1756+1822		269.07326	18.38203	25000	e	0.744	70.8			
PSR J1808+00		272.07917	0.64028	25000	e	0.4251	149.2			
PSR J1815+5546		273.77392	55.77314	25000	e	0.4268	59			
PSR J1846-7403		281.55742	-74.05111	25000	e	4.879	97			
PSR J1900+5106		285.00383	51.10389	25000	e	0.3378	71.6			
PSR J1904-1629		286.21404	-16.48861	25000	e	1.541	145			
PSR J1920+1340_P		290.02417	13.66667	25000	e	1.526	1053			
PSR J1921+1340_P		290.375	13.66667	25000	e	4.603	754.9			
PSR J1942+0147		295.6125	1.83639	25000	e	1.405	133.3			
PSR J2021+4024_P		305.30417	40.4	25000	e	0.3705	680.5			
PSR J2030+3818_P		307.53333	38.3	25000	e	0.1337	596.7			
PSR J2030+3929_P		307.69583	39.48333	25000	e	1.718	491.9			
PSR J2030+3944_P		307.59167	39.73333	25000	e	0.3062	937.4			
PSR J2032+0701		308.11275	7.02807	25000	e	0.4096	73.79			
PSR J2041+3934_P		310.29583	39.56667	25000	e	0.38	410			
PSR J2043+31		310.75	31.45	25000	e	0.937	145			
PSR J2044+4331_P		311.01375	43.51667	25000	e	16.61	499.7			
PSR J2046+4236_P		311.63542	42.6	25000	e	0.5238	466			
PSR J2046+4253_P		311.72833	42.88333	25000	e	0.3311	622.1			
PSR J2051+4434_P		312.87083	44.56667	25000	e	1.303	616			
PSR J2052+4421_P		313.22083	44.35	25000	e	0.3753	547			
PSR J2057+4557_P		314.49458	45.95	25000	e	0.2254	457			
PSR J2101+4636_P		315.38833	46.6	25000	e	0.2953	435.7			
PSR J2105+07		316.3625	7.95	25000	e	3.747	52.6			
PSR J2108+5001		317.17484	50.02826	25000	e	0.2445	482.3			
PSR J2111+2132		317.92041	21.52308	25000	e	1.06	78.6			
PSR J2129+1210J		322.49339	12.17112	25000	e	0.01184	66.69	GC:M15		
PSR J2129+1210K		322.49346	12.16667	25000	e	1.928	66.5	GC:M15		
PSR J2129+1210L		322.4925	12.15917	25000	e	3.961	66.1	GC:M15		
PSR J2131-31		322.75	-31	25000	e	3.325	31.6			
PSR J2133-0049F		323.3666	-0.81966	25000	e	0.004781	43.33	GC:NGC7089(M2)		ELL1
PSR J2133-0049G		323.36137	-0.83011	25000	e	0.002536	43.41	GC:NGC7089(M2)		ELL1
PSR J2154-2812		328.57238	-28.21139	25000	e	1.343	33			
PSR J2155+2813		328.81592	28.22003	25000	e	1.609	77.13			
PSR J2159+0202		329.92275	2.04021	25000	e	0.6656	34.97			
PSR J2201+33		330.3125	33	25000	e	0.966	78			
PSR J2207-15		331.75	-15	25000	e	0.766	27.5			
PSR J2209+2117		332.49885	21.29958	25000	e	1.777	46.37			
PSR J2228-65		337.075	-65.19639	25000	e	2.746	36			
PSR J2243+1518		340.7907	15.30697	25000	e	0.5968	39.45			
PSR J2253+12		343.25	12.53333	25000	e	0.9793	37			
PSR J2257-16		344.25	-16	25000	e	0.469	52.66			
PSR J2306+3124		346.58002	31.40566	25000	e	0.3416	46.15			
PSR J2323+1214		350.84008	12.23686	25000	e	3.759	29			
PSR J2329+16		352.45833	16.95	25000	e	0.6321	31			
PSR J2329+2654_P		352.46821	26.90917	25000	e	2.541	42.9			
PSR J0556-67		89.10417	-67.48333	47489	e	0.7905	71	EXGAL:LMC		
PSR J0519-6931		79.78496	-69.52378	49118	e	0.3777	82.7	EXGAL:LMC		
PSR J0518-6946		79.74329	-69.77132	49203	e	1.69	82	EXGAL:LMC		
PSR J0509-6845		77.48025	-68.75264	49386	e	0.3072	92.6	EXGAL:LMC		
PSR J0534-6905		83.72787	-69.09942	49650	e	0.8428	244	EXGAL:LMC		
PSR J0449-7031		72.27362	-70.52547	49700	m	0.4792	65.83	EXGAL:LMC		
PSR J0451-67		72.95833	-67.3	49700	m	0.2455	45	EXGAL:LMC		
PSR J0456-69		74.125	-69.16667	49700	m	0.1171	103	EXGAL:LMC		
PSR J0456-7031		74.01042	-70.5185	49700	m	0.8001	100.3	EXGAL:LMC		
PSR J0457-69		74.25833	-69.76667	49700	m	0.2314	91	EXGAL:LMC		
PSR J0458-67		74.74583	-67.71667	49700	m	1.134	97	EXGAL:LMC		
PSR J0519-6932		79.94549	-69.53986	49700	m	0.2632	118.9	EXGAL:LMC		
PSR J0521-68		80.43333	-68.58333	49700	m	0.4334	136	EXGAL:LMC		
PSR J0522-6847		80.59608	-68.78394	49700	m	0.6745	126.5	EXGAL:LMC		
PSR J0523-7125		80.95275	-71.43127	49700	m	0.3225	157.5	EXGAL:LMC		
PSR J0532-6639		83.24796	-66.66036	49700	m	0.6427	69.2	EXGAL:LMC		
PSR J0532-69		83.01667	-69.76667	49700	m	1.149	124	EXGAL:LMC		
PSR J0534-6703		83.65071	-67.06356	49700	m	1.818	95.3	EXGAL:LMC		
PSR J0535-66		83.91667	-66.86667	49700	m	0.2105	75	EXGAL:LMC		
PSR J0535-6935		83.75	-69.58333	49700	m	0.2005	93.7	EXGAL:LMC		
PSR J0537-69		84.42917	-69.35	49700	m	0.1126	273	EXGAL:LMC		
PSR J0537-6910		84.44757	-69.17219	49700	m	0.01612		EXGAL:LMC,SNR:N157B,PWN:N157B	NRAD	
PSR J0542-68		85.64583	-68.26667	49700	m	0.4252	114	EXGAL:LMC		
PSR J0543-6851		85.96962	-68.85703	49700	m	0.709	134.9	EXGAL:LMC		
PSR J0555-7056		88.75771	-70.946	49700	m	0.8278	72.9	EXGAL:LMC		
PSR J0509-6838		77.49237	-68.64611	51526	e	0.2788	149	EXGAL:LMC		
PSR J0044-7314		11.23729	-73.23314	57955	e	0.3969	78.6	EXGAL:SMC		
PSR J0040-7326		10.09904	-73.44058	58216	e	0.3987	85.7	EXGAL:SMC		
PSR J0054-7228		13.72583	-72.47594	58507	e	0.2909	92.4	EXGAL:SMC		
PSR J0040-7337		10.19458	-73.61869	58717	e	0.05989	101.8	EXGAL:SMC,SNR:DEM_S5,PWN:DEM_S5		
PSR J0043-7319		10.80504	-73.33212	59103	e	0.9374	120.8	EXGAL:SMC		
PSR J0045-7042		11.35704	-70.70197	59700	m	0.6323	71.3	EXGAL:SMC		
PSR J0045-7319		11.3965	-73.3175	59700	m	0.9263	104.6	EXGAL:SMC		BT
PSR J0058-7218		14.56958	-72.30167	59700	m	0.02177		EXGAL:SMC,XRS:PWN_IKT_16,SNR:IKT	NRAD	
PSR J0100-7211		15.17929	-72.19267	59700	m	8.02		EXGAL:SMC,XRS:CXOU_J010043.1-721134	AXP,NRAD	
PSR J0111-7131		17.86988	-71.52967	59700	m	0.6885	79.4	EXGAL:SMC		
PSR J0113-7220		18.29621	-72.34228	59700	m	0.3259	125.5	EXGAL:SMC		
PSR J0131-7310		22.86879	-73.16926	59700	m	0.3481	205.2	EXGAL:SMC		
PSR J0105-7208		16.41042	-72.14817	59967	e	0.3067	120.4	EXGAL:SMC		
PSR J0051-7204		12.89387	-72.07326	60252	e	0.1914	159.3	EXGAL:SMC		
PSR J0040-7335		10.22746	-73.59822	61176	e	0.1452	198.3	EXGAL:SMC		
PSR J0048-7317		12.23704	-73.29611	1e5	e	0.07931	292.4	EXGAL:SMC		
PSR J0518-6939		79.56458	-69.66256	1e5	e	0.3302	254.2	EXGAL:LMC		
