PGC 3486361		215.4907	44.6945	3.0988e8	m						CF4
PGC 3494968		239.3673	45.7048	3.0988e8	m						CF4
PGC 3502380		253.398	33.0514	3.0988e8	m						CF4
PGC 3534168		153.7537	12.5639	3.0988e8	m						CF4
PGC 3535041		155.4666	39.759	3.0988e8	m						CF4
PGC 3538003		159.877	14.1315	3.0988e8	m						CF4
PGC 3538794		161.6145	40.6414	3.0988e8	m						CF4
PGC 3540392		165.7086	11.1896	3.0988e8	m						CF4
PGC 3545927		177.1017	12.6181	3.0988e8	m						CF4
PGC 3546160		177.6048	42.3481	3.0988e8	m						CF4
PGC 3568311		237.8313	6.7046	3.0988e8	m						CF4
PGC 3569911		242.4343	32.4326	3.0988e8	m						CF4
PGC 3570573		245.337	28.4271	3.0988e8	m						CF4
PGC 3727761		123.1727	4.7857	3.0988e8	m						CF4
PGC 3731368		128.1477	9.8892	3.0988e8	m						CF4
PGC 3745321		145.0939	12.6265	3.0988e8	m						CF4
PGC 3763937		164.8197	14.7746	3.0988e8	m						CF4
PGC 3764107		164.9764	18.9438	3.0988e8	m						CF4
PGC 3765305		166.0747	17.0694	3.0988e8	m						CF4
PGC 3773092		173.4781	14.1572	3.0988e8	m						CF4
PGC 3787873		185.8362	26.3036	3.0988e8	m						CF4
PGC 3790847		187.9905	35.8535	3.0988e8	m						CF4
PGC 3791206		188.3037	15.7416	3.0988e8	m						CF4
PGC 3794322		190.5306	15.4889	3.0988e8	m						CF4
PGC 3795067		191.0366	29.5342	3.0988e8	m						CF4
PGC 3803628		197.733	39.4845	3.0988e8	m						CF4
PGC 3805087		199.0023	9.4736	3.0988e8	m						CF4
PGC 3807701		201.3413	24.1052	3.0988e8	m						CF4
PGC 3819434		211.4941	26.5056	3.0988e8	m						CF4
PGC 3822279		213.4221	19.7346	3.0988e8	m						CF4
PGC 3827344		217.3176	13.669	3.0988e8	m						CF4
PGC 3827837		217.6647	25.6466	3.0988e8	m						CF4
PGC 3828661		218.3179	12.8944	3.0988e8	m						CF4
PGC 3831887		220.4535	17.5607	3.0988e8	m						CF4
PGC 3842159		228.2596	18.044	3.0988e8	m						CF4
PGC 3856498		239.1372	57.2303	3.0988e8	m						CF4
PGC 3864128		245.2208	27.2112	3.0988e8	m						CF4
PGC 4077433		253.1118	-60.1435	3.0988e8	m						CF4
PGC 4123048		247.3698	32.0763	3.0988e8	m						CF4
PGC 1379292		323.5212	10.4218	3.1089e8	m						CF4
PGC 9003276		250.6681	50.5974	3.1089e8	m						CF4
PGC 1332		5.2077	6.8075	3.1117e8	m						CF4
PGC 166801		270.9461	69.3828	3.1117e8	m						CF4
PGC 166806		270.188	69.3247	3.1117e8	m						CF4
PGC 213975		184.9337	29.5803	3.1117e8	m						CF4
PGC 736933		193.9176	-28.8287	3.1117e8	m						CF4
PGC 45820		197.9699	45.0753	3.1131e8	m						CF4
PGC 47893		203.8013	59.2343	3.1131e8	m						CF4
PGC 48429		205.2825	56.224	3.1131e8	m						CF4
PGC 48562		205.6586	0.6848	3.1131e8	m						CF4
PGC 56028		236.7884	35.6461	3.1131e8	m						CF4
PGC 99791		213.19	47.9596	3.1131e8	m						CF4
PGC 99931		233.8383	41.8406	3.1131e8	m						CF4
PGC 130616		313.56	-46.7767	3.1131e8	m						CF4
PGC 163344		325.9844	-51.5843	3.1131e8	m						CF4
PGC 181985		149.1284	-15.9846	3.1131e8	m						CF4
PGC 424196		308.6319	-53.9731	3.1131e8	m						CF4
PGC 693417		96.8568	-32.3379	3.1131e8	m						CF4
PGC 697285		81.0757	-32.0696	3.1131e8	m						CF4
PGC 1048462		127.9511	-5.1627	3.1131e8	m						CF4
PGC 1104283		174.0405	-2.002	3.1131e8	m						CF4
PGC 1106391		201.3718	-1.9216	3.1131e8	m						CF4
PGC 1114631		193.1574	-1.6113	3.1131e8	m						CF4
PGC 1140339		197.6618	-0.5615	3.1131e8	m						CF4
PGC 1148840		236.6568	-0.2207	3.1131e8	m						CF4
PGC 1151896		190.7428	-0.1033	3.1131e8	m						CF4
PGC 1154317		143.8545	-0.0065	3.1131e8	m						CF4
PGC 1155403		234.4344	0.034	3.1131e8	m						CF4
PGC 1173298		202.3346	0.7061	3.1131e8	m						CF4
PGC 1175040		155.7015	0.7718	3.1131e8	m						CF4
PGC 1177290		234.877	0.8528	3.1131e8	m						CF4
PGC 1191106		189.4666	1.3161	3.1131e8	m						CF4
PGC 1206792		129.5708	1.8178	3.1131e8	m						CF4
PGC 1211756		155.822	1.9686	3.1131e8	m						CF4
PGC 1213583		132.8151	2.0261	3.1131e8	m						CF4
PGC 1229750		168.5759	2.528	3.1131e8	m						CF4
PGC 1256671		184.4852	3.6774	3.1131e8	m						CF4
PGC 1298163		145.8009	6.3023	3.1131e8	m						CF4
PGC 1300424		182.6535	6.4227	3.1131e8	m						CF4
PGC 1380118		181.0678	10.4797	3.1131e8	m						CF4
PGC 1381792		125.7804	10.5983	3.1131e8	m						CF4
PGC 1398667		191.5225	11.782	3.1131e8	m						CF4
PGC 1415394		149.5622	12.745	3.1131e8	m						CF4
PGC 1430437		140.8803	13.4135	3.1131e8	m						CF4
PGC 1441468		241.9395	13.8207	3.1131e8	m						CF4
PGC 1457335		167.3822	14.4081	3.1131e8	m						CF4
PGC 1458753		173.5503	14.4618	3.1131e8	m						CF4
PGC 1460281		142.7868	14.5182	3.1131e8	m						CF4
PGC 1499904		180.343	16.0667	3.1131e8	m						CF4
PGC 1516271		177.09	16.7573	3.1131e8	m						CF4
PGC 1543670		121.9665	17.8577	3.1131e8	m						CF4
PGC 1550399		209.137	18.1082	3.1131e8	m						CF4
PGC 1587768		167.5625	19.3075	3.1131e8	m						CF4
PGC 1610682		136.155	19.9358	3.1131e8	m						CF4
PGC 1616794		228.0941	20.1128	3.1131e8	m						CF4
PGC 1634724		214.5927	20.734	3.1131e8	m						CF4
PGC 1639414		242.9867	20.9502	3.1131e8	m						CF4
PGC 1648879		185.2421	21.3831	3.1131e8	m						CF4
PGC 1649088		137.2617	21.3937	3.1131e8	m						CF4
PGC 1677073		216.0643	22.8439	3.1131e8	m						CF4
PGC 1679171		166.6	22.9716	3.1131e8	m						CF4
PGC 1702266		243.057	24.215	3.1131e8	m						CF4
PGC 1717110		151.5461	24.8122	3.1131e8	m						CF4
PGC 1783927		248.5935	26.6522	3.1131e8	m						CF4
PGC 1790091		238.5693	26.846	3.1131e8	m						CF4
PGC 1809800		168.2212	27.494	3.1131e8	m						CF4
PGC 1845466		201.2241	28.7713	3.1131e8	m						CF4
PGC 1889802		166.3788	30.088	3.1131e8	m						CF4
PGC 1907949		139.5979	30.5432	3.1131e8	m						CF4
PGC 1913376		130.3946	30.6787	3.1131e8	m						CF4
PGC 1944127		193.2738	31.3739	3.1131e8	m						CF4
PGC 1945931		238.3065	31.4126	3.1131e8	m						CF4
PGC 1946763		131.7604	31.4298	3.1131e8	m						CF4
PGC 1957469		205.489	31.65	3.1131e8	m						CF4
PGC 1970729		131.7993	31.9104	3.1131e8	m						CF4
PGC 1989489		140.2553	32.2801	3.1131e8	m						CF4
PGC 1995519		222.7026	32.4075	3.1131e8	m						CF4
PGC 1996227		250.9423	32.4245	3.1131e8	m						CF4
PGC 2014884		231.039	32.856	3.1131e8	m						CF4
PGC 2021276		165.8856	33.0325	3.1131e8	m						CF4
PGC 2030766		255.6048	33.3799	3.1131e8	m						CF4
PGC 2046388		144.8343	34.2594	3.1131e8	m						CF4
PGC 2052866		142.3165	34.6787	3.1131e8	m						CF4
PGC 2061974		159.0393	35.2711	3.1131e8	m						CF4
PGC 2071496		166.4327	35.8841	3.1131e8	m						CF4
PGC 2073521		191.6034	36.0098	3.1131e8	m						CF4
PGC 2082255		220.2678	36.529	3.1131e8	m						CF4
PGC 2089973		242.9085	36.9512	3.1131e8	m						CF4
PGC 2164321		215.1322	40.3375	3.1131e8	m						CF4
PGC 2194681		212.8135	42.225	3.1131e8	m						CF4
PGC 2201145		199.3704	42.549	3.1131e8	m						CF4
PGC 2240040		118.1979	44.2497	3.1131e8	m						CF4
PGC 2244092		179.5248	44.4254	3.1131e8	m						CF4
PGC 2503840		212.4445	55.4874	3.1131e8	m						CF4
PGC 2510226		192.3882	55.667	3.1131e8	m						CF4
PGC 2521036		230.1175	55.9746	3.1131e8	m						CF4
PGC 2540360		170.9925	56.5507	3.1131e8	m						CF4
PGC 2589707		203.61	59.3737	3.1131e8	m						CF4
PGC 2599589		130.4635	60.2335	3.1131e8	m						CF4
PGC 2682144		204.5985	65.9446	3.1131e8	m						CF4
PGC 2815976		179.2911	57.5543	3.1131e8	m						CF4
PGC 3086551		188.0131	64.7083	3.1131e8	m						CF4
PGC 3087854		241.9689	42.5443	3.1131e8	m						CF4
PGC 3089440		210.8165	26.4659	3.1131e8	m						CF4
PGC 3097454		133.3859	31.6249	3.1131e8	m						CF4
PGC 3110639		182.0091	-0.4368	3.1131e8	m						CF4
PGC 3122404		161.0757	2.8507	3.1131e8	m						CF4
PGC 3122798		206.0661	2.9773	3.1131e8	m						CF4
PGC 3132014		124.4097	49.7589	3.1131e8	m						CF4
PGC 3132138		127.1434	50.2942	3.1131e8	m						CF4
PGC 3132525		124.2783	51.1013	3.1131e8	m						CF4
PGC 3135309		133.8076	56.1338	3.1131e8	m						CF4
PGC 3285687		163.8824	1.3608	3.1131e8	m						CF4
PGC 3294862		190.4678	1.8608	3.1131e8	m						CF4
PGC 3362506		208.8969	63.5402	3.1131e8	m						CF4
PGC 3390305		128.7434	38.6157	3.1131e8	m						CF4
PGC 3398838		129.564	35.494	3.1131e8	m						CF4
PGC 3443179		116.4798	33.634	3.1131e8	m						CF4
PGC 3449905		128.9325	35.4445	3.1131e8	m						CF4
PGC 3451612		132.1295	4.0688	3.1131e8	m						CF4
PGC 3460077		145.9311	5.7375	3.1131e8	m						CF4
PGC 3460184		146.1093	48.5484	3.1131e8	m						CF4
PGC 3463298		151.9156	49.6089	3.1131e8	m						CF4
PGC 3466701		158.0375	54.2408	3.1131e8	m						CF4
PGC 3476595		181.9727	9.4609	3.1131e8	m						CF4
PGC 3477294		184.839	9.4287	3.1131e8	m						CF4
PGC 3495441		240.0384	26.8222	3.1131e8	m						CF4
PGC 3496943		242.4852	40.0749	3.1131e8	m						CF4
PGC 3500178		248.2998	27.0002	3.1131e8	m						CF4
PGC 3505838		134.6327	37.5302	3.1131e8	m						CF4
PGC 3525602		131.5539	29.7224	3.1131e8	m						CF4
PGC 3533087		150.6696	38.2072	3.1131e8	m						CF4
PGC 3555109		200.1268	12.724	3.1131e8	m						CF4
PGC 3555674		201.386	11.2883	3.1131e8	m						CF4
PGC 3556945		206.9963	44.629	3.1131e8	m						CF4
PGC 3565404		231.1985	32.5592	3.1131e8	m						CF4
PGC 3566760		235.3277	6.8337	3.1131e8	m						CF4
PGC 3738876		137.7007	16.038	3.1131e8	m						CF4
PGC 3742013		141.3894	17.1041	3.1131e8	m						CF4
PGC 3746655		146.4192	24.0146	3.1131e8	m						CF4
PGC 3747843		147.5937	17.3543	3.1131e8	m						CF4
PGC 3758489		159.6574	28.6047	3.1131e8	m						CF4
PGC 3770161		170.8656	13.5048	3.1131e8	m						CF4
PGC 3776158		176.1618	30.7897	3.1131e8	m						CF4
PGC 3781789		181.0212	22.0235	3.1131e8	m						CF4
PGC 3782771		181.82	16.4712	3.1131e8	m						CF4
PGC 3783505		182.4237	37.3673	3.1131e8	m						CF4
PGC 3784453		183.2503	40.8413	3.1131e8	m						CF4
PGC 3785850		184.3632	15.7321	3.1131e8	m						CF4
PGC 3792306		189.1096	16.6161	3.1131e8	m						CF4
PGC 3795702		191.5363	22.4354	3.1131e8	m						CF4
PGC 3797807		193.2681	45.0333	3.1131e8	m						CF4
PGC 3799128		194.322	18.0546	3.1131e8	m						CF4
PGC 3801186		195.6939	38.9719	3.1131e8	m						CF4
PGC 3807970		201.6087	22.5623	3.1131e8	m						CF4
PGC 3808097		201.7263	17.6219	3.1131e8	m						CF4
PGC 3808659		202.2377	19.4173	3.1131e8	m						CF4
PGC 3810576		204.0053	11.493	3.1131e8	m						CF4
PGC 3815623		208.5252	21.4761	3.1131e8	m						CF4
PGC 3816028		208.8846	17.3581	3.1131e8	m						CF4
PGC 3820113		211.9563	32.798	3.1131e8	m						CF4
PGC 3824609		215.2344	17.7691	3.1131e8	m						CF4
PGC 3826202		216.5268	12.5475	3.1131e8	m						CF4
PGC 3841295		227.6638	7.9094	3.1131e8	m						CF4
PGC 3843048		228.9447	16.9992	3.1131e8	m						CF4
PGC 3844478		229.9976	19.6354	3.1131e8	m						CF4
PGC 3854022		237.1935	33.6847	3.1131e8	m						CF4
PGC 3854205		237.3435	11.8508	3.1131e8	m						CF4
PGC 3854537		237.5901	19.2513	3.1131e8	m						CF4
PGC 3863424		244.6705	19.8025	3.1131e8	m						CF4
PGC 3869398		249.4474	26.7278	3.1131e8	m						CF4
PGC 4077449		253.7334	-62.6087	3.1131e8	m						CF4
PGC 4185602		135.1671	16.0738	3.1131e8	m						CF4
PGC 4329548		187.5823	21.8326	3.1131e8	m						CF4
PGC 4451122		227.6422	13.6779	3.1131e8	m						CF4
PGC 5085784		155.0219	18.2185	3.1131e8	m						CF4
PGC 1463270		239.7931	14.6415	3.1232e8	m						CF4
PGC 1715790		36.407	24.766	3.1232e8	m						CF4
PGC 3136209		224.8628	58.0017	3.1232e8	m						CF4
PGC 9003178		305.0745	-23.7435	3.1232e8	m						CF4
PGC 52932		222.3741	16.5601	3.1261e8	m						CF4
PGC 25647		136.9033	16.6872	3.1275e8	m						CF4
PGC 27837		145.9191	22.7957	3.1275e8	m						CF4
PGC 32608		163.0366	20.9426	3.1275e8	m						CF4
PGC 33412		165.9592	11.062	3.1275e8	m						CF4
PGC 36046		174.5617	67.5045	3.1275e8	m						CF4
PGC 37716		179.6933	10.8503	3.1275e8	m						CF4
PGC 50777		213.2989	19.062	3.1275e8	m						CF4
PGC 83359		162.4871	13.9432	3.1275e8	m						CF4
PGC 94605		207.1638	26.5693	3.1275e8	m						CF4
PGC 94789		236.4329	36.1302	3.1275e8	m						CF4
PGC 95566		270.4284	42.719	3.1275e8	m						CF4
PGC 116174		182.4763	-2.8735	3.1275e8	m						CF4
PGC 116761		189.534	-3.2484	3.1275e8	m						CF4
PGC 140474		227.1037	-0.2702	3.1275e8	m						CF4
PGC 184196		207.6696	-2.2808	3.1275e8	m						CF4
PGC 562263		5.7421	-42.5346	3.1275e8	m						CF4
PGC 900317		244.5533	-16.2689	3.1275e8	m						CF4
PGC 935683		10.5929	-13.607	3.1275e8	m						CF4
PGC 949088		197.9775	-12.6889	3.1275e8	m						CF4
PGC 964276		196.5192	-11.5621	3.1275e8	m						CF4
PGC 1082581		201.9709	-2.7987	3.1275e8	m						CF4
PGC 1102229		183.3007	-2.0818	3.1275e8	m						CF4
PGC 1112634		204.8541	-1.692	3.1275e8	m						CF4
PGC 1125782		201.3354	-1.1401	3.1275e8	m						CF4
PGC 1141491		179.8404	-0.5122	3.1275e8	m						CF4
PGC 1142270		195.7512	-0.4813	3.1275e8	m						CF4
PGC 1153316		206.0978	-0.0435	3.1275e8	m						CF4
PGC 1155428		191.0253	0.035	3.1275e8	m						CF4
PGC 1161103		228.3653	0.2542	3.1275e8	m						CF4
PGC 1182319		212.3401	1.0277	3.1275e8	m						CF4
PGC 1183624		163.6212	1.0707	3.1275e8	m						CF4
PGC 1186307		227.9385	1.1584	3.1275e8	m						CF4
PGC 1194286		160.4067	1.418	3.1275e8	m						CF4
PGC 1203502		232.8616	1.7125	3.1275e8	m						CF4
PGC 1215461		131.3271	2.0838	3.1275e8	m						CF4
PGC 1223229		169.1514	2.3239	3.1275e8	m						CF4
PGC 1242915		186.4371	3.0034	3.1275e8	m						CF4
PGC 1243533		187.5261	3.0309	3.1275e8	m						CF4
PGC 1287522		227.7449	5.6919	3.1275e8	m						CF4
PGC 1309002		188.3889	6.8642	3.1275e8	m						CF4
PGC 1309698		167.9683	6.8995	3.1275e8	m						CF4
PGC 1311702		202.3722	6.9979	3.1275e8	m						CF4
PGC 1315504		172.0413	7.1746	3.1275e8	m						CF4
PGC 1335649		226.0455	7.9687	3.1275e8	m						CF4
PGC 1366388		179.8902	9.528	3.1275e8	m						CF4
PGC 1373414		165.123	10.0186	3.1275e8	m						CF4
PGC 1390324		203.5782	11.209	3.1275e8	m						CF4
PGC 1390659		177.2524	11.2337	3.1275e8	m						CF4
PGC 1407478		171.0568	12.3216	3.1275e8	m						CF4
PGC 1414293		194.7166	12.6886	3.1275e8	m						CF4
PGC 1415782		230.5482	12.7673	3.1275e8	m						CF4
PGC 1431503		246.9538	13.457	3.1275e8	m						CF4
PGC 1433628		176.2612	13.5383	3.1275e8	m						CF4
PGC 1439910		127.8032	13.7674	3.1275e8	m						CF4
PGC 1461300		214.6599	14.5626	3.1275e8	m						CF4
PGC 1465644		143.8638	14.7287	3.1275e8	m						CF4
PGC 1498426		138.1692	16.0043	3.1275e8	m						CF4
PGC 1523145		172.9131	17.0399	3.1275e8	m						CF4
PGC 1545688		178.4677	17.9346	3.1275e8	m						CF4
PGC 1584427		179.8034	19.2146	3.1275e8	m						CF4
PGC 1616454		252.9553	20.1027	3.1275e8	m						CF4
PGC 1619154		155.2546	20.1835	3.1275e8	m						CF4
PGC 1634863		209.6841	20.7405	3.1275e8	m						CF4
PGC 1735949		159.9536	25.423	3.1275e8	m						CF4
PGC 1736825		215.6827	25.4457	3.1275e8	m						CF4
PGC 1744169		149.062	25.645	3.1275e8	m						CF4
PGC 1775384		175.7502	26.415	3.1275e8	m						CF4
PGC 1780350		127.3742	26.55	3.1275e8	m						CF4
PGC 1782646		248.8268	26.6172	3.1275e8	m						CF4
PGC 1789565		192.5319	26.8285	3.1275e8	m						CF4
PGC 1790194		126.9342	26.8495	3.1275e8	m						CF4
PGC 1792388		239.7894	26.9194	3.1275e8	m						CF4
PGC 1820402		197.243	27.8774	3.1275e8	m						CF4
PGC 1828481		208.0633	28.1779	3.1275e8	m						CF4
PGC 1831643		232.1172	28.2911	3.1275e8	m						CF4
PGC 1833743		230.7636	28.3661	3.1275e8	m						CF4
PGC 1861263		165.7201	29.2759	3.1275e8	m						CF4
PGC 1924147		167.2419	30.9283	3.1275e8	m						CF4
PGC 1951469		167.8344	31.5264	3.1275e8	m						CF4
PGC 1991997		218.1255	32.3344	3.1275e8	m						CF4
PGC 2026908		121.7476	33.2268	3.1275e8	m						CF4
PGC 2035336		153.5142	33.5978	3.1275e8	m						CF4
PGC 2049803		235.9046	34.4759	3.1275e8	m						CF4
PGC 2061050		122.7009	35.2093	3.1275e8	m						CF4
PGC 2071417		207.6166	35.8791	3.1275e8	m						CF4
PGC 2103881		245.082	37.5643	3.1275e8	m						CF4
PGC 2148802		196.8082	39.3821	3.1275e8	m						CF4
PGC 2149880		237.2251	39.4445	3.1275e8	m						CF4
PGC 2155782		239.2445	39.7953	3.1275e8	m						CF4
PGC 2156528		143.9359	39.8426	3.1275e8	m						CF4
PGC 2159001		161.2935	39.9986	3.1275e8	m						CF4
PGC 2164590		195.2904	40.3566	3.1275e8	m						CF4
PGC 2164868		175.8948	40.3756	3.1275e8	m						CF4
PGC 2174479		170.6393	41.0231	3.1275e8	m						CF4
PGC 2181592		244.4507	41.4704	3.1275e8	m						CF4
PGC 2189347		147.9265	41.9286	3.1275e8	m						CF4
PGC 2198290		176.8089	42.4088	3.1275e8	m						CF4
PGC 2199698		235.4288	42.4791	3.1275e8	m						CF4
PGC 2227205		177.4404	43.7075	3.1275e8	m						CF4
PGC 2232650		178.8792	43.9351	3.1275e8	m						CF4
PGC 2258532		233.5005	45.0851	3.1275e8	m						CF4
PGC 2262210		159.1328	45.2794	3.1275e8	m						CF4
PGC 2272128		190.2293	45.8989	3.1275e8	m						CF4
PGC 2293382		215.1561	47.1607	3.1275e8	m						CF4
PGC 2296218		189.1436	47.325	3.1275e8	m						CF4
PGC 2302571		156.3722	47.6877	3.1275e8	m						CF4
PGC 2394039		208.4452	51.4348	3.1275e8	m						CF4
PGC 2419108		125.7488	52.6056	3.1275e8	m						CF4
PGC 2431804		225.0605	53.1009	3.1275e8	m						CF4
PGC 2437793		189.7986	53.3222	3.1275e8	m						CF4
PGC 2464843		223.5214	54.2775	3.1275e8	m						CF4
PGC 2476737		177.4489	54.6765	3.1275e8	m						CF4
PGC 2484851		219.6508	54.9281	3.1275e8	m						CF4
PGC 2516219		170.124	55.8417	3.1275e8	m						CF4
PGC 2536591		230.927	56.4324	3.1275e8	m						CF4
PGC 2543687		172.9748	56.6576	3.1275e8	m						CF4
PGC 2569237		185.0077	57.6419	3.1275e8	m						CF4
PGC 2579435		176.3132	58.4999	3.1275e8	m						CF4
PGC 2628483		194.7387	61.9942	3.1275e8	m						CF4
PGC 2642544		195.4671	62.7454	3.1275e8	m						CF4
PGC 3088189		112.0502	38.2493	3.1275e8	m						CF4
PGC 3089523		215.8037	25.5809	3.1275e8	m						CF4
PGC 3091179		241.0504	11.1524	3.1275e8	m						CF4
PGC 3117334		199.5189	0.9396	3.1275e8	m						CF4
PGC 3121306		207.1581	2.44	3.1275e8	m						CF4
PGC 3122084		203.8503	2.7467	3.1275e8	m						CF4
PGC 3129302		255.2924	39.1665	3.1275e8	m						CF4
PGC 3131107		119.4182	45.9918	3.1275e8	m						CF4
PGC 3358120		159.7677	5.2266	3.1275e8	m						CF4
PGC 3358410		159.9072	5.2247	3.1275e8	m						CF4
PGC 3393239		179.1207	5.0217	3.1275e8	m						CF4
PGC 3393357		180.5034	4.8786	3.1275e8	m						CF4
PGC 3393948		182.3219	5.3187	3.1275e8	m						CF4
PGC 3394065		183.6797	4.4177	3.1275e8	m						CF4
PGC 3395435		188.2285	5.3737	3.1275e8	m						CF4
PGC 3401436		180.7989	51.6026	3.1275e8	m						CF4
PGC 3441516		217.2558	58.5576	3.1275e8	m						CF4
PGC 3449748		128.7151	5.0491	3.1275e8	m						CF4
PGC 3457831		141.7267	6.9928	3.1275e8	m						CF4
PGC 3461993		149.1885	6.9375	3.1275e8	m						CF4
PGC 3484097		209.1069	46.1532	3.1275e8	m						CF4
PGC 3485916		214.1119	53.3801	3.1275e8	m						CF4
PGC 3493530		234.6246	46.3067	3.1275e8	m						CF4
PGC 3497802		244.2986	38.0603	3.1275e8	m						CF4
PGC 3499013		246.5587	39.6675	3.1275e8	m						CF4
PGC 3526386		133.2938	8.6179	3.1275e8	m						CF4
PGC 3526522		133.5611	8.4019	3.1275e8	m						CF4
PGC 3541643		168.2743	11.1959	3.1275e8	m						CF4
PGC 3544447		173.9715	41.6573	3.1275e8	m						CF4
PGC 3546500		178.4271	48.4849	3.1275e8	m						CF4
PGC 3546869		179.2164	50.6599	3.1275e8	m						CF4
PGC 3553261		196.9817	14.0586	3.1275e8	m						CF4
PGC 3565873		232.9969	31.0966	3.1275e8	m						CF4
PGC 3568949		239.1452	8.5425	3.1275e8	m						CF4
PGC 3570159		243.3066	32.4083	3.1275e8	m						CF4
PGC 3570493		245.0298	29.985	3.1275e8	m						CF4
PGC 3573016		253.7287	17.7973	3.1275e8	m						CF4
PGC 3754471		155.3415	32.2562	3.1275e8	m						CF4
PGC 3759323		160.6203	26.5441	3.1275e8	m						CF4
PGC 3765678		166.3917	42.9349	3.1275e8	m						CF4
PGC 3775014		175.1731	16.6386	3.1275e8	m						CF4
PGC 3789549		187.0107	21.4035	3.1275e8	m						CF4
PGC 3792220		189.0575	16.5451	3.1275e8	m						CF4
PGC 3798480		193.8323	8.3902	3.1275e8	m						CF4
PGC 3801437		195.8814	17.2735	3.1275e8	m						CF4
PGC 3804640		198.6142	38.9386	3.1275e8	m						CF4
PGC 3805150		199.0446	10.9014	3.1275e8	m						CF4
PGC 3814158		207.2696	6.86	3.1275e8	m						CF4
PGC 3823643		214.4535	48.0397	3.1275e8	m						CF4
PGC 3839408		226.0522	5.2488	3.1275e8	m						CF4
PGC 3845256		230.5104	12.5524	3.1275e8	m						CF4
PGC 3845356		230.5773	26.9689	3.1275e8	m						CF4
PGC 3850172		234.3339	25.6695	3.1275e8	m						CF4
PGC 3853773		237.003	27.8269	3.1275e8	m						CF4
PGC 3859082		241.3458	28.6844	3.1275e8	m						CF4
PGC 3869414		249.4609	27.556	3.1275e8	m						CF4
PGC 3878944		257.6301	35.3588	3.1275e8	m						CF4
PGC 9003281		170.6239	56.4074	3.1376e8	m						CF4
PGC 25616		136.8282	16.6205	3.142e8	m						CF4
PGC 38447		181.7807	23.9069	3.142e8	m						CF4
PGC 49740		209.643	28.1192	3.142e8	m						CF4
PGC 52267		219.3869	24.8433	3.142e8	m						CF4
PGC 54140		227.6061	5.8411	3.142e8	m						CF4
PGC 162864		315.9238	-51.508	3.142e8	m						CF4
PGC 272981		292.5236	-70.5789	3.142e8	m						CF4
PGC 369608		128.1524	-59.6762	3.142e8	m						CF4
PGC 543689		0.2544	-43.8599	3.142e8	m						CF4
PGC 900249		204.0204	-16.2736	3.142e8	m						CF4
PGC 1114407		194.7115	-1.6201	3.142e8	m						CF4
PGC 1132544		232.5387	-0.8739	3.142e8	m						CF4
PGC 1155974		156.7288	0.0566	3.142e8	m						CF4
PGC 1158555		158.3472	0.1581	3.142e8	m						CF4
PGC 1177985		227.1315	0.879	3.142e8	m						CF4
PGC 1183819		203.6397	1.0772	3.142e8	m						CF4
PGC 1193187		185.4844	1.3825	3.142e8	m						CF4
PGC 1209530		191.2312	1.8985	3.142e8	m						CF4
PGC 1227811		190.3251	2.4643	3.142e8	m						CF4
PGC 1240825		172.1171	2.9173	3.142e8	m						CF4
PGC 1253687		184.6494	3.5135	3.142e8	m						CF4
PGC 1287581		190.2609	5.6959	3.142e8	m						CF4
PGC 1308449		140.231	6.8368	3.142e8	m						CF4
PGC 1310073		140.0873	6.9175	3.142e8	m						CF4
PGC 1322424		134.5479	7.4625	3.142e8	m						CF4
PGC 1340522		175.683	8.1623	3.142e8	m						CF4
PGC 1354758		243.416	8.8463	3.142e8	m						CF4
PGC 1388309		200.544	11.0608	3.142e8	m						CF4
PGC 1396634		192.6294	11.6453	3.142e8	m						CF4
PGC 1406949		185.7348	12.2923	3.142e8	m						CF4
PGC 1417795		151.894	12.8692	3.142e8	m						CF4
PGC 1421137		216.7959	13.0235	3.142e8	m						CF4
PGC 1453140		121.4624	14.2439	3.142e8	m						CF4
PGC 1467772		198.3639	14.8118	3.142e8	m						CF4
PGC 1500281		228.203	16.0829	3.142e8	m						CF4
PGC 1526377		137.7026	17.1722	3.142e8	m						CF4
PGC 1531681		229.0282	17.3936	3.142e8	m						CF4
PGC 1551527		163.8887	18.1496	3.142e8	m						CF4
PGC 1570250		229.1878	18.7863	3.142e8	m						CF4
PGC 1648983		187.0413	21.3883	3.142e8	m						CF4
PGC 1663216		173.0735	22.0851	3.142e8	m						CF4
PGC 1665150		169.8711	22.1845	3.142e8	m						CF4
PGC 1672792		175.6007	22.5948	3.142e8	m						CF4
PGC 1674225		246.6898	22.6781	3.142e8	m						CF4
PGC 1683951		235.0872	23.2432	3.142e8	m						CF4
PGC 1687400		181.6752	23.4381	3.142e8	m						CF4
PGC 1691483		185.8477	23.6689	3.142e8	m						CF4
PGC 1716186		141.2738	24.7804	3.142e8	m						CF4
PGC 1720355		243.5978	24.9276	3.142e8	m						CF4
PGC 1723126		123.1111	25.0225	3.142e8	m						CF4
PGC 1724775		207.6688	25.0767	3.142e8	m						CF4
PGC 1728211		182.4965	25.1905	3.142e8	m						CF4
PGC 1746454		225.1683	25.7026	3.142e8	m						CF4
PGC 1817836		232.8075	27.7819	3.142e8	m						CF4
PGC 1828293		169.9824	28.1714	3.142e8	m						CF4
PGC 1839310		208.8603	28.5585	3.142e8	m						CF4
PGC 1847332		239.4234	28.8321	3.142e8	m						CF4
PGC 1906708		253.8174	30.5122	3.142e8	m						CF4
PGC 1911301		244.6718	30.6284	3.142e8	m						CF4
PGC 1947311		143.0607	31.4411	3.142e8	m						CF4
PGC 1959382		222.9708	31.6897	3.142e8	m						CF4
PGC 1987391		207.1086	32.2394	3.142e8	m						CF4
PGC 2002614		132.8983	32.5626	3.142e8	m						CF4
PGC 2016034		150.7014	32.8852	3.142e8	m						CF4
PGC 2037015		165.3102	33.6856	3.142e8	m						CF4
PGC 2040315		182.3184	33.8753	3.142e8	m						CF4
PGC 2049342		175.8564	34.447	3.142e8	m						CF4
PGC 2050822		182.0835	34.5465	3.142e8	m						CF4
PGC 2069955		236.639	35.7847	3.142e8	m						CF4
PGC 2074441		236.8693	36.0677	3.142e8	m						CF4
PGC 2083050		182.7834	36.5761	3.142e8	m						CF4
PGC 2085790		153.5172	36.7261	3.142e8	m						CF4
PGC 2105786		191.8899	37.6417	3.142e8	m						CF4
PGC 2114214		244.8221	37.962	3.142e8	m						CF4
PGC 2141784		153.9672	39.0208	3.142e8	m						CF4
PGC 2144444		197.5414	39.1565	3.142e8	m						CF4
PGC 2174058		154.9404	40.994	3.142e8	m						CF4
PGC 2188085		200.4911	41.8585	3.142e8	m						CF4
PGC 2227457		147.8149	43.7167	3.142e8	m						CF4
PGC 2235608		222.4758	44.0595	3.142e8	m						CF4
PGC 2264953		190.5825	45.4378	3.142e8	m						CF4
PGC 2272635		164.2509	45.9307	3.142e8	m						CF4
PGC 2288370		220.8376	46.8609	3.142e8	m						CF4
PGC 2340571		231.8697	49.3518	3.142e8	m						CF4
PGC 2351560		151.3824	49.7266	3.142e8	m						CF4
PGC 2366529		221.4083	50.222	3.142e8	m						CF4
PGC 2369306		149.2947	50.3128	3.142e8	m						CF4
PGC 2444328		177.242	53.5561	3.142e8	m						CF4
PGC 2460480		175.3339	54.1248	3.142e8	m						CF4
PGC 2467339		189.4449	54.3622	3.142e8	m						CF4
PGC 2507977		205.7349	55.604	3.142e8	m						CF4
PGC 2523049		207.7416	56.0311	3.142e8	m						CF4
PGC 2635688		217.9425	62.3824	3.142e8	m						CF4
PGC 2690966		192.9312	66.7743	3.142e8	m						CF4
PGC 3081624		144.0864	-24.8939	3.142e8	m						CF4
PGC 3087278		237.4558	51.3988	3.142e8	m						CF4
PGC 3106368		195.1754	-2.1162	3.142e8	m						CF4
PGC 3106815		193.9713	-1.3874	3.142e8	m						CF4
PGC 3121446		147.2802	2.4988	3.142e8	m						CF4
PGC 3121772		208.4797	2.6273	3.142e8	m						CF4
PGC 3124119		232.7415	3.4261	3.142e8	m						CF4
PGC 3125932		213.784	4.5845	3.142e8	m						CF4
PGC 3126125		212.8681	4.85	3.142e8	m						CF4
PGC 3132013		126.2963	49.7512	3.142e8	m						CF4
PGC 3134343		239.6047	53.9505	3.142e8	m						CF4
PGC 3139445		172.2003	64.6804	3.142e8	m						CF4
PGC 3141270		179.056	68.1735	3.142e8	m						CF4
PGC 3329199		227.5505	-1.1909	3.142e8	m						CF4
PGC 3389714		123.8172	34.9832	3.142e8	m						CF4
PGC 3401566		180.6975	52.7675	3.142e8	m						CF4
PGC 3446607		123.2884	3.9599	3.142e8	m						CF4
PGC 3452546		133.7931	33.8571	3.142e8	m						CF4
PGC 3457427		141.1383	40.1128	3.142e8	m						CF4
PGC 3464822		155.1175	7.7788	3.142e8	m						CF4
PGC 3467497		159.6408	8.0255	3.142e8	m						CF4
PGC 3468811		163.3617	6.1322	3.142e8	m						CF4
PGC 3473171		173.5791	56.9502	3.142e8	m						CF4
PGC 3473561		174.4131	54.9406	3.142e8	m						CF4
PGC 3476375		181.0931	57.1738	3.142e8	m						CF4
PGC 3481828		200.9356	55.9645	3.142e8	m						CF4
PGC 3488220		220.0296	52.4005	3.142e8	m						CF4
PGC 3494264		237.8483	28.312	3.142e8	m						CF4
PGC 3551055		189.5358	42.3742	3.142e8	m						CF4
PGC 3555053		200.0265	11.8174	3.142e8	m						CF4
PGC 3564418		228.2651	36.804	3.142e8	m						CF4
PGC 3565900		233.0992	31.0715	3.142e8	m						CF4
PGC 3572512		252.3891	24.7646	3.142e8	m						CF4
PGC 3744463		144.2512	63.8358	3.142e8	m						CF4
PGC 3744897		144.6762	13.9108	3.142e8	m						CF4
PGC 3751059		151.5181	18.3059	3.142e8	m						CF4
PGC 3751525		152.051	21.0744	3.142e8	m						CF4
PGC 3755051		155.9506	35.694	3.142e8	m						CF4
PGC 3773537		173.8924	14.7995	3.142e8	m						CF4
PGC 3778572		178.2364	15.9883	3.142e8	m						CF4
PGC 3780258		179.6781	27.6735	3.142e8	m						CF4
PGC 3785948		184.4376	21.3329	3.142e8	m						CF4
PGC 3793828		190.1902	16.263	3.142e8	m						CF4
PGC 3797278		192.8032	28.709	3.142e8	m						CF4
PGC 3804339		198.3107	22.9961	3.142e8	m						CF4
PGC 3809294		202.8142	25.9829	3.142e8	m						CF4
PGC 3815598		208.501	19.7189	3.142e8	m						CF4
PGC 3816231		209.0498	15.3735	3.142e8	m						CF4
PGC 3820769		212.4149	17.6925	3.142e8	m						CF4
PGC 3824653		215.2747	48.3081	3.142e8	m						CF4
PGC 3826326		216.6224	24.1155	3.142e8	m						CF4
PGC 3827494		217.4139	25.2125	3.142e8	m						CF4
PGC 3827812		217.645	14.9294	3.142e8	m						CF4
PGC 3832616		220.9758	19.6889	3.142e8	m						CF4
PGC 3834928		222.6747	5.2526	3.142e8	m						CF4
PGC 3841559		227.8439	20.5104	3.142e8	m						CF4
PGC 3841901		228.067	20.6047	3.142e8	m						CF4
PGC 3847728		232.4079	7.5613	3.142e8	m						CF4
PGC 3847776		232.4454	11.6157	3.142e8	m						CF4
PGC 3856112		238.7466	11.1227	3.142e8	m						CF4
PGC 3880458		258.8465	38.3918	3.142e8	m						CF4
PGC 4079677		246.2778	-64.9027	3.142e8	m						CF4
PGC 4184323		134.6512	54.323	3.142e8	m						CF4
PGC 4396825		210.2132	21.8049	3.142e8	m						CF4
PGC 5092425		230.0061	14.526	3.142e8	m						CF4
PGC 1642999		17.1376	21.1112	3.1521e8	m						CF4
PGC 85424		350.5935	17.0151	3.155e8	m						CF4
PGC 37152		178.0003	46.8842	3.1565e8	m						CF4
PGC 38091		180.8603	54.8687	3.1565e8	m						CF4
PGC 42706		190.6659	9.8726	3.1565e8	m						CF4
PGC 50773		213.2552	-1.1241	3.1565e8	m						CF4
PGC 55110		231.6961	16.5577	3.1565e8	m						CF4
PGC 55299		232.845	28.0928	3.1565e8	m						CF4
PGC 56735		240.4374	40.8726	3.1565e8	m						CF4
PGC 84744		241.7571	17.8518	3.1565e8	m						CF4
PGC 95549		240.8327	25.4537	3.1565e8	m						CF4
PGC 115879		179.6389	-2.6328	3.1565e8	m						CF4
PGC 178262		81.6528	-13.1347	3.1565e8	m						CF4
PGC 410814		281.5278	-55.2925	3.1565e8	m						CF4
PGC 825057		192.1153	-21.6864	3.1565e8	m						CF4
PGC 1111631		189.3786	-1.7299	3.1565e8	m						CF4
PGC 1114632		203.806	-1.6115	3.1565e8	m						CF4
PGC 1123700		190.65	-1.2317	3.1565e8	m						CF4
PGC 1129686		166.5189	-0.9877	3.1565e8	m						CF4
PGC 1135943		189.8984	-0.7388	3.1565e8	m						CF4
PGC 1137438		13.3724	-0.6772	3.1565e8	m						CF4
PGC 1157847		191.6437	0.1288	3.1565e8	m						CF4
PGC 1176683		191.2736	0.8322	3.1565e8	m						CF4
PGC 1196581		232.0053	1.4926	3.1565e8	m						CF4
PGC 1221040		230.2662	2.2547	3.1565e8	m						CF4
PGC 1234864		203.2632	2.6936	3.1565e8	m						CF4
PGC 1257187		184.1673	3.7087	3.1565e8	m						CF4
PGC 1294287		140.2092	6.0854	3.1565e8	m						CF4
PGC 1321060		175.8827	7.4081	3.1565e8	m						CF4
PGC 1355968		201.0849	8.9082	3.1565e8	m						CF4
PGC 1358338		132.2474	9.0318	3.1565e8	m						CF4
PGC 1364188		195.5386	9.3751	3.1565e8	m						CF4
PGC 1374569		155.1579	10.101	3.1565e8	m						CF4
PGC 1410701		216.9583	12.5011	3.1565e8	m						CF4
PGC 1413586		164.0037	12.6529	3.1565e8	m						CF4
PGC 1451185		220.2957	14.1759	3.1565e8	m						CF4
PGC 1465534		146.3835	14.7245	3.1565e8	m						CF4
PGC 1476138		228.1293	15.1318	3.1565e8	m						CF4
PGC 1498530		202.7562	16.0072	3.1565e8	m						CF4
PGC 1511783		174.2142	16.5649	3.1565e8	m						CF4
PGC 1548046		221.4141	18.0218	3.1565e8	m						CF4
PGC 1548844		208.1384	18.053	3.1565e8	m						CF4
PGC 1563037		204.1319	18.5572	3.1565e8	m						CF4
PGC 1566846		121.2297	18.6774	3.1565e8	m						CF4
PGC 1600448		208.7136	19.651	3.1565e8	m						CF4
PGC 1636264		136.5861	20.8031	3.1565e8	m						CF4
PGC 1637457		148.3206	20.859	3.1565e8	m						CF4
PGC 1637492		219.2228	20.8601	3.1565e8	m						CF4
PGC 1649383		226.2199	21.4075	3.1565e8	m						CF4
PGC 1656199		248.8143	21.739	3.1565e8	m						CF4
PGC 1657866		142.1558	21.8162	3.1565e8	m						CF4
PGC 1659044		209.1008	21.8757	3.1565e8	m						CF4
PGC 1663486		200.6274	22.0995	3.1565e8	m						CF4
PGC 1680012		209.5109	23.0198	3.1565e8	m						CF4
PGC 1683479		198.363	23.2152	3.1565e8	m						CF4
PGC 1739860		203.2161	25.527	3.1565e8	m						CF4
PGC 1745994		224.4111	25.691	3.1565e8	m						CF4
PGC 1755415		252.801	25.9254	3.1565e8	m						CF4
PGC 1756948		118.54	25.9604	3.1565e8	m						CF4
PGC 1757563		143.8312	25.9749	3.1565e8	m						CF4
PGC 1761841		224.1217	26.0812	3.1565e8	m						CF4
PGC 1782716		196.6216	26.6185	3.1565e8	m						CF4
PGC 1800699		239.6889	27.1978	3.1565e8	m						CF4
PGC 1823262		236.7654	27.9889	3.1565e8	m						CF4
PGC 1832699		204.2108	28.3287	3.1565e8	m						CF4
PGC 1855779		188.8275	29.1044	3.1565e8	m						CF4
PGC 1856203		229.0926	29.1164	3.1565e8	m						CF4
PGC 1871854		114.8888	29.6097	3.1565e8	m						CF4
PGC 1894069		215.0982	30.1959	3.1565e8	m						CF4
PGC 1899144		219.2949	30.3219	3.1565e8	m						CF4
PGC 1908419		231.3033	30.5559	3.1565e8	m						CF4
PGC 1926305		131.7635	30.9802	3.1565e8	m						CF4
PGC 1928441		215.0997	31.0294	3.1565e8	m						CF4
PGC 1929491		230.0694	31.0507	3.1565e8	m						CF4
PGC 1956321		242.4531	31.6261	3.1565e8	m						CF4
PGC 2037260		199.4275	33.7002	3.1565e8	m						CF4
PGC 2040895		186.0323	33.9108	3.1565e8	m						CF4
PGC 2044110		137.9284	34.1159	3.1565e8	m						CF4
PGC 2051474		148.8154	34.5868	3.1565e8	m						CF4
PGC 2051833		215.3287	34.6104	3.1565e8	m						CF4
PGC 2066714		244.3329	35.5803	3.1565e8	m						CF4
PGC 2078559		231.4748	36.3159	3.1565e8	m						CF4
PGC 2112740		170.0658	37.9092	3.1565e8	m						CF4
PGC 2116705		134.2041	38.0556	3.1565e8	m						CF4
PGC 2154926		156.1276	39.7438	3.1565e8	m						CF4
PGC 2155797		236.0631	39.7959	3.1565e8	m						CF4
PGC 2160451		197.5704	40.0932	3.1565e8	m						CF4
PGC 2162953		158.2521	40.2472	3.1565e8	m						CF4
PGC 2163352		167.9862	40.2723	3.1565e8	m						CF4
PGC 2168185		192.5282	40.5972	3.1565e8	m						CF4
PGC 2188582		249.1947	41.8877	3.1565e8	m						CF4
PGC 2218133		132.0218	43.3291	3.1565e8	m						CF4
PGC 2229351		129.5564	43.7969	3.1565e8	m						CF4
PGC 2230146		167.6028	43.8286	3.1565e8	m						CF4
PGC 2231429		243.1922	43.8828	3.1565e8	m						CF4
PGC 2253526		155.4932	44.8542	3.1565e8	m						CF4
PGC 2262394		165.3852	45.2886	3.1565e8	m						CF4
PGC 2263906		234.8109	45.3738	3.1565e8	m						CF4
PGC 2283606		132.03	46.5799	3.1565e8	m						CF4
PGC 2285702		128.2992	46.7017	3.1565e8	m						CF4
PGC 2286948		255.1796	46.7769	3.1565e8	m						CF4
PGC 2292778		219.8798	47.1253	3.1565e8	m						CF4
PGC 2306283		156.3423	47.8876	3.1565e8	m						CF4
PGC 2320928		215.652	48.5883	3.1565e8	m						CF4
PGC 2323749		118.5406	48.7089	3.1565e8	m						CF4
PGC 2329806		216.7599	48.9567	3.1565e8	m						CF4
PGC 2477515		181.6412	54.6998	3.1565e8	m						CF4
PGC 2480508		178.1644	54.7935	3.1565e8	m						CF4
PGC 2485696		135.2365	54.9545	3.1565e8	m						CF4
PGC 2528494		221.42	56.1863	3.1565e8	m						CF4
PGC 2572624		143.392	57.9318	3.1565e8	m						CF4
PGC 2574619		201.6528	58.1065	3.1565e8	m						CF4
PGC 2589808		126.3893	59.3816	3.1565e8	m						CF4
PGC 2613575		197.1031	61.1919	3.1565e8	m						CF4
PGC 3090321		127.5748	17.7544	3.1565e8	m						CF4
PGC 3090720		146.2524	14.7418	3.1565e8	m						CF4
PGC 3097731		186.2061	31.947	3.1565e8	m						CF4
PGC 3107581		184.2155	-1.0367	3.1565e8	m						CF4
PGC 3117780		170.8328	1.0213	3.1565e8	m						CF4
PGC 3122386		182.239	2.8434	3.1565e8	m						CF4
PGC 3133243		133.7645	52.2891	3.1565e8	m						CF4
PGC 3136139		225.4563	57.7899	3.1565e8	m						CF4
PGC 3139569		206.7211	64.8449	3.1565e8	m						CF4
PGC 3141319		190.3364	68.374	3.1565e8	m						CF4
PGC 3348792		189.799	3.4505	3.1565e8	m						CF4
PGC 3357496		157.2435	3.6893	3.1565e8	m						CF4
PGC 3362525		210.5532	62.9636	3.1565e8	m						CF4
PGC 3386300		220.6722	58.5172	3.1565e8	m						CF4
PGC 3402842		195.6646	5.8091	3.1565e8	m						CF4
PGC 3441026		192.3338	-2.0088	3.1565e8	m						CF4
PGC 3452390		133.546	38.9566	3.1565e8	m						CF4
PGC 3455668		138.5824	40.461	3.1565e8	m						CF4
PGC 3455699		138.6442	7.5557	3.1565e8	m						CF4
PGC 3460048		145.8831	41.689	3.1565e8	m						CF4
PGC 3465809		156.5393	48.582	3.1565e8	m						CF4
PGC 3470929		168.097	8.7385	3.1565e8	m						CF4
PGC 3472409		172.1832	57.9214	3.1565e8	m						CF4
PGC 3472901		173.0436	53.8334	3.1565e8	m						CF4
PGC 3472982		173.1993	55.984	3.1565e8	m						CF4
PGC 3478177		187.0589	55.2461	3.1565e8	m						CF4
PGC 3491266		227.3414	36.6501	3.1565e8	m						CF4
PGC 3493904		236.2526	48.2565	3.1565e8	m						CF4
PGC 3497531		243.601	35.636	3.1565e8	m						CF4
PGC 3526992		134.4616	30.0953	3.1565e8	m						CF4
PGC 3527084		134.5992	35.0775	3.1565e8	m						CF4
PGC 3536772		158.0636	40.1701	3.1565e8	m						CF4
PGC 3539561		163.7892	12.5906	3.1565e8	m						CF4
PGC 3540122		165.0152	43.1602	3.1565e8	m						CF4
PGC 3548215		181.9812	44.283	3.1565e8	m						CF4
PGC 3565463		231.4826	32.0095	3.1565e8	m						CF4
PGC 3570043		243.009	29.8898	3.1565e8	m						CF4
PGC 3748193		147.9729	25.667	3.1565e8	m						CF4
PGC 3749603		149.6423	3.3899	3.1565e8	m						CF4
PGC 3762495		163.563	16.8595	3.1565e8	m						CF4
PGC 3769215		169.9316	13.9779	3.1565e8	m						CF4
PGC 3783354		182.3023	35.6236	3.1565e8	m						CF4
PGC 3793005		189.6114	38.0315	3.1565e8	m						CF4
PGC 3793751		190.1364	17.3255	3.1565e8	m						CF4
PGC 3811365		204.7381	17.8741	3.1565e8	m						CF4
PGC 3817087		209.6962	27.6167	3.1565e8	m						CF4
PGC 3822230		213.3849	19.338	3.1565e8	m						CF4
PGC 3833179		221.4047	27.3095	3.1565e8	m						CF4
PGC 3834019		222.0488	6.8636	3.1565e8	m						CF4
PGC 3838210		225.0144	21.4437	3.1565e8	m						CF4
PGC 3840875		227.3727	16.6971	3.1565e8	m						CF4
PGC 3845832		230.912	10.4387	3.1565e8	m						CF4
PGC 3850892		234.8775	23.3035	3.1565e8	m						CF4
PGC 3852744		236.3187	9.9265	3.1565e8	m						CF4
PGC 3856756		239.418	9.7865	3.1565e8	m						CF4
PGC 3866821		247.4867	55.1531	3.1565e8	m						CF4
PGC 3877923		256.7512	34.8847	3.1565e8	m						CF4
PGC 3879005		257.6764	34.3699	3.1565e8	m						CF4
PGC 3879518		258.1126	35.3539	3.1565e8	m						CF4
PGC 3880141		258.6276	37.1644	3.1565e8	m						CF4
PGC 4393126		209.1015	25.4478	3.1565e8	m						CF4
PGC 4394484		209.496	6.7392	3.1565e8	m						CF4
PGC 4448568		226.842	24.7789	3.1565e8	m						CF4
PGC 6656948		129.2845	23.0657	3.1565e8	m						CF4
PGC 998264		174.9428	-8.8599	3.1666e8	m						CF4
PGC 3116670		19.1829	0.7936	3.1666e8	m						CF4
PGC 9003287		131.475	43.8416	3.1666e8	m						CF4
PGC 34118		168.1947	13.4002	3.171e8	m						CF4
PGC 36230		175.1973	46.5405	3.171e8	m						CF4
PGC 37766		179.8734	25.4688	3.171e8	m						CF4
PGC 38967		183.1794	61.9709	3.171e8	m						CF4
PGC 46569		200.1775	6.7202	3.171e8	m						CF4
PGC 139705		177.0322	11.5135	3.171e8	m						CF4
PGC 148427		91.9161	-49.5961	3.171e8	m						CF4
PGC 159602		210.4717	-36.487	3.171e8	m						CF4
PGC 182307		160.9912	-0.5074	3.171e8	m						CF4
PGC 213764		164.528	40.2704	3.171e8	m						CF4
PGC 683837		203.0798	-32.9202	3.171e8	m						CF4
PGC 890889		80.2635	-16.9678	3.171e8	m						CF4
PGC 925924		192.7554	-14.3344	3.171e8	m						CF4
PGC 1100898		184.8907	-2.1309	3.171e8	m						CF4
PGC 1155158		166.9338	0.0245	3.171e8	m						CF4
PGC 1157275		206.3021	0.1081	3.171e8	m						CF4
PGC 1168379		148.1675	0.5304	3.171e8	m						CF4
PGC 1169244		228.1721	0.5611	3.171e8	m						CF4
PGC 1170694		182.9531	0.6147	3.171e8	m						CF4
PGC 1174094		167.7999	0.7365	3.171e8	m						CF4
PGC 1178581		219.3224	0.9001	3.171e8	m						CF4
PGC 1204516		188.2544	1.7453	3.171e8	m						CF4
PGC 1241892		186.6462	2.9596	3.171e8	m						CF4
PGC 1245171		195.7446	3.1011	3.171e8	m						CF4
PGC 1280773		162.1011	5.2697	3.171e8	m						CF4
PGC 1284694		218.0548	5.5161	3.171e8	m						CF4
PGC 1290185		178.1087	5.848	3.171e8	m						CF4
PGC 1298103		228.0843	6.2988	3.171e8	m						CF4
PGC 1305052		177.7151	6.6581	3.171e8	m						CF4
PGC 1356737		186.8177	8.944	3.171e8	m						CF4
PGC 1364956		208.6077	9.4272	3.171e8	m						CF4
PGC 1406852		182.0831	12.2867	3.171e8	m						CF4
PGC 1438685		223.0311	13.7234	3.171e8	m						CF4
PGC 1446668		242.8548	14.0065	3.171e8	m						CF4
PGC 1470062		127.835	14.9032	3.171e8	m						CF4
PGC 1511686		250.668	16.5604	3.171e8	m						CF4
PGC 1519703		183.2301	16.8971	3.171e8	m						CF4
PGC 1530113		200.0334	17.3258	3.171e8	m						CF4
PGC 1536149		116.3657	17.5783	3.171e8	m						CF4
PGC 1537975		117.5455	17.6494	3.171e8	m						CF4
PGC 1553629		179.1923	18.2264	3.171e8	m						CF4
PGC 1568973		168.8488	18.7472	3.171e8	m						CF4
PGC 1575852		139.7157	18.9583	3.171e8	m						CF4
PGC 1582618		122.7726	19.1616	3.171e8	m						CF4
PGC 1589044		211.7484	19.3442	3.171e8	m						CF4
PGC 1603157		212.1485	19.7237	3.171e8	m						CF4
PGC 1633351		125.0748	20.6743	3.171e8	m						CF4
PGC 1637764		196.1013	20.8727	3.171e8	m						CF4
PGC 1647646		162.0126	21.3234	3.171e8	m						CF4
PGC 1681009		218.3544	23.0755	3.171e8	m						CF4
PGC 1686269		116.4849	23.3739	3.171e8	m						CF4
PGC 1697340		114.501	23.9812	3.171e8	m						CF4
PGC 1708301		127.225	24.4814	3.171e8	m						CF4
PGC 1734249		240.8424	25.3727	3.171e8	m						CF4
PGC 1744452		239.4747	25.6526	3.171e8	m						CF4
PGC 1746866		158.6384	25.7134	3.171e8	m						CF4
PGC 1749993		173.7078	25.7916	3.171e8	m						CF4
PGC 1773812		140.8509	26.3749	3.171e8	m						CF4
PGC 1789973		147.0021	26.8423	3.171e8	m						CF4
PGC 1799374		225.8434	27.155	3.171e8	m						CF4
PGC 1805802		130.1499	27.3636	3.171e8	m						CF4
PGC 1806139		260.9019	27.3748	3.171e8	m						CF4
PGC 1808122		243.3725	27.4376	3.171e8	m						CF4
PGC 1834470		229.5597	28.3929	3.171e8	m						CF4
PGC 1849408		230.9415	28.8984	3.171e8	m						CF4
PGC 1917585		155.9945	30.7778	3.171e8	m						CF4
PGC 1930784		231.2063	31.0811	3.171e8	m						CF4
PGC 1970128		165.1093	31.8984	3.171e8	m						CF4
PGC 2004987		132.5277	32.6163	3.171e8	m						CF4
PGC 2043142		173.7277	34.0558	3.171e8	m						CF4
PGC 2061102		234.4214	35.2127	3.171e8	m						CF4
PGC 2061872		122.5265	35.2653	3.171e8	m						CF4
PGC 2080715		181.0626	36.4438	3.171e8	m						CF4
PGC 2082013		173.0016	36.5156	3.171e8	m						CF4
PGC 2092978		133.9752	37.0994	3.171e8	m						CF4
PGC 2117539		121.4525	38.0892	3.171e8	m						CF4
PGC 2131705		116.2719	38.6098	3.171e8	m						CF4
PGC 2136684		224.8219	38.7942	3.171e8	m						CF4
PGC 2169395		168.9882	40.6827	3.171e8	m						CF4
PGC 2171743		167.9044	40.8415	3.171e8	m						CF4
PGC 2175459		111.0033	41.0847	3.171e8	m						CF4
PGC 2183823		146.7464	41.6093	3.171e8	m						CF4
PGC 2185506		238.3655	41.7065	3.171e8	m						CF4
PGC 2186191		248.8511	41.7489	3.171e8	m						CF4
PGC 2233101		179.0253	43.9538	3.171e8	m						CF4
PGC 2250668		212.7804	44.7284	3.171e8	m						CF4
PGC 2275233		228.1916	46.092	3.171e8	m						CF4
PGC 2283734		220.3619	46.5874	3.171e8	m						CF4
PGC 2294685		227.3796	47.2336	3.171e8	m						CF4
PGC 2310875		121.5767	48.12	3.171e8	m						CF4
PGC 2331391		218.2154	49.0201	3.171e8	m						CF4
PGC 2370238		180.273	50.3446	3.171e8	m						CF4
PGC 2394503		154.6298	51.4623	3.171e8	m						CF4
PGC 2410296		178.4049	52.2486	3.171e8	m						CF4
PGC 2431413		225.8201	53.0854	3.171e8	m						CF4
PGC 2523248		233.1921	56.0363	3.171e8	m						CF4
PGC 2526101		180.1179	56.1171	3.171e8	m						CF4
PGC 2544127		177.2791	56.6724	3.171e8	m						CF4
PGC 2548648		169.6431	56.8162	3.171e8	m						CF4
PGC 2565052		177.1168	57.4194	3.171e8	m						CF4
PGC 2570482		243.7767	57.7365	3.171e8	m						CF4
PGC 2613839		194.6647	61.2054	3.171e8	m						CF4
PGC 3088986		186.4918	31.0219	3.171e8	m						CF4
PGC 3089579		115.5341	24.8147	3.171e8	m						CF4
PGC 3092326		178.4004	2.8345	3.171e8	m						CF4
PGC 3108286		147.4937	-0.8831	3.171e8	m						CF4
PGC 3124507		178.4495	3.5635	3.171e8	m						CF4
PGC 3125294		216.5683	4.043	3.171e8	m						CF4
PGC 3132642		135.1889	51.3122	3.171e8	m						CF4
PGC 3355468		142.6536	3.6803	3.171e8	m						CF4
PGC 3383956		183.7011	62.5942	3.171e8	m						CF4
PGC 3384820		195.7535	62.4558	3.171e8	m						CF4
PGC 3385021		199.0302	62.3096	3.171e8	m						CF4
PGC 3385288		206.1549	60.2576	3.171e8	m						CF4
PGC 3386643		223.5859	55.0156	3.171e8	m						CF4
PGC 3393118		177.1404	4.229	3.171e8	m						CF4
PGC 3401177		177.6575	51.5074	3.171e8	m						CF4
PGC 3403072		122.2045	35.2591	3.171e8	m						CF4
PGC 3409228		167.6273	58.335	3.171e8	m						CF4
PGC 3412133		255.591	34.05	3.171e8	m						CF4
PGC 3416086		210.9145	51.8566	3.171e8	m						CF4
PGC 3456427		139.7286	5.0487	3.171e8	m						CF4
PGC 3460628		146.7858	43.5105	3.171e8	m						CF4
PGC 3463480		152.3022	9.4416	3.171e8	m						CF4
PGC 3477349		185.0451	43.8615	3.171e8	m						CF4
PGC 3484283		209.5899	58.2158	3.171e8	m						CF4
PGC 3487532		218.4061	56.6294	3.171e8	m						CF4
PGC 3491130		226.9646	37.0806	3.171e8	m						CF4
PGC 3492243		231.0707	33.9844	3.171e8	m						CF4
PGC 3492779		232.6741	46.1493	3.171e8	m						CF4
PGC 3493069		233.3697	48.7571	3.171e8	m						CF4
PGC 3493076		233.3981	33.7142	3.171e8	m						CF4
PGC 3494173		237.5593	47.0222	3.171e8	m						CF4
PGC 3497162		242.8744	37.0002	3.171e8	m						CF4
PGC 3499506		247.2984	39.8522	3.171e8	m						CF4
PGC 3522269		121.5853	51.0248	3.171e8	m						CF4
PGC 3530642		143.3329	10.5719	3.171e8	m						CF4
PGC 3531083		144.3669	10.2912	3.171e8	m						CF4
PGC 3536835		158.1442	13.4191	3.171e8	m						CF4
PGC 3548835		183.0885	44.1238	3.171e8	m						CF4
PGC 3553246		196.9604	46.1962	3.171e8	m						CF4
PGC 3568161		237.5908	28.3131	3.171e8	m						CF4
PGC 3729059		124.8361	22.3842	3.171e8	m						CF4
PGC 3739526		138.4729	16.8228	3.171e8	m						CF4
PGC 3745265		145.0312	27.4183	3.171e8	m						CF4
PGC 3745428		145.1793	15.6148	3.171e8	m						CF4
PGC 3763463		164.4133	38.1683	3.171e8	m						CF4
PGC 3771591		172.1499	7.1728	3.171e8	m						CF4
PGC 3776171		176.1774	30.3002	3.171e8	m						CF4
PGC 3789278		186.8157	35.1762	3.171e8	m						CF4
PGC 3789690		187.1163	15.6301	3.171e8	m						CF4
PGC 3791547		188.5784	32.4275	3.171e8	m						CF4
PGC 3793249		189.7959	16.2952	3.171e8	m						CF4
PGC 3795259		191.1866	16.7319	3.171e8	m						CF4
PGC 3795722		191.5563	17.1702	3.171e8	m						CF4
PGC 3800548		195.24	8.9611	3.171e8	m						CF4
PGC 3803947		197.9941	39.1253	3.171e8	m						CF4
PGC 3808479		202.0793	31.7413	3.171e8	m						CF4
PGC 3816218		209.0373	24.651	3.171e8	m						CF4
PGC 3822748		213.7824	11.084	3.171e8	m						CF4
PGC 3829115		218.6111	40.2951	3.171e8	m						CF4
PGC 3831818		220.4035	46.9085	3.171e8	m						CF4
PGC 3833129		221.3634	20.2164	3.171e8	m						CF4
PGC 3835119		222.809	46.6153	3.171e8	m						CF4
PGC 3840383		227.0171	8.2317	3.171e8	m						CF4
PGC 3847014		231.8703	10.759	3.171e8	m						CF4
PGC 3848612		233.1208	22.306	3.171e8	m						CF4
PGC 3849914		234.1431	7.0878	3.171e8	m						CF4
PGC 3850998		234.9436	17.8355	3.171e8	m						CF4
PGC 3854260		237.3882	19.0384	3.171e8	m						CF4
PGC 3863375		244.6307	34.5695	3.171e8	m						CF4
PGC 3868201		248.5644	27.1382	3.171e8	m						CF4
PGC 3872075		251.4784	51.2186	3.171e8	m						CF4
PGC 3878482		257.2428	39.8188	3.171e8	m						CF4
PGC 4078439		291.8745	-10.0817	3.171e8	m						CF4
PGC 4346442		193.5468	17.3541	3.171e8	m						CF4
PGC 4416166		216.4845	20.0902	3.171e8	m						CF4
PGC 4438074		223.5185	18.5686	3.171e8	m						CF4
PGC 4456850		229.3813	7.8624	3.171e8	m						CF4
PGC 4570541		197.9379	9.019	3.171e8	m						CF4
PGC 28167		147.0168	20.3024	3.1842e8	m						CF4
PGC 46067		198.7276	34.7025	3.1857e8	m						CF4
PGC 46348		199.6062	47.2483	3.1857e8	m						CF4
PGC 54858		230.4981	27.6776	3.1857e8	m						CF4
PGC 69560		340.7159	-10.6589	3.1857e8	m						CF4
PGC 115401		178.0035	-3.1469	3.1857e8	m						CF4
PGC 115806		180.9312	-3.0721	3.1857e8	m						CF4
PGC 165095		185.3948	13.7802	3.1857e8	m						CF4
PGC 165190		187.4679	11.7803	3.1857e8	m						CF4
PGC 536736		312.1003	-44.4918	3.1857e8	m						CF4
PGC 1099240		235.7533	-2.1891	3.1857e8	m						CF4
PGC 1112335		194.7599	-1.7026	3.1857e8	m						CF4
PGC 1128028		192.8632	-1.05	3.1857e8	m						CF4
PGC 1158526		198.9732	0.157	3.1857e8	m						CF4
PGC 1168651		147.4951	0.54	3.1857e8	m						CF4
PGC 1180463		155.7046	0.9657	3.1857e8	m						CF4
PGC 1185837		170.6397	1.1425	3.1857e8	m						CF4
PGC 1219449		123.3441	2.2062	3.1857e8	m						CF4
PGC 1224431		197.6596	2.36	3.1857e8	m						CF4
PGC 1233599		204.2922	2.6519	3.1857e8	m						CF4
PGC 1237354		224.5426	2.7848	3.1857e8	m						CF4
PGC 1257452		132.0587	3.7249	3.1857e8	m						CF4
PGC 1257584		184.5751	3.7316	3.1857e8	m						CF4
PGC 1291946		125.1758	5.9525	3.1857e8	m						CF4
PGC 1299620		188.9698	6.3795	3.1857e8	m						CF4
PGC 1304675		185.5447	6.6396	3.1857e8	m						CF4
PGC 1306281		131.6513	6.7237	3.1857e8	m						CF4
PGC 1320358		194.7313	7.378	3.1857e8	m						CF4
PGC 1335493		225.7824	7.9627	3.1857e8	m						CF4
PGC 1338055		211.8552	8.0646	3.1857e8	m						CF4
PGC 1340922		228.8384	8.1788	3.1857e8	m						CF4
PGC 1354145		175.2842	8.8116	3.1857e8	m						CF4
PGC 1373159		226.683	9.9994	3.1857e8	m						CF4
PGC 1379559		150.5832	10.4409	3.1857e8	m						CF4
PGC 1391466		169.0805	11.2899	3.1857e8	m						CF4
PGC 1394183		211.2731	11.4755	3.1857e8	m						CF4
PGC 1398603		203.3385	11.7764	3.1857e8	m						CF4
PGC 1414123		127.0786	12.6794	3.1857e8	m						CF4
PGC 1415094		181.8344	12.7292	3.1857e8	m						CF4
PGC 1420278		177.1323	12.9855	3.1857e8	m						CF4
PGC 1435442		190.0908	13.6053	3.1857e8	m						CF4
PGC 1435495		155.4968	13.6072	3.1857e8	m						CF4
PGC 1447900		190.004	14.051	3.1857e8	m						CF4
PGC 1460404		128.2521	14.5239	3.1857e8	m						CF4
PGC 1468857		149.7078	14.8549	3.1857e8	m						CF4
PGC 1471336		150.9394	14.9522	3.1857e8	m						CF4
PGC 1491867		210.1286	15.726	3.1857e8	m						CF4
PGC 1494117		219.1589	15.8213	3.1857e8	m						CF4
PGC 1498390		136.9675	16.0033	3.1857e8	m						CF4
PGC 1530129		156.9736	17.3267	3.1857e8	m						CF4
PGC 1584986		143.3722	19.2304	3.1857e8	m						CF4
PGC 1642621		164.8503	21.0939	3.1857e8	m						CF4
PGC 1654608		188.8368	21.6611	3.1857e8	m						CF4
PGC 1656557		245.891	21.755	3.1857e8	m						CF4
PGC 1673405		182.0962	22.6316	3.1857e8	m						CF4
PGC 1679741		193.7073	23.0042	3.1857e8	m						CF4
PGC 1680233		134.1259	23.0332	3.1857e8	m						CF4
PGC 1713424		210.8945	24.6779	3.1857e8	m						CF4
PGC 1716539		215.9547	24.7925	3.1857e8	m						CF4
PGC 1728670		197.8665	25.2039	3.1857e8	m						CF4
PGC 1748377		240.469	25.7511	3.1857e8	m						CF4
PGC 1751242		178.0883	25.8236	3.1857e8	m						CF4
PGC 1799507		227.1547	27.1589	3.1857e8	m						CF4
PGC 1813183		238.4862	27.6115	3.1857e8	m						CF4
PGC 1815501		231.0963	27.6962	3.1857e8	m						CF4
PGC 1824010		151.3026	28.0164	3.1857e8	m						CF4
PGC 1841342		242.002	28.6297	3.1857e8	m						CF4
PGC 1847647		187.7836	28.8416	3.1857e8	m						CF4
PGC 1861273		212.7935	29.2763	3.1857e8	m						CF4
PGC 1895214		218.183	30.2248	3.1857e8	m						CF4
PGC 1985359		180.3207	32.1995	3.1857e8	m						CF4
PGC 2000377		254.7308	32.5131	3.1857e8	m						CF4
PGC 2000491		254.7357	32.5155	3.1857e8	m						CF4
PGC 2012204		116.3633	32.7829	3.1857e8	m						CF4
PGC 2034371		179.4314	33.5502	3.1857e8	m						CF4
PGC 2044053		116.0108	34.1125	3.1857e8	m						CF4
PGC 2047120		257.4812	34.3044	3.1857e8	m						CF4
PGC 2050175		123.6578	34.4999	3.1857e8	m						CF4
PGC 2057510		175.8265	34.9778	3.1857e8	m						CF4
PGC 2060167		220.8584	35.1482	3.1857e8	m						CF4
PGC 2060278		152.4622	35.1562	3.1857e8	m						CF4
PGC 2080722		220.6412	36.4442	3.1857e8	m						CF4
PGC 2085034		183.0665	36.6824	3.1857e8	m						CF4
PGC 2120289		257.456	38.1907	3.1857e8	m						CF4
PGC 2128519		134.535	38.49	3.1857e8	m						CF4
PGC 2131420		192.7501	38.5988	3.1857e8	m						CF4
PGC 2165219		197.9432	40.3982	3.1857e8	m						CF4
PGC 2170984		139.9944	40.7912	3.1857e8	m						CF4
PGC 2176634		213.19	41.1596	3.1857e8	m						CF4
PGC 2203684		161.0721	42.6692	3.1857e8	m						CF4
PGC 2206752		232.0138	42.8137	3.1857e8	m						CF4
PGC 2223630		193.1328	43.5578	3.1857e8	m						CF4
PGC 2270976		170.0592	45.8229	3.1857e8	m						CF4
PGC 2364556		139.0772	50.1559	3.1857e8	m						CF4
PGC 2373751		207.577	50.4622	3.1857e8	m						CF4
PGC 2414629		158.1879	52.4254	3.1857e8	m						CF4
PGC 2466005		134.6706	54.3167	3.1857e8	m						CF4
PGC 2572962		188.1193	57.9634	3.1857e8	m						CF4
PGC 2589825		229.3518	59.3827	3.1857e8	m						CF4
PGC 2666576		212.7878	64.2954	3.1857e8	m						CF4
PGC 3086936		210.3561	56.922	3.1857e8	m						CF4
PGC 3089150		214.923	28.8093	3.1857e8	m						CF4
PGC 3091243		123.2478	10.2261	3.1857e8	m						CF4
PGC 3119744		146.7957	1.7672	3.1857e8	m						CF4
PGC 3124442		229.2818	3.5373	3.1857e8	m						CF4
PGC 3131460		129.7597	47.2481	3.1857e8	m						CF4
PGC 3357444		157.9137	3.7896	3.1857e8	m						CF4
PGC 3357479		157.5136	3.7753	3.1857e8	m						CF4
PGC 3389884		126.8045	35.8863	3.1857e8	m						CF4
PGC 3392021		168.8148	5.7895	3.1857e8	m						CF4
PGC 3393139		177.1411	5.7209	3.1857e8	m						CF4
PGC 3393260		179.2559	5.0997	3.1857e8	m						CF4
PGC 3394407		184.4115	3.6634	3.1857e8	m						CF4
PGC 3394971		190.2012	3.7184	3.1857e8	m						CF4
PGC 3395146		190.0968	6.0244	3.1857e8	m						CF4
PGC 3400878		175.2777	50.9798	3.1857e8	m						CF4
PGC 3403033		122.7458	35.9363	3.1857e8	m						CF4
PGC 3404071		160.693	54.2975	3.1857e8	m						CF4
PGC 3417222		235.3851	42.8875	3.1857e8	m						CF4
PGC 3447445		125.0355	37.5984	3.1857e8	m						CF4
PGC 3448707		127.1911	34.9567	3.1857e8	m						CF4
PGC 3456598		139.9672	7.0266	3.1857e8	m						CF4
PGC 3470570		167.2257	7.0784	3.1857e8	m						CF4
PGC 3475749		179.0717	8.7856	3.1857e8	m						CF4
PGC 3493911		236.2941	48.3079	3.1857e8	m						CF4
PGC 3495142		239.5881	27.6558	3.1857e8	m						CF4
PGC 3524852		129.8416	27.072	3.1857e8	m						CF4
PGC 3530559		143.1045	9.2711	3.1857e8	m						CF4
PGC 3542220		169.435	44.4073	3.1857e8	m						CF4
PGC 3548965		183.326	44.4458	3.1857e8	m						CF4
PGC 3553371		197.1513	13.0964	3.1857e8	m						CF4
PGC 3561611		219.9531	36.5392	3.1857e8	m						CF4
PGC 3565538		231.7353	30.175	3.1857e8	m						CF4
PGC 3571760		250.3873	24.0866	3.1857e8	m						CF4
PGC 3723250		114.867	46.2883	3.1857e8	m						CF4
PGC 3729094		124.8977	23.5517	3.1857e8	m						CF4
PGC 3735503		133.7697	16.736	3.1857e8	m						CF4
PGC 3736088		134.5167	16.1238	3.1857e8	m						CF4
PGC 3737918		136.6257	17.7057	3.1857e8	m						CF4
PGC 3753110		153.8469	19.3428	3.1857e8	m						CF4
PGC 3758871		160.0653	16.4029	3.1857e8	m						CF4
PGC 3764996		165.8158	19.2367	3.1857e8	m						CF4
PGC 3766212		166.8597	15.8794	3.1857e8	m						CF4
PGC 3766273		166.9251	24.7108	3.1857e8	m						CF4
PGC 3768045		168.7974	35.0054	3.1857e8	m						CF4
PGC 3784894		183.5981	36.243	3.1857e8	m						CF4
PGC 3790478		187.7329	32.6648	3.1857e8	m						CF4
PGC 3791459		188.5087	20.124	3.1857e8	m						CF4
PGC 3794240		190.4744	18.6436	3.1857e8	m						CF4
PGC 3795787		191.5984	8.3735	3.1857e8	m						CF4
PGC 3799961		194.8755	29.9868	3.1857e8	m						CF4
PGC 3802074		196.3333	19.1934	3.1857e8	m						CF4
PGC 3807604		201.257	8.6298	3.1857e8	m						CF4
PGC 3810321		203.7756	24.1792	3.1857e8	m						CF4
PGC 3825407		215.9205	48.2826	3.1857e8	m						CF4
PGC 3840867		227.369	9.7707	3.1857e8	m						CF4
PGC 3841651		227.8972	6.2527	3.1857e8	m						CF4
PGC 3853236		236.6776	8.7761	3.1857e8	m						CF4
PGC 3863142		244.4611	16.8759	3.1857e8	m						CF4
PGC 3864664		245.6895	26.098	3.1857e8	m						CF4
PGC 4156789		122.8538	3.6295	3.1857e8	m						CF4
PGC 4365785		200.1123	17.5078	3.1857e8	m						CF4
PGC 4439216		223.8565	31.339	3.1857e8	m						CF4
PGC 4461940		230.9885	6.9498	3.1857e8	m						CF4
PGC 4541310		226.4973	27.3218	3.1857e8	m						CF4
PGC 5085201		254.7635	43.5008	3.1857e8	m						CF4
PGC 1827553		164.0155	28.1438	3.196e8	m						CF4
PGC 1880431		175.2944	29.8483	3.1989e8	m						CF4
PGC 37944		180.43	45.6344	3.2004e8	m						CF4
PGC 48054		204.1958	59.3729	3.2004e8	m						CF4
PGC 48109		204.3318	59.2912	3.2004e8	m						CF4
PGC 56391		238.8922	53.0333	3.2004e8	m						CF4
PGC 84348		223.4166	18.0702	3.2004e8	m						CF4
PGC 84564		230.3001	8.1937	3.2004e8	m						CF4
PGC 97417		197.2687	10.4931	3.2004e8	m						CF4
PGC 99843		218.903	59.2579	3.2004e8	m						CF4
PGC 183515		196.7294	-1.0268	3.2004e8	m						CF4
PGC 440793		90.7101	-52.6469	3.2004e8	m						CF4
PGC 517581		347.7698	-46.2196	3.2004e8	m						CF4
PGC 547367		313.7872	-43.5588	3.2004e8	m						CF4
PGC 581373		84.8815	-40.8892	3.2004e8	m						CF4
PGC 810521		192.9225	-22.675	3.2004e8	m						CF4
PGC 935785		232.2441	-13.5988	3.2004e8	m						CF4
PGC 1090673		200.7417	-2.4862	3.2004e8	m						CF4
PGC 1110991		235.9409	-1.7533	3.2004e8	m						CF4
PGC 1111171		192.0427	-1.747	3.2004e8	m						CF4
PGC 1133239		234.2093	-0.8454	3.2004e8	m						CF4
PGC 1137539		219.465	-0.6724	3.2004e8	m						CF4
PGC 1140577		192.326	-0.5522	3.2004e8	m						CF4
PGC 1152075		186.8653	-0.094	3.2004e8	m						CF4
PGC 1153200		161.6715	-0.0487	3.2004e8	m						CF4
PGC 1155501		150.2563	0.0383	3.2004e8	m						CF4
PGC 1168623		147.5248	0.5388	3.2004e8	m						CF4
PGC 1172536		165.8207	0.6791	3.2004e8	m						CF4
PGC 1188338		159.3708	1.225	3.2004e8	m						CF4
PGC 1231204		221.065	2.5747	3.2004e8	m						CF4
PGC 1232334		124.6702	2.6101	3.2004e8	m						CF4
PGC 1256983		206.6529	3.6958	3.2004e8	m						CF4
PGC 1265618		176.5248	4.2514	3.2004e8	m						CF4
PGC 1269505		175.1174	4.5307	3.2004e8	m						CF4
PGC 1271695		175.4748	4.6815	3.2004e8	m						CF4
PGC 1275745		153.75	4.9477	3.2004e8	m						CF4
PGC 1299087		229.4584	6.3536	3.2004e8	m						CF4
PGC 1299863		122.4344	6.3901	3.2004e8	m						CF4
PGC 1300515		153.0969	6.4289	3.2004e8	m						CF4
PGC 1302562		234.3237	6.5316	3.2004e8	m						CF4
PGC 1303181		215.9493	6.5651	3.2004e8	m						CF4
PGC 1308229		177.5748	6.8242	3.2004e8	m						CF4
PGC 1343952		145.8684	8.3003	3.2004e8	m						CF4
PGC 1346186		157.312	8.4049	3.2004e8	m						CF4
PGC 1364394		153.7666	9.3883	3.2004e8	m						CF4
PGC 1387046		150.6885	10.9689	3.2004e8	m						CF4
PGC 1409473		140.5272	12.4339	3.2004e8	m						CF4
PGC 1417693		176.5936	12.8634	3.2004e8	m						CF4
PGC 1426681		183.098	13.2631	3.2004e8	m						CF4
PGC 1465005		142.3344	14.7051	3.2004e8	m						CF4
PGC 1468222		182.2383	14.8299	3.2004e8	m						CF4
PGC 1473734		176.1024	15.0451	3.2004e8	m						CF4
PGC 1516841		208.2486	16.7809	3.2004e8	m						CF4
PGC 1532026		126.2233	17.4077	3.2004e8	m						CF4
PGC 1538396		123.8847	17.6647	3.2004e8	m						CF4
PGC 1547568		134.52	18.0043	3.2004e8	m						CF4
PGC 1554279		227.5014	18.2504	3.2004e8	m						CF4
PGC 1566719		236.8893	18.6731	3.2004e8	m						CF4
PGC 1567197		215.0439	18.6894	3.2004e8	m						CF4
PGC 1649493		198.9941	21.4134	3.2004e8	m						CF4
PGC 1653661		176.221	21.6147	3.2004e8	m						CF4
PGC 1658844		192.6681	21.8643	3.2004e8	m						CF4
PGC 1667226		231.1233	22.2934	3.2004e8	m						CF4
PGC 1706833		241.6775	24.4168	3.2004e8	m						CF4
PGC 1709525		209.2875	24.5298	3.2004e8	m						CF4
PGC 1737092		223.9013	25.4536	3.2004e8	m						CF4
PGC 1766326		240.2136	26.1869	3.2004e8	m						CF4
PGC 1767450		200.2566	26.2134	3.2004e8	m						CF4
PGC 1773977		134.578	26.3787	3.2004e8	m						CF4
PGC 1780283		239.917	26.5489	3.2004e8	m						CF4
PGC 1786019		227.3354	26.7135	3.2004e8	m						CF4
PGC 1790889		218.1183	26.8725	3.2004e8	m						CF4
PGC 1794650		200.1774	26.9925	3.2004e8	m						CF4
PGC 1795424		175.5976	27.0184	3.2004e8	m						CF4
PGC 1800455		253.796	27.1901	3.2004e8	m						CF4
PGC 1800655		229.0934	27.197	3.2004e8	m						CF4
PGC 1801916		172.6673	27.2377	3.2004e8	m						CF4
PGC 1830837		157.8765	28.2637	3.2004e8	m						CF4
PGC 1832077		208.8579	28.3067	3.2004e8	m						CF4
PGC 1900342		115.4244	30.3523	3.2004e8	m						CF4
PGC 1934403		120.4921	31.1608	3.2004e8	m						CF4
PGC 1954822		179.4882	31.5964	3.2004e8	m						CF4
PGC 1975238		236.3614	32.0018	3.2004e8	m						CF4
PGC 2018172		132.9174	32.9415	3.2004e8	m						CF4
PGC 2051277		199.6932	34.5738	3.2004e8	m						CF4
PGC 2052824		120.3054	34.6752	3.2004e8	m						CF4
PGC 2058658		208.2501	35.0526	3.2004e8	m						CF4
PGC 2061234		147.9776	35.2227	3.2004e8	m						CF4
PGC 2063951		250.0789	35.401	3.2004e8	m						CF4
PGC 2075594		138.603	36.1386	3.2004e8	m						CF4
PGC 2079567		239.4841	36.3753	3.2004e8	m						CF4
PGC 2149628		238.5346	39.4289	3.2004e8	m						CF4
PGC 2153084		209.7794	39.6267	3.2004e8	m						CF4
PGC 2161723		168.4169	40.1706	3.2004e8	m						CF4
PGC 2185069		167.3101	41.6819	3.2004e8	m						CF4
PGC 2211691		248.3202	43.0416	3.2004e8	m						CF4
PGC 2244655		249.4059	44.4509	3.2004e8	m						CF4
PGC 2277383		206.9132	46.2155	3.2004e8	m						CF4
PGC 2312525		210.2692	48.2036	3.2004e8	m						CF4
PGC 2323381		230.2767	48.6941	3.2004e8	m						CF4
PGC 2412610		118.1268	52.3439	3.2004e8	m						CF4
PGC 2428924		242.4174	52.9874	3.2004e8	m						CF4
PGC 2439086		212.6106	53.3685	3.2004e8	m						CF4
PGC 2529178		184.8494	56.2064	3.2004e8	m						CF4
PGC 2557299		198.8832	57.1086	3.2004e8	m						CF4
PGC 2569426		174.3225	57.655	3.2004e8	m						CF4
PGC 2580871		204.8581	58.624	3.2004e8	m						CF4
PGC 2589464		183.3993	59.353	3.2004e8	m						CF4
PGC 2594346		232.6791	59.7955	3.2004e8	m						CF4
PGC 2635193		146.6513	62.3554	3.2004e8	m						CF4
PGC 2673569		195.1274	64.9931	3.2004e8	m						CF4
PGC 3087033		193.5291	55.2308	3.2004e8	m						CF4
PGC 3087317		145.5725	50.0323	3.2004e8	m						CF4
PGC 3088130		223.7822	38.9558	3.2004e8	m						CF4
PGC 3088787		229.6159	33.2021	3.2004e8	m						CF4
PGC 3089979		185.6919	19.7703	3.2004e8	m						CF4
PGC 3132237		127.1095	50.5319	3.2004e8	m						CF4
PGC 3139771		212.8791	65.152	3.2004e8	m						CF4
PGC 3141271		192.2703	68.1771	3.2004e8	m						CF4
PGC 3348448		185.0027	3.1378	3.2004e8	m						CF4
PGC 3358003		158.652	5.231	3.2004e8	m						CF4
PGC 3358353		159.7626	4.3741	3.2004e8	m						CF4
PGC 3393500		179.3196	5.1855	3.2004e8	m						CF4
PGC 3396831		206.889	5.0975	3.2004e8	m						CF4
PGC 3399512		143.4276	43.8558	3.2004e8	m						CF4
PGC 3401111		177.3474	52.3481	3.2004e8	m						CF4
PGC 3457456		141.1985	40.0859	3.2004e8	m						CF4
PGC 3462529		150.2697	5.2683	3.2004e8	m						CF4
PGC 3468904		163.6461	49.0864	3.2004e8	m						CF4
PGC 3474902		176.8582	10.7002	3.2004e8	m						CF4
PGC 3481289		198.4931	53.4693	3.2004e8	m						CF4
PGC 3484243		209.4976	58.2855	3.2004e8	m						CF4
PGC 3494892		239.234	28.7055	3.2004e8	m						CF4
PGC 3495943		240.894	41.3235	3.2004e8	m						CF4
PGC 3530563		143.1138	9.5719	3.2004e8	m						CF4
PGC 3546585		178.5887	12.7936	3.2004e8	m						CF4
PGC 3555843		201.8796	12.8443	3.2004e8	m						CF4
PGC 3561361		218.963	42.6743	3.2004e8	m						CF4
PGC 3564873		229.2159	30.6639	3.2004e8	m						CF4
PGC 3565088		229.8681	32.9524	3.2004e8	m						CF4
PGC 3565426		231.2946	32.9789	3.2004e8	m						CF4
PGC 3730996		127.6063	23.0122	3.2004e8	m						CF4
PGC 3734941		133.0503	28.352	3.2004e8	m						CF4
PGC 3736761		135.2944	18.8106	3.2004e8	m						CF4
PGC 3758825		160.0202	24.66	3.2004e8	m						CF4
PGC 3760338		161.6071	16.1684	3.2004e8	m						CF4
PGC 3765991		166.6591	24.814	3.2004e8	m						CF4
PGC 3767765		168.4975	29.4803	3.2004e8	m						CF4
PGC 3775195		175.3361	32.2425	3.2004e8	m						CF4
PGC 3776361		176.3519	15.4657	3.2004e8	m						CF4
PGC 3782161		181.3361	22.8814	3.2004e8	m						CF4
PGC 3790062		187.4192	17.8327	3.2004e8	m						CF4
PGC 3796019		191.7776	7.4557	3.2004e8	m						CF4
PGC 3797186		192.7437	13.3367	3.2004e8	m						CF4
PGC 3799503		194.5651	7.2042	3.2004e8	m						CF4
PGC 3802590		196.7568	21.4375	3.2004e8	m						CF4
PGC 3804816		198.7594	54.2616	3.2004e8	m						CF4
PGC 3808461		202.0627	15.8799	3.2004e8	m						CF4
PGC 3810647		204.084	42.0406	3.2004e8	m						CF4
PGC 3815062		208.0195	6.6205	3.2004e8	m						CF4
PGC 3822562		213.6382	19.0048	3.2004e8	m						CF4
PGC 3829752		219.0537	24.4163	3.2004e8	m						CF4
PGC 3833500		221.6697	20.821	3.2004e8	m						CF4
PGC 3854518		237.5781	18.9075	3.2004e8	m						CF4
PGC 3862251		243.7611	13.42	3.2004e8	m						CF4
PGC 3865353		246.2727	23.7987	3.2004e8	m						CF4
PGC 3865646		246.5171	14.3795	3.2004e8	m						CF4
PGC 3869365		249.4143	16.0187	3.2004e8	m						CF4
PGC 3874302		253.5786	17.2609	3.2004e8	m						CF4
PGC 4076152		173.1382	-50.2774	3.2004e8	m						CF4
PGC 4077547		258.7597	-68.7691	3.2004e8	m						CF4
PGC 4241921		158.0722	28.12	3.2004e8	m						CF4
PGC 4334508		189.3288	16.5619	3.2004e8	m						CF4
PGC 4358562		197.7954	18.9962	3.2004e8	m						CF4
PGC 4362410		199.0684	8.237	3.2004e8	m						CF4
PGC 5069182		26.793	-0.1468	3.2107e8	m						CF4
PGC 1425156		183.9549	13.1967	3.2137e8	m						CF4
PGC 30954		157.5423	4.007	3.2151e8	m						CF4
PGC 32828		163.8853	4.4534	3.2151e8	m						CF4
PGC 44939		195.4818	31.9734	3.2151e8	m						CF4
PGC 54355		228.4422	26.8979	3.2151e8	m						CF4
PGC 87459		175.8811	7.4834	3.2151e8	m						CF4
PGC 116101		183.7026	-2.9359	3.2151e8	m						CF4
PGC 164690		352.3197	-37.9125	3.2151e8	m						CF4
PGC 214262		216.1926	26.1582	3.2151e8	m						CF4
PGC 1111738		192.5124	-1.7259	3.2151e8	m						CF4
PGC 1123264		145.3742	-1.2493	3.2151e8	m						CF4
PGC 1132992		188.0817	-0.8555	3.2151e8	m						CF4
PGC 1150764		159.9015	-0.1472	3.2151e8	m						CF4
PGC 1160667		145.0474	0.2378	3.2151e8	m						CF4
PGC 1165117		155.5422	0.4061	3.2151e8	m						CF4
PGC 1165365		129.5522	0.4164	3.2151e8	m						CF4
PGC 1186357		180.5496	1.16	3.2151e8	m						CF4
PGC 1198973		191.7444	1.5716	3.2151e8	m						CF4
PGC 1242991		131.7697	3.0069	3.2151e8	m						CF4
PGC 1275003		225.5173	4.9022	3.2151e8	m						CF4
PGC 1313941		205.2117	7.1041	3.2151e8	m						CF4
PGC 1357724		196.1818	9.0001	3.2151e8	m						CF4
PGC 1362563		130.053	9.2707	3.2151e8	m						CF4
PGC 1394680		178.9972	11.5095	3.2151e8	m						CF4
PGC 1395675		195.2771	11.5745	3.2151e8	m						CF4
PGC 1407745		129.6784	12.3384	3.2151e8	m						CF4
PGC 1413608		174.4487	12.654	3.2151e8	m						CF4
PGC 1480571		141.2534	15.2884	3.2151e8	m						CF4
PGC 1484921		163.7985	15.45	3.2151e8	m						CF4
PGC 1494143		240.4452	15.8222	3.2151e8	m						CF4
PGC 1502917		149.7636	16.1898	3.2151e8	m						CF4
PGC 1504243		205.0793	16.2456	3.2151e8	m						CF4
PGC 1507159		243.1647	16.3696	3.2151e8	m						CF4
PGC 1514207		150.7644	16.6709	3.2151e8	m						CF4
PGC 1525255		139.848	17.1267	3.2151e8	m						CF4
PGC 1535422		172.6146	17.5486	3.2151e8	m						CF4
PGC 1550548		208.1575	18.1142	3.2151e8	m						CF4
PGC 1572174		207.6568	18.8452	3.2151e8	m						CF4
PGC 1580057		128.1513	19.0831	3.2151e8	m						CF4
PGC 1591345		170.4954	19.4114	3.2151e8	m						CF4
PGC 1591452		126.0002	19.415	3.2151e8	m						CF4
PGC 1620005		175.9007	20.2078	3.2151e8	m						CF4
PGC 1632555		162.7577	20.6404	3.2151e8	m						CF4
PGC 1644620		199.6643	21.1834	3.2151e8	m						CF4
PGC 1667908		219.7481	22.3295	3.2151e8	m						CF4
PGC 1677139		210.469	22.848	3.2151e8	m						CF4
PGC 1685756		234.8644	23.3438	3.2151e8	m						CF4
PGC 1690527		146.074	23.6178	3.2151e8	m						CF4
PGC 1703735		218.1093	24.28	3.2151e8	m						CF4
PGC 1705095		172.2885	24.3393	3.2151e8	m						CF4
PGC 1707280		226.1229	24.4373	3.2151e8	m						CF4
PGC 1716004		210.7689	24.7736	3.2151e8	m						CF4
PGC 1717700		205.4413	24.8333	3.2151e8	m						CF4
PGC 1722468		151.7798	25.0003	3.2151e8	m						CF4
PGC 1735228		192.5985	25.4021	3.2151e8	m						CF4
PGC 1751367		204.6241	25.8261	3.2151e8	m						CF4
PGC 1801268		239.0908	27.2172	3.2151e8	m						CF4
PGC 1812823		188.832	27.5996	3.2151e8	m						CF4
PGC 1823853		153.7966	28.0116	3.2151e8	m						CF4
PGC 1830810		118.3671	28.2624	3.2151e8	m						CF4
PGC 1847625		170.1906	28.8405	3.2151e8	m						CF4
PGC 1875518		181.5521	29.7138	3.2151e8	m						CF4
PGC 1882866		249.8104	29.9132	3.2151e8	m						CF4
PGC 1886781		121.8147	30.0138	3.2151e8	m						CF4
PGC 1891043		216.6394	30.1201	3.2151e8	m						CF4
PGC 1907896		230.2804	30.5418	3.2151e8	m						CF4
PGC 1908166		187.8765	30.5491	3.2151e8	m						CF4
PGC 1913517		234.3238	30.6817	3.2151e8	m						CF4
PGC 1916639		119.2599	30.7564	3.2151e8	m						CF4
PGC 1928240		200.4005	31.0253	3.2151e8	m						CF4
PGC 1947150		256.6138	31.4375	3.2151e8	m						CF4
PGC 2007190		212.2035	32.6652	3.2151e8	m						CF4
PGC 2041887		118.8242	33.9742	3.2151e8	m						CF4
PGC 2055701		225.6992	34.8609	3.2151e8	m						CF4
PGC 2075615		172.9179	36.1397	3.2151e8	m						CF4
PGC 2082900		236.5035	36.5674	3.2151e8	m						CF4
PGC 2096031		190.781	37.2421	3.2151e8	m						CF4
PGC 2132135		242.8608	38.6243	3.2151e8	m						CF4
PGC 2133983		138.8583	38.6924	3.2151e8	m						CF4
PGC 2150881		197.7104	39.5009	3.2151e8	m						CF4
PGC 2155105		211.0072	39.7552	3.2151e8	m						CF4
PGC 2159836		111.0046	40.0533	3.2151e8	m						CF4
PGC 2162320		213.7148	40.2074	3.2151e8	m						CF4
PGC 2163146		215.9648	40.2588	3.2151e8	m						CF4
PGC 2171682		123.9034	40.8374	3.2151e8	m						CF4
PGC 2186561		154.7794	41.7719	3.2151e8	m						CF4
PGC 2192433		191.1961	42.1026	3.2151e8	m						CF4
PGC 2224783		212.6984	43.6075	3.2151e8	m						CF4
PGC 2233145		170.5521	43.9558	3.2151e8	m						CF4
PGC 2278539		204.9597	46.2835	3.2151e8	m						CF4
PGC 2286037		159.0201	46.7216	3.2151e8	m						CF4
PGC 2300778		133.9273	47.5851	3.2151e8	m						CF4
PGC 2317330		215.5358	48.4321	3.2151e8	m						CF4
PGC 2404700		222.685	52.0111	3.2151e8	m						CF4
PGC 2412421		199.8108	52.3359	3.2151e8	m						CF4
PGC 2421284		178.5507	52.6912	3.2151e8	m						CF4
PGC 2437766		187.4423	53.3217	3.2151e8	m						CF4
PGC 2492263		210.6659	55.1508	3.2151e8	m						CF4
PGC 2503541		196.7741	55.4787	3.2151e8	m						CF4
PGC 2506462		172.2324	55.5609	3.2151e8	m						CF4
PGC 2561582		198.4106	57.2686	3.2151e8	m						CF4
PGC 2592636		210.3882	59.6353	3.2151e8	m						CF4
PGC 2596905		203.7331	60.0107	3.2151e8	m						CF4
PGC 2601316		206.7357	60.3755	3.2151e8	m						CF4
PGC 2604952		201.8638	60.6469	3.2151e8	m						CF4
PGC 2614696		197.0735	61.2548	3.2151e8	m						CF4
PGC 3088503		119.9458	35.52	3.2151e8	m						CF4
PGC 3090108		195.8957	18.8033	3.2151e8	m						CF4
PGC 3111615		200.5231	-0.2571	3.2151e8	m						CF4
PGC 3122063		173.9151	2.7379	3.2151e8	m						CF4
PGC 3124849		210.6558	3.7131	3.2151e8	m						CF4
PGC 3126463		211.9638	5.4161	3.2151e8	m						CF4
PGC 3128536		115.3043	34.5139	3.2151e8	m						CF4
PGC 3140060		212.1942	65.793	3.2151e8	m						CF4
PGC 3348228		182.8919	3.0495	3.2151e8	m						CF4
PGC 3382139		153.8218	60.1584	3.2151e8	m						CF4
PGC 3383446		176.4869	63.0665	3.2151e8	m						CF4
PGC 3395568		195.7456	4.4161	3.2151e8	m						CF4
PGC 3396262		201.8525	5.1279	3.2151e8	m						CF4
PGC 3399182		131.0719	37.0278	3.2151e8	m						CF4
PGC 3399839		156.8694	49.2829	3.2151e8	m						CF4
PGC 3403711		152.5329	52.7103	3.2151e8	m						CF4
PGC 3410826		201.5067	57.9121	3.2151e8	m						CF4
PGC 3463457		152.2557	50.5894	3.2151e8	m						CF4
PGC 3464050		153.6417	8.7506	3.2151e8	m						CF4
PGC 3467393		159.4318	8.6738	3.2151e8	m						CF4
PGC 3469828		165.7578	7.6064	3.2151e8	m						CF4
PGC 3473222		173.6782	8.822	3.2151e8	m						CF4
PGC 3476526		181.6448	10.5048	3.2151e8	m						CF4
PGC 3478089		186.8956	8.8781	3.2151e8	m						CF4
PGC 3500307		248.4963	26.898	3.2151e8	m						CF4
PGC 3523256		125.1064	7.4685	3.2151e8	m						CF4
PGC 3527249		134.8714	8.4825	3.2151e8	m						CF4
PGC 3533081		150.6493	10.8639	3.2151e8	m						CF4
PGC 3536816		158.1202	40.1484	3.2151e8	m						CF4
PGC 3536900		158.2361	39.1856	3.2151e8	m						CF4
PGC 3544210		173.4714	55.921	3.2151e8	m						CF4
PGC 3544724		174.5468	11.1135	3.2151e8	m						CF4
PGC 3556992		207.1728	12.6417	3.2151e8	m						CF4
PGC 3568975		239.188	37.1648	3.2151e8	m						CF4
PGC 3571651		250.0831	25.4708	3.2151e8	m						CF4
PGC 3735851		134.213	11.0362	3.2151e8	m						CF4
PGC 3746998		146.8046	22.1447	3.2151e8	m						CF4
PGC 3751889		152.4378	35.1469	3.2151e8	m						CF4
PGC 3753801		154.6341	19.9999	3.2151e8	m						CF4
PGC 3754437		155.3141	16.3139	3.2151e8	m						CF4
PGC 3760948		162.1911	22.6297	3.2151e8	m						CF4
PGC 3767022		167.7066	10.1525	3.2151e8	m						CF4
PGC 3768925		169.6629	28.4766	3.2151e8	m						CF4
PGC 3782976		181.9926	36.1273	3.2151e8	m						CF4
PGC 3783785		182.661	25.1871	3.2151e8	m						CF4
PGC 3785084		183.7557	23.3061	3.2151e8	m						CF4
PGC 3791387		188.446	21.425	3.2151e8	m						CF4
PGC 3798686		194.0088	30.4819	3.2151e8	m						CF4
PGC 3804034		198.0517	7.3096	3.2151e8	m						CF4
PGC 3804571		198.5389	39.0055	3.2151e8	m						CF4
PGC 3816542		209.2966	28.7613	3.2151e8	m						CF4
PGC 3821871		213.1517	5.61	3.2151e8	m						CF4
PGC 3827563		217.4709	25.256	3.2151e8	m						CF4
PGC 3832687		221.0211	34.0048	3.2151e8	m						CF4
PGC 3835893		223.3563	10.5154	3.2151e8	m						CF4
PGC 3843370		229.1889	14.3031	3.2151e8	m						CF4
PGC 3843389		229.2028	15.6873	3.2151e8	m						CF4
PGC 3845471		230.656	23.191	3.2151e8	m						CF4
PGC 3848059		232.6539	23.7977	3.2151e8	m						CF4
PGC 3854200		237.3391	10.9366	3.2151e8	m						CF4
PGC 3858882		241.2025	28.2692	3.2151e8	m						CF4
PGC 3861204		242.9183	16.8947	3.2151e8	m						CF4
PGC 3864741		245.7571	23.9476	3.2151e8	m						CF4
PGC 3867401		247.968	25.4408	3.2151e8	m						CF4
PGC 3870943		250.5657	14.5861	3.2151e8	m						CF4
PGC 3873811		253.1028	28.6496	3.2151e8	m						CF4
PGC 24691		131.8622	19.5367	3.23e8	m						CF4
PGC 36337		175.602	54.7742	3.23e8	m						CF4
PGC 36841		177.0616	31.2167	3.23e8	m						CF4
PGC 48588		205.7455	26.264	3.23e8	m						CF4
PGC 53107		223.0713	16.6669	3.23e8	m						CF4
PGC 56324		238.5087	37.1715	3.23e8	m						CF4
PGC 87453		165.3678	16.7683	3.23e8	m						CF4
PGC 97386		145.8492	5.7739	3.23e8	m						CF4
PGC 115066		172.9644	-2.528	3.23e8	m						CF4
PGC 146509		71.7195	-39.2508	3.23e8	m						CF4
PGC 516070		304.4385	-46.3504	3.23e8	m						CF4
PGC 1104114		200.8281	-2.0072	3.23e8	m						CF4
PGC 1122877		199.7771	-1.2642	3.23e8	m						CF4
PGC 1139650		180.5439	-0.5889	3.23e8	m						CF4
PGC 1142221		202.6914	-0.4828	3.23e8	m						CF4
PGC 1146186		227.7324	-0.3236	3.23e8	m						CF4
PGC 1146605		188.7288	-0.3066	3.23e8	m						CF4
PGC 1162577		199.1689	0.3107	3.23e8	m						CF4
PGC 1163215		216.3931	0.3325	3.23e8	m						CF4
PGC 1175987		227.4077	0.807	3.23e8	m						CF4
PGC 1177454		150.6405	0.8594	3.23e8	m						CF4
PGC 1183264		149.7174	1.0593	3.23e8	m						CF4
PGC 1184276		179.5125	1.0906	3.23e8	m						CF4
PGC 1189127		195.2443	1.251	3.23e8	m						CF4
PGC 1199501		184.3086	1.5888	3.23e8	m						CF4
PGC 1200319		133.6663	1.6137	3.23e8	m						CF4
PGC 1206901		214.3401	1.8212	3.23e8	m						CF4
PGC 1239963		162.2591	2.8829	3.23e8	m						CF4
PGC 1277949		184.6199	5.0878	3.23e8	m						CF4
PGC 1279101		176.7918	5.1658	3.23e8	m						CF4
PGC 1307005		186.4977	6.763	3.23e8	m						CF4
PGC 1329543		176.1241	7.7379	3.23e8	m						CF4
PGC 1333444		210.1944	7.8824	3.23e8	m						CF4
PGC 1335523		169.0988	7.9635	3.23e8	m						CF4
PGC 1384048		225.8339	10.7594	3.23e8	m						CF4
PGC 1408265		247.79	12.3674	3.23e8	m						CF4
PGC 1414027		159.531	12.675	3.23e8	m						CF4
PGC 1416763		211.8126	12.8157	3.23e8	m						CF4
PGC 1419745		178.3409	12.9611	3.23e8	m						CF4
PGC 1461296		219.5755	14.5624	3.23e8	m						CF4
PGC 1502809		220.7391	16.1859	3.23e8	m						CF4
PGC 1517767		244.5672	16.82	3.23e8	m						CF4
PGC 1518889		210.9736	16.8632	3.23e8	m						CF4
PGC 1528829		211.2003	17.2737	3.23e8	m						CF4
PGC 1559987		215.3886	18.4517	3.23e8	m						CF4
PGC 1570832		175.455	18.8024	3.23e8	m						CF4
PGC 1573722		211.7052	18.8935	3.23e8	m						CF4
PGC 1586637		114.5309	19.2783	3.23e8	m						CF4
PGC 1587591		135.108	19.3023	3.23e8	m						CF4
PGC 1599775		166.7517	19.6333	3.23e8	m						CF4
PGC 1624875		217.2096	20.3569	3.23e8	m						CF4
PGC 1630191		209.4398	20.5422	3.23e8	m						CF4
PGC 1631483		240.3531	20.5948	3.23e8	m						CF4
PGC 1641646		142.0128	21.0508	3.23e8	m						CF4
PGC 1646054		181.2798	21.2504	3.23e8	m						CF4
PGC 1648639		248.1517	21.3713	3.23e8	m						CF4
PGC 1681278		207.6895	23.0904	3.23e8	m						CF4
PGC 1716763		243.4108	24.8003	3.23e8	m						CF4
PGC 1720787		210.57	24.943	3.23e8	m						CF4
PGC 1723077		210.9291	25.0207	3.23e8	m						CF4
PGC 1733272		215.1371	25.3441	3.23e8	m						CF4
PGC 1734979		233.5881	25.3954	3.23e8	m						CF4
PGC 1766723		149.5798	26.1955	3.23e8	m						CF4
PGC 1768084		248.2529	26.2281	3.23e8	m						CF4
PGC 1777920		198.3315	26.4818	3.23e8	m						CF4
PGC 1778128		178.8711	26.4879	3.23e8	m						CF4
PGC 1779294		206.4412	26.5191	3.23e8	m						CF4
PGC 1803925		176.0214	27.3043	3.23e8	m						CF4
PGC 1808175		120.4887	27.4393	3.23e8	m						CF4
PGC 1828489		212.8481	28.1782	3.23e8	m						CF4
PGC 1852666		232.4932	29.0024	3.23e8	m						CF4
PGC 1866007		252.6483	29.4287	3.23e8	m						CF4
PGC 1870588		245.1476	29.5711	3.23e8	m						CF4
PGC 1884635		186.2365	29.9584	3.23e8	m						CF4
PGC 1889824		214.7987	30.0888	3.23e8	m						CF4
PGC 1899331		149.8161	30.3266	3.23e8	m						CF4
PGC 1927443		186.5304	31.0068	3.23e8	m						CF4
PGC 1947114		121.0359	31.437	3.23e8	m						CF4
PGC 1951252		156.8572	31.5215	3.23e8	m						CF4
PGC 1973480		159.4602	31.9684	3.23e8	m						CF4
PGC 2000682		194.8293	32.519	3.23e8	m						CF4
PGC 2005887		147.9776	32.6362	3.23e8	m						CF4
PGC 2023009		208.2585	33.0912	3.23e8	m						CF4
PGC 2038488		119.0002	33.7709	3.23e8	m						CF4
PGC 2041451		185.5434	33.9465	3.23e8	m						CF4
PGC 2056075		134.4534	34.8839	3.23e8	m						CF4
PGC 2082966		249.9465	36.5711	3.23e8	m						CF4
PGC 2101751		258.7764	37.4807	3.23e8	m						CF4
PGC 2103135		251.718	37.5351	3.23e8	m						CF4
PGC 2107878		210.5422	37.7232	3.23e8	m						CF4
PGC 2111989		185.1868	37.8813	3.23e8	m						CF4
PGC 2118851		195.9651	38.1379	3.23e8	m						CF4
PGC 2135734		238.1031	38.7557	3.23e8	m						CF4
PGC 2147610		257.993	39.3185	3.23e8	m						CF4
PGC 2148027		119.3477	39.3409	3.23e8	m						CF4
PGC 2152323		113.2906	39.5827	3.23e8	m						CF4
PGC 2153646		147.072	39.6607	3.23e8	m						CF4
PGC 2159978		215.8297	40.0618	3.23e8	m						CF4
PGC 2167108		201.9339	40.5256	3.23e8	m						CF4
PGC 2172110		198.1279	40.8663	3.23e8	m						CF4
PGC 2209699		253.301	42.9524	3.23e8	m						CF4
PGC 2215592		133.9675	43.2166	3.23e8	m						CF4
PGC 2232824		177.4629	43.9423	3.23e8	m						CF4
PGC 2250250		153.871	44.7093	3.23e8	m						CF4
PGC 2297007		215.9211	47.3718	3.23e8	m						CF4
PGC 2299739		234.0483	47.5237	3.23e8	m						CF4
PGC 2321094		115.1355	48.5949	3.23e8	m						CF4
PGC 2327669		115.656	48.8705	3.23e8	m						CF4
PGC 2371178		223.0731	50.3747	3.23e8	m						CF4
PGC 2388002		124.3272	51.0798	3.23e8	m						CF4
PGC 2388529		232.794	51.1094	3.23e8	m						CF4
PGC 2467045		195.7047	54.352	3.23e8	m						CF4
PGC 2508717		177.9488	55.6261	3.23e8	m						CF4
PGC 2542708		135.8183	56.6254	3.23e8	m						CF4
PGC 2544480		162.3933	56.685	3.23e8	m						CF4
PGC 2549451		245.7864	56.8423	3.23e8	m						CF4
PGC 2577047		234.1542	58.304	3.23e8	m						CF4
PGC 2589540		164.209	59.3606	3.23e8	m						CF4
PGC 2623479		161.0094	61.7289	3.23e8	m						CF4
PGC 2628934		198.4691	62.0187	3.23e8	m						CF4
PGC 3086649		159.8947	62.476	3.23e8	m						CF4
PGC 3088238		252.8844	38.8019	3.23e8	m						CF4
PGC 3088407		155.444	36.1998	3.23e8	m						CF4
PGC 3126282		213.1899	5.0649	3.23e8	m						CF4
PGC 3132342		126.3117	50.7154	3.23e8	m						CF4
PGC 3133116		124.9913	52.103	3.23e8	m						CF4
PGC 3134687		136.2375	54.7157	3.23e8	m						CF4
PGC 3345028		155.6428	64.7002	3.23e8	m						CF4
PGC 3355229		141.6672	3.4514	3.23e8	m						CF4
PGC 3359009		165.4122	5.4705	3.23e8	m						CF4
PGC 3360876		166.8885	63.3719	3.23e8	m						CF4
PGC 3362594		210.7497	64.1316	3.23e8	m						CF4
PGC 3380685		137.9709	49.1075	3.23e8	m						CF4
PGC 3384105		186.1723	61.6852	3.23e8	m						CF4
PGC 3385260		208.0018	60.6386	3.23e8	m						CF4
PGC 3385609		215.2028	59.215	3.23e8	m						CF4
PGC 3386578		224.377	57.1342	3.23e8	m						CF4
PGC 3388621		251.2921	36.8279	3.23e8	m						CF4
PGC 3410914		200.9124	59.3727	3.23e8	m						CF4
PGC 3440767		195.7094	51.1957	3.23e8	m						CF4
PGC 3449797		128.8021	36.0613	3.23e8	m						CF4
PGC 3459609		145.2484	40.0562	3.23e8	m						CF4
PGC 3468126		161.2758	46.2751	3.23e8	m						CF4
PGC 3471804		170.7219	10.0427	3.23e8	m						CF4
PGC 3485857		213.9962	50.3552	3.23e8	m						CF4
PGC 3486543		216.0339	44.4788	3.23e8	m						CF4
PGC 3490870		226.2724	35.9638	3.23e8	m						CF4
PGC 3520464		112.7376	39.3002	3.23e8	m						CF4
PGC 3520708		113.7501	42.2377	3.23e8	m						CF4
PGC 3521961		119.9881	50.0806	3.23e8	m						CF4
PGC 3524384		128.4549	9.0007	3.23e8	m						CF4
PGC 3524642		129.1949	8.4813	3.23e8	m						CF4
PGC 3525035		130.2665	29.2288	3.23e8	m						CF4
PGC 3537931		159.7716	39.9479	3.23e8	m						CF4
PGC 3567382		236.3013	36.8053	3.23e8	m						CF4
PGC 3568685		238.5036	28.1716	3.23e8	m						CF4
PGC 3730623		127.0252	9.3588	3.23e8	m						CF4
PGC 3731518		128.3657	58.0992	3.23e8	m						CF4
PGC 3733308		130.8727	22.7109	3.23e8	m						CF4
PGC 3735132		133.2909	59.2363	3.23e8	m						CF4
PGC 3736977		135.5512	20.4781	3.23e8	m						CF4
PGC 3746956		146.7626	23.2706	3.23e8	m						CF4
PGC 3750176		150.3834	39.2601	3.23e8	m						CF4
PGC 3765137		165.929	38.0847	3.23e8	m						CF4
PGC 3767110		167.8017	39.5973	3.23e8	m						CF4
PGC 3769331		170.0452	38.9738	3.23e8	m						CF4
PGC 3773326		173.7057	22.5227	3.23e8	m						CF4
PGC 3788819		186.4932	17.7604	3.23e8	m						CF4
PGC 3789999		187.3581	28.2349	3.23e8	m						CF4
PGC 3790269		187.5705	18.4982	3.23e8	m						CF4
PGC 3791544		188.5762	34.6312	3.23e8	m						CF4
PGC 3794226		190.4639	36.263	3.23e8	m						CF4
PGC 3795449		191.3419	13.4694	3.23e8	m						CF4
PGC 3797006		192.5915	18.3763	3.23e8	m						CF4
PGC 3806980		200.6826	22.3246	3.23e8	m						CF4
PGC 3808304		201.9187	15.8054	3.23e8	m						CF4
PGC 3817664		210.1638	21.823	3.23e8	m						CF4
PGC 3825094		215.6724	27.8575	3.23e8	m						CF4
PGC 3830601		219.6255	8.9526	3.23e8	m						CF4
PGC 3832858		221.1475	22.5931	3.23e8	m						CF4
PGC 3837846		224.7502	22.1025	3.23e8	m						CF4
PGC 3840725		227.283	9.6368	3.23e8	m						CF4
PGC 3845616		230.7567	6.7577	3.23e8	m						CF4
PGC 3848324		232.8888	9.3736	3.23e8	m						CF4
PGC 3855235		238.089	23.7504	3.23e8	m						CF4
PGC 3865666		246.5329	13.6204	3.23e8	m						CF4
PGC 3881578		259.6971	33.437	3.23e8	m						CF4
PGC 4077276		248.5907	-65.3583	3.23e8	m						CF4
PGC 862649		220.7606	-18.8773	3.2404e8	m						CF4
PGC 1556198		151.4342	18.3177	3.2404e8	m						CF4
PGC 9003232		164.3805	57.2977	3.2404e8	m						CF4
PGC 44540		194.7709	-3.1457	3.2449e8	m						CF4
PGC 53227		223.4076	16.4062	3.2449e8	m						CF4
PGC 55472		233.5518	28.0576	3.2449e8	m						CF4
PGC 94673		207.66	26.9284	3.2449e8	m						CF4
PGC 184117		206.5407	1.0737	3.2449e8	m						CF4
PGC 423509		23.4613	-54.0394	3.2449e8	m						CF4
PGC 685165		198.4155	-32.8437	3.2449e8	m						CF4
PGC 946691		21.4078	-12.8497	3.2449e8	m						CF4
PGC 1077939		196.1336	-3.0191	3.2449e8	m						CF4
PGC 1081326		195.7856	-2.8555	3.2449e8	m						CF4
PGC 1104977		213.9836	-1.9767	3.2449e8	m						CF4
PGC 1109381		188.5136	-1.813	3.2449e8	m						CF4
PGC 1113831		177.4766	-1.6435	3.2449e8	m						CF4
PGC 1146207		192.2497	-0.3223	3.2449e8	m						CF4
PGC 1153305		167.5419	-0.0439	3.2449e8	m						CF4
PGC 1156060		189.2142	0.0595	3.2449e8	m						CF4
PGC 1159879		201.568	0.2102	3.2449e8	m						CF4
PGC 1168706		190.9877	0.5415	3.2449e8	m						CF4
PGC 1211307		200.1786	1.9533	3.2449e8	m						CF4
PGC 1214088		131.3001	2.0412	3.2449e8	m						CF4
PGC 1226864		203.724	2.4346	3.2449e8	m						CF4
PGC 1252812		137.7009	3.4672	3.2449e8	m						CF4
PGC 1264916		141.1727	4.1991	3.2449e8	m						CF4
PGC 1265174		164.6135	4.2181	3.2449e8	m						CF4
PGC 1281582		182.6664	5.3238	3.2449e8	m						CF4
PGC 1293454		227.5966	6.0372	3.2449e8	m						CF4
PGC 1297905		239.4523	6.288	3.2449e8	m						CF4
PGC 1352557		194.5075	8.7258	3.2449e8	m						CF4
PGC 1394025		226.7898	11.465	3.2449e8	m						CF4
PGC 1421581		175.4617	13.0437	3.2449e8	m						CF4
PGC 1495136		228.8577	15.865	3.2449e8	m						CF4
PGC 1496227		148.5086	15.9122	3.2449e8	m						CF4
PGC 1513811		122.8932	16.6534	3.2449e8	m						CF4
PGC 1526374		117.6896	17.1722	3.2449e8	m						CF4
PGC 1530757		218.2116	17.3539	3.2449e8	m						CF4
PGC 1539786		222.4821	17.7167	3.2449e8	m						CF4
PGC 1540173		209.4612	17.7316	3.2449e8	m						CF4
PGC 1556651		212.8153	18.3327	3.2449e8	m						CF4
PGC 1636556		215.1422	20.8172	3.2449e8	m						CF4
PGC 1655528		173.5588	21.709	3.2449e8	m						CF4
PGC 1664666		175.318	22.1594	3.2449e8	m						CF4
PGC 1688032		174.7013	23.476	3.2449e8	m						CF4
PGC 1701497		222.627	24.1801	3.2449e8	m						CF4
PGC 1719525		192.4633	24.8986	3.2449e8	m						CF4
PGC 1733027		191.6113	25.3371	3.2449e8	m						CF4
PGC 1774212		229.8198	26.3853	3.2449e8	m						CF4
PGC 1784519		149.6115	26.6683	3.2449e8	m						CF4
PGC 1805669		127.3894	27.3586	3.2449e8	m						CF4
PGC 1819664		210.5911	27.8506	3.2449e8	m						CF4
PGC 1842959		232.1106	28.6859	3.2449e8	m						CF4
PGC 1845754		231.9145	28.7812	3.2449e8	m						CF4
PGC 1868476		183.2655	29.5062	3.2449e8	m						CF4
PGC 1870326		231.6057	29.5634	3.2449e8	m						CF4
PGC 1874186		181.5546	29.6773	3.2449e8	m						CF4
PGC 1876132		175.8256	29.7317	3.2449e8	m						CF4
PGC 1913562		233.7456	30.6828	3.2449e8	m						CF4
PGC 2024128		177.7148	33.1285	3.2449e8	m						CF4
PGC 2040038		222.4537	33.8575	3.2449e8	m						CF4
PGC 2065746		163.9613	35.516	3.2449e8	m						CF4
PGC 2067857		236.7631	35.6501	3.2449e8	m						CF4
PGC 2102893		202.499	37.527	3.2449e8	m						CF4
PGC 2145556		121.453	39.2133	3.2449e8	m						CF4
PGC 2146916		242.9079	39.2823	3.2449e8	m						CF4
PGC 2151222		134.8613	39.5211	3.2449e8	m						CF4
PGC 2156078		168.4895	39.8135	3.2449e8	m						CF4
PGC 2162588		148.3186	40.2241	3.2449e8	m						CF4
PGC 2171700		140.2683	40.839	3.2449e8	m						CF4
PGC 2183319		167.3577	41.5787	3.2449e8	m						CF4
PGC 2195452		190.694	42.2643	3.2449e8	m						CF4
PGC 2212233		240.4552	43.0664	3.2449e8	m						CF4
PGC 2231653		113.5932	43.8913	3.2449e8	m						CF4
PGC 2257464		221.9059	45.0315	3.2449e8	m						CF4
PGC 2266484		112.4721	45.5337	3.2449e8	m						CF4
PGC 2268378		206.6393	45.6506	3.2449e8	m						CF4
PGC 2274982		221.0549	46.0785	3.2449e8	m						CF4
PGC 2277424		143.0867	46.218	3.2449e8	m						CF4
PGC 2292213		231.9955	47.092	3.2449e8	m						CF4
PGC 2325596		150.9648	48.7851	3.2449e8	m						CF4
PGC 2467006		178.8096	54.3507	3.2449e8	m						CF4
PGC 2496264		191.2615	55.2687	3.2449e8	m						CF4
PGC 2509643		205.7834	55.6512	3.2449e8	m						CF4
PGC 2564911		222.4691	57.4125	3.2449e8	m						CF4
PGC 2585739		227.618	59.0389	3.2449e8	m						CF4
PGC 2588842		199.6658	59.2995	3.2449e8	m						CF4
PGC 2614926		227.2976	61.2679	3.2449e8	m						CF4
PGC 2685394		200.1513	66.2729	3.2449e8	m						CF4
PGC 3086787		140.0006	59.436	3.2449e8	m						CF4
PGC 3087031		187.1476	55.6735	3.2449e8	m						CF4
PGC 3089239		231.24	28.5331	3.2449e8	m						CF4
PGC 3090225		193.5912	17.7749	3.2449e8	m						CF4
PGC 3097600		217.6603	11.2659	3.2449e8	m						CF4
PGC 3108026		148.385	-0.9415	3.2449e8	m						CF4
PGC 3111397		232.9218	-0.2965	3.2449e8	m						CF4
PGC 3115729		155.673	0.5754	3.2449e8	m						CF4
PGC 3115981		238.407	0.6343	3.2449e8	m						CF4
PGC 3117621		223.7091	0.9904	3.2449e8	m						CF4
PGC 3132935		128.31	51.7974	3.2449e8	m						CF4
PGC 3133238		135.4332	52.2793	3.2449e8	m						CF4
PGC 3133681		129.0231	52.8951	3.2449e8	m						CF4
PGC 3139943		169.485	65.5382	3.2449e8	m						CF4
PGC 3139970		170.09	65.5929	3.2449e8	m						CF4
PGC 3346577		156.6703	2.3069	3.2449e8	m						CF4
PGC 3353989		161.4038	59.6655	3.2449e8	m						CF4
PGC 3358885		164.6997	4.1791	3.2449e8	m						CF4
PGC 3361895		191.2979	63.6898	3.2449e8	m						CF4
PGC 3394309		185.1577	3.8488	3.2449e8	m						CF4
PGC 3394834		188.2077	4.8249	3.2449e8	m						CF4
PGC 3403137		121.5941	35.2224	3.2449e8	m						CF4
PGC 3403239		122.9214	36.1157	3.2449e8	m						CF4
PGC 3404596		167.0099	55.5471	3.2449e8	m						CF4
PGC 3443974		118.0162	30.9493	3.2449e8	m						CF4
PGC 3451504		131.897	43.7053	3.2449e8	m						CF4
PGC 3464241		154.0829	6.5046	3.2449e8	m						CF4
PGC 3464811		155.0939	5.4544	3.2449e8	m						CF4
PGC 3466989		158.5264	7.2084	3.2449e8	m						CF4
PGC 3477871		186.456	50.5851	3.2449e8	m						CF4
PGC 3478782		188.584	9.6314	3.2449e8	m						CF4
PGC 3479213		189.6468	8.9108	3.2449e8	m						CF4
PGC 3481061		197.5086	54.0014	3.2449e8	m						CF4
PGC 3487021		217.1934	46.0088	3.2449e8	m						CF4
PGC 3523405		125.6198	8.231	3.2449e8	m						CF4
PGC 3531642		145.9563	11.1026	3.2449e8	m						CF4
PGC 3540042		164.812	45.8868	3.2449e8	m						CF4
PGC 3543699		172.533	11.0164	3.2449e8	m						CF4
PGC 3549328		184.2357	48.4158	3.2449e8	m						CF4
PGC 3551373		190.7559	43.7181	3.2449e8	m						CF4
PGC 3557405		208.5579	44.3127	3.2449e8	m						CF4
PGC 3558987		212.165	55.578	3.2449e8	m						CF4
PGC 3566477		234.7817	36.04	3.2449e8	m						CF4
PGC 3569823		242.0599	34.1128	3.2449e8	m						CF4
PGC 3726671		121.4306	25.4531	3.2449e8	m						CF4
PGC 3727788		123.2058	56.4194	3.2449e8	m						CF4
PGC 3731625		128.5374	18.5648	3.2449e8	m						CF4
PGC 3750312		150.547	32.5691	3.2449e8	m						CF4
PGC 3767083		167.7771	24.6953	3.2449e8	m						CF4
PGC 3767596		168.3192	39.337	3.2449e8	m						CF4
PGC 3769140		169.8512	13.8703	3.2449e8	m						CF4
PGC 3773476		173.8408	32.6173	3.2449e8	m						CF4
PGC 3776167		176.1685	20.4218	3.2449e8	m						CF4
PGC 3793101		189.6839	6.2512	3.2449e8	m						CF4
PGC 3793238		189.7917	24.5796	3.2449e8	m						CF4
PGC 3816270		209.0763	21.1613	3.2449e8	m						CF4
PGC 3817312		209.8688	21.6088	3.2449e8	m						CF4
PGC 3819025		211.1762	6.1887	3.2449e8	m						CF4
PGC 3823440		214.3082	8.3023	3.2449e8	m						CF4
PGC 3830251		219.3771	10.0129	3.2449e8	m						CF4
PGC 3834436		222.3436	17.42	3.2449e8	m						CF4
PGC 3847944		232.5711	13.3132	3.2449e8	m						CF4
PGC 3849319		233.6968	23.4867	3.2449e8	m						CF4
PGC 3852939		236.4642	27.7353	3.2449e8	m						CF4
PGC 3863509		244.734	10.9437	3.2449e8	m						CF4
PGC 3876698		255.7846	30.4975	3.2449e8	m						CF4
PGC 3882339		260.3333	30.6818	3.2449e8	m						CF4
PGC 4077254		247.3569	-64.5949	3.2449e8	m						CF4
PGC 4100034		175.8929	40.4264	3.2449e8	m						CF4
PGC 4121662		244.2255	34.7041	3.2449e8	m						CF4
PGC 805316		195.8277	-23.0659	3.2554e8	m						CF4
PGC 1186356		44.9736	1.16	3.2554e8	m						CF4
PGC 6849		27.8379	33.0591	3.2584e8	m						CF4
PGC 98580		202.2261	-31.2153	3.2584e8	m						CF4
PGC 1146985		19.7682	-0.2925	3.2584e8	m						CF4
PGC 1846759		226.2902	28.8131	3.2584e8	m						CF4
PGC 30717		156.9562	10.4418	3.2599e8	m						CF4
PGC 45468		196.8918	16.3563	3.2599e8	m						CF4
PGC 47858		203.6931	59.3962	3.2599e8	m						CF4
PGC 75489		90.3609	-39.9891	3.2599e8	m						CF4
PGC 93759		209.5158	28.0769	3.2599e8	m						CF4
PGC 94728		208.2249	5.1352	3.2599e8	m						CF4
PGC 95637		202.6926	-1.8742	3.2599e8	m						CF4
PGC 99761		208.8258	34.1708	3.2599e8	m						CF4
PGC 116117		183.9033	-3.6453	3.2599e8	m						CF4
PGC 118399		205.4916	-12.1008	3.2599e8	m						CF4
PGC 169426		187.5471	11.8049	3.2599e8	m						CF4
PGC 427654		18.7668	-53.6498	3.2599e8	m						CF4
PGC 542671		198.3989	-43.9419	3.2599e8	m						CF4
PGC 1041982		33.1579	-5.6566	3.2599e8	m						CF4
PGC 1076107		196.1196	-3.1225	3.2599e8	m						CF4
PGC 1114534		197.3234	-1.615	3.2599e8	m						CF4
PGC 1120498		200.4064	-1.3613	3.2599e8	m						CF4
PGC 1133944		191.0253	-0.8184	3.2599e8	m						CF4
PGC 1138285		211.5668	-0.6411	3.2599e8	m						CF4
PGC 1148157		180.6927	-0.2472	3.2599e8	m						CF4
PGC 1154188		132.1959	-0.0115	3.2599e8	m						CF4
PGC 1156322		202.0273	0.0693	3.2599e8	m						CF4
PGC 1159019		190.5896	0.1771	3.2599e8	m						CF4
PGC 1179125		180.825	0.9199	3.2599e8	m						CF4
PGC 1179268		199.2516	0.9255	3.2599e8	m						CF4
PGC 1186383		243.8963	1.1611	3.2599e8	m						CF4
PGC 1196006		171.8328	1.473	3.2599e8	m						CF4
PGC 1208964		191.3055	1.8817	3.2599e8	m						CF4
PGC 1265979		125.3391	4.2767	3.2599e8	m						CF4
PGC 1270938		227.2277	4.6293	3.2599e8	m						CF4
PGC 1292374		123.5091	5.9757	3.2599e8	m						CF4
PGC 1298062		208.7516	6.2968	3.2599e8	m						CF4
PGC 1299259		135.7806	6.3626	3.2599e8	m						CF4
PGC 1303103		177.5456	6.5612	3.2599e8	m						CF4
PGC 1304698		177.7135	6.6406	3.2599e8	m						CF4
PGC 1307285		192.0051	6.7783	3.2599e8	m						CF4
PGC 1314667		230.3865	7.1372	3.2599e8	m						CF4
PGC 1326105		227.7399	7.6051	3.2599e8	m						CF4
PGC 1339047		201.3636	8.1043	3.2599e8	m						CF4
PGC 1369022		189.1898	9.7167	3.2599e8	m						CF4
PGC 1369537		130.4519	9.7513	3.2599e8	m						CF4
PGC 1373492		222.6681	10.024	3.2599e8	m						CF4
PGC 1377324		174.8238	10.2874	3.2599e8	m						CF4
PGC 1383314		199.3561	10.7042	3.2599e8	m						CF4
PGC 1391947		155.2641	11.3255	3.2599e8	m						CF4
PGC 1428834		192.2914	13.3522	3.2599e8	m						CF4
PGC 1437151		198.9246	13.6671	3.2599e8	m						CF4
PGC 1441671		154.6509	13.8281	3.2599e8	m						CF4
PGC 1451940		240.8576	14.2034	3.2599e8	m						CF4
PGC 1452849		126.5147	14.2339	3.2599e8	m						CF4
PGC 1462735		170.6536	14.6213	3.2599e8	m						CF4
PGC 1480290		198.9523	15.2791	3.2599e8	m						CF4
PGC 1487075		183.5532	15.5305	3.2599e8	m						CF4
PGC 1493138		172.9134	15.7784	3.2599e8	m						CF4
PGC 1496830		210.8544	15.937	3.2599e8	m						CF4
PGC 1509481		225.5537	16.4677	3.2599e8	m						CF4
PGC 1516952		175.0044	16.7854	3.2599e8	m						CF4
PGC 1518502		219.1046	16.8479	3.2599e8	m						CF4
PGC 1522812		124.1798	17.0276	3.2599e8	m						CF4
PGC 1537609		170.0421	17.6356	3.2599e8	m						CF4
PGC 1540486		209.4236	17.7436	3.2599e8	m						CF4
PGC 1558832		222.1377	18.411	3.2599e8	m						CF4
PGC 1567022		235.0599	18.6841	3.2599e8	m						CF4
PGC 1596134		214.8243	19.5389	3.2599e8	m						CF4
PGC 1611819		125.122	19.9694	3.2599e8	m						CF4
PGC 1619725		203.1093	20.2004	3.2599e8	m						CF4
PGC 1636082		145.8138	20.7958	3.2599e8	m						CF4
PGC 1663963		226.6972	22.1224	3.2599e8	m						CF4
PGC 1681918		254.9447	23.1264	3.2599e8	m						CF4
PGC 1690255		249.8539	23.6028	3.2599e8	m						CF4
PGC 1705045		129.7986	24.3374	3.2599e8	m						CF4
PGC 1767496		134.8373	26.2147	3.2599e8	m						CF4
PGC 1769476		205.926	26.2631	3.2599e8	m						CF4
PGC 1774342		205.4979	26.3885	3.2599e8	m						CF4
PGC 1776412		242.4592	26.4422	3.2599e8	m						CF4
PGC 1789281		238.5245	26.818	3.2599e8	m						CF4
PGC 1802851		239.4654	27.2683	3.2599e8	m						CF4
PGC 1835176		149.2414	28.4182	3.2599e8	m						CF4
PGC 1840021		155.8803	28.5829	3.2599e8	m						CF4
PGC 1858553		133.4253	29.1917	3.2599e8	m						CF4
PGC 1865726		211.5647	29.4197	3.2599e8	m						CF4
PGC 1871823		230.4996	29.6082	3.2599e8	m						CF4
PGC 1913946		233.8611	30.6921	3.2599e8	m						CF4
PGC 1941292		242.9871	31.3116	3.2599e8	m						CF4
PGC 1948595		254.4657	31.4682	3.2599e8	m						CF4
PGC 1963453		157.2439	31.7685	3.2599e8	m						CF4
PGC 1973792		172.4033	31.9747	3.2599e8	m						CF4
PGC 1988516		232.1078	32.2603	3.2599e8	m						CF4
PGC 2029677		230.0587	33.3327	3.2599e8	m						CF4
PGC 2059818		241.911	35.1272	3.2599e8	m						CF4
PGC 2060433		219.5349	35.1668	3.2599e8	m						CF4
PGC 2144450		233.7147	39.1567	3.2599e8	m						CF4
PGC 2158173		239.0772	39.9449	3.2599e8	m						CF4
PGC 2228525		167.6388	43.7615	3.2599e8	m						CF4
PGC 2234896		177.7067	44.0317	3.2599e8	m						CF4
PGC 2246108		218.853	44.5214	3.2599e8	m						CF4
PGC 2247573		235.1817	44.5869	3.2599e8	m						CF4
PGC 2251568		206.6014	44.7676	3.2599e8	m						CF4
PGC 2253991		178.9109	44.875	3.2599e8	m						CF4
PGC 2261709		168.8759	45.2501	3.2599e8	m						CF4
PGC 2296908		147.5988	47.3652	3.2599e8	m						CF4
PGC 2317843		186.3144	48.455	3.2599e8	m						CF4
PGC 2352432		149.2292	49.7565	3.2599e8	m						CF4
PGC 2355117		182.2365	49.8425	3.2599e8	m						CF4
PGC 2356571		186.6663	49.8913	3.2599e8	m						CF4
PGC 2396716		154.278	51.5982	3.2599e8	m						CF4
PGC 2409699		177.4274	52.2246	3.2599e8	m						CF4
PGC 2489332		174.0163	55.0638	3.2599e8	m						CF4
PGC 2497543		222.4275	55.3078	3.2599e8	m						CF4
PGC 2528203		143.7026	56.1786	3.2599e8	m						CF4
PGC 2576943		160.2543	58.295	3.2599e8	m						CF4
PGC 2590327		176.2899	59.4265	3.2599e8	m						CF4
PGC 3097748		230.7426	6.743	3.2599e8	m						CF4
PGC 3107995		199.8313	-0.9475	3.2599e8	m						CF4
PGC 3110612		199.6925	-0.4434	3.2599e8	m						CF4
PGC 3124361		196.5	3.5111	3.2599e8	m						CF4
PGC 3124905		211.5019	3.7466	3.2599e8	m						CF4
PGC 3125802		225.5568	4.448	3.2599e8	m						CF4
PGC 3348193		183.2909	2.4697	3.2599e8	m						CF4
PGC 3355813		145.8144	2.9496	3.2599e8	m						CF4
PGC 3356104		147.6843	3.6457	3.2599e8	m						CF4
PGC 3357176		156.1368	3.0304	3.2599e8	m						CF4
PGC 3362758		212.3137	62.8541	3.2599e8	m						CF4
PGC 3382423		156.9804	62.0626	3.2599e8	m						CF4
PGC 3388653		250.5085	37.5179	3.2599e8	m						CF4
PGC 3389979		127.1173	36.8217	3.2599e8	m						CF4
PGC 3394824		188.6985	4.8411	3.2599e8	m						CF4
PGC 3398467		123.9192	31.5868	3.2599e8	m						CF4
PGC 3403616		151.7417	52.4105	3.2599e8	m						CF4
PGC 3409507		171.1667	59.9249	3.2599e8	m						CF4
PGC 3409611		177.5717	58.8158	3.2599e8	m						CF4
PGC 3410536		193.3712	61.2315	3.2599e8	m						CF4
PGC 3411929		255.6344	33.4299	3.2599e8	m						CF4
PGC 3412379		254.7172	33.6792	3.2599e8	m						CF4
PGC 3412487		256.0147	33.8723	3.2599e8	m						CF4
PGC 3445456		120.3645	34.6787	3.2599e8	m						CF4
PGC 3460293		146.28	6.076	3.2599e8	m						CF4
PGC 3468042		161.0313	7.7063	3.2599e8	m						CF4
PGC 3472768		172.8192	56.4555	3.2599e8	m						CF4
PGC 3473893		175.0692	10.3175	3.2599e8	m						CF4
PGC 3475164		177.324	54.4017	3.2599e8	m						CF4
PGC 3488218		220.0236	50.0505	3.2599e8	m						CF4
PGC 3492656		232.3476	46.604	3.2599e8	m						CF4
PGC 3500950		249.5667	34.0315	3.2599e8	m						CF4
PGC 3530931		144.0423	10.9109	3.2599e8	m						CF4
PGC 3544754		174.5993	11.2365	3.2599e8	m						CF4
PGC 3546136		177.5493	44.0291	3.2599e8	m						CF4
PGC 3549630		185.0892	11.7003	3.2599e8	m						CF4
PGC 3554818		199.6518	46.8202	3.2599e8	m						CF4
PGC 3567396		236.3261	36.2136	3.2599e8	m						CF4
PGC 3570020		242.9063	29.5822	3.2599e8	m						CF4
PGC 3571711		250.2548	25.01	3.2599e8	m						CF4
PGC 3728571		124.2347	5.1027	3.2599e8	m						CF4
PGC 3729572		125.504	12.0063	3.2599e8	m						CF4
PGC 3744040		143.7936	3.0533	3.2599e8	m						CF4
PGC 3762248		163.3546	17.0842	3.2599e8	m						CF4
PGC 3768391		169.1757	8.2291	3.2599e8	m						CF4
PGC 3773545		173.9004	27.7193	3.2599e8	m						CF4
PGC 3780357		179.7516	32.7015	3.2599e8	m						CF4
PGC 3794826		190.8684	36.028	3.2599e8	m						CF4
PGC 3798177		193.595	8.9313	3.2599e8	m						CF4
PGC 3798590		193.9223	19.9522	3.2599e8	m						CF4
PGC 3802628		196.7989	20.9584	3.2599e8	m						CF4
PGC 3806974		200.6749	7.8896	3.2599e8	m						CF4
PGC 3816438		209.2062	25.3038	3.2599e8	m						CF4
PGC 3825323		215.8687	24.677	3.2599e8	m						CF4
PGC 3826315		216.6117	25.0297	3.2599e8	m						CF4
PGC 3826334		216.63	14.286	3.2599e8	m						CF4
PGC 3840558		227.147	10.2163	3.2599e8	m						CF4
PGC 3841613		227.8721	17.6928	3.2599e8	m						CF4
PGC 3842152		228.2577	28.4927	3.2599e8	m						CF4
PGC 3843210		229.0692	12.0466	3.2599e8	m						CF4
PGC 3843614		229.3826	22.1641	3.2599e8	m						CF4
PGC 3853137		236.6111	14.4181	3.2599e8	m						CF4
PGC 3856391		239.0366	26.7252	3.2599e8	m						CF4
PGC 3857584		240.2103	29.2803	3.2599e8	m						CF4
PGC 3867569		248.0884	27.614	3.2599e8	m						CF4
PGC 4113271		215.6337	12.2968	3.2599e8	m						CF4
PGC 4312513		182.0367	25.2182	3.2599e8	m						CF4
PGC 4389270		207.9444	10.0998	3.2599e8	m						CF4
PGC 4438868		223.7583	11.5275	3.2599e8	m						CF4
PGC 200171		224.1801	9.3268	3.2704e8	m						CF4
PGC 29999		154.1007	5.6954	3.2749e8	m						CF4
PGC 42290		189.7356	60.7646	3.2749e8	m						CF4
PGC 84189		216.8226	16.5705	3.2749e8	m						CF4
PGC 94217		186.8439	8.8409	3.2749e8	m						CF4
PGC 94795		236.2327	36.1385	3.2749e8	m						CF4
PGC 116793		187.6512	-2.6151	3.2749e8	m						CF4
PGC 157968		190.3464	-11.1554	3.2749e8	m						CF4
PGC 159355		205.0743	-20.0934	3.2749e8	m						CF4
PGC 173366		16.1397	-0.3201	3.2749e8	m						CF4
PGC 214364		228.3417	25.2075	3.2749e8	m						CF4
PGC 566350		174.8652	-42.2483	3.2749e8	m						CF4
PGC 1074867		177.6951	-3.1927	3.2749e8	m						CF4
PGC 1081760		195.673	-2.8358	3.2749e8	m						CF4
PGC 1120040		179.506	-1.3793	3.2749e8	m						CF4
PGC 1123383		207.2589	-1.2443	3.2749e8	m						CF4
PGC 1132031		183.5205	-0.8941	3.2749e8	m						CF4
PGC 1139854		162.9135	-0.5807	3.2749e8	m						CF4
PGC 1157510		192.2085	0.1164	3.2749e8	m						CF4
PGC 1174452		202.3379	0.7497	3.2749e8	m						CF4
PGC 1187335		196.0478	1.1932	3.2749e8	m						CF4
PGC 1190854		171.1551	1.3072	3.2749e8	m						CF4
PGC 1194410		141.0864	1.4219	3.2749e8	m						CF4
PGC 1194717		174.2224	1.4321	3.2749e8	m						CF4
PGC 1224313		184.5735	2.3557	3.2749e8	m						CF4
PGC 1228044		180.5328	2.4716	3.2749e8	m						CF4
PGC 1273969		223.4596	4.8333	3.2749e8	m						CF4
PGC 1278162		179.3298	5.1037	3.2749e8	m						CF4
PGC 1281837		227.5451	5.3388	3.2749e8	m						CF4
PGC 1284021		223.7114	5.4755	3.2749e8	m						CF4
PGC 1291466		240.0381	5.9256	3.2749e8	m						CF4
PGC 1297924		196.1586	6.2893	3.2749e8	m						CF4
PGC 1298132		212.448	6.3005	3.2749e8	m						CF4
