HIP 43831		133.90723	6.15138	806.17	m	9.151	-0.381	M3S	1.893
HD 83002	HIP 46908	143.40181	-53.34426	806.25	m	9.063	-0.469	AP SI	-0.08
HIP 98352		299.73597	-13.29917	806.36	m	9.675	0.142	K5	1.713
HD 210135	HIP 109297	332.13196	-16.61184	806.47	m	9.226	-0.307	K2/3 (III)	1.67
HD 132654	HIP 73702	225.95385	-66.81437	806.6	m	10.15	0.613	B9 III	0.032
HIP 46426		142.00188	61.6614	806.75	m	10.3	0.77	K2	1.527
HD 212243	HIP 110509	335.80361	-22.05661	806.83	m	10.55	1.013	Md	1.191
HIP 62879		193.30477	8.76367	806.9	m	9.172	-0.362	K2	1.556
HIP 79147		242.31518	19.95853	807.15	m	9.794	0.259	M0	1.935
HD 127087	HIP 71013	217.85005	-57.49606	807.35	m	9.752	0.217	B8 III/IV	0.34
Gl 864	HD 214100|HIP 111571	339.04035	-0.84167	807.37	m	10.19	0.651	K5	1.418
HD 135497	HIP 74883	229.55703	-60.36447	807.55	m	9.272	-0.264	B7/8 IV	0.032
HD 311757	HIP 40705	124.63878	-74.73782	807.75	m	9.444	-0.092	G5	0.936
HIP 53991		165.68754	64.18589	807.8	m	9.436	-0.101	K0	1.466
HD 101055	HIP 56678	174.32091	-65.05127	807.83	m	9.598	0.061	B9 V	0.243
HIP 73782		226.21552	-54.3369	807.93	m	10.79	1.255		0.528
HD 115625	HIP 65022	199.93362	-63.03628	808.05	m	9.071	-0.466	B9 IV	0.156
HD 182556	HIP 95499	291.37099	-6.92828	808.08	m	9.34	-0.197	K5/M0	2.217
HD 233877	HIP 57935	178.22579	49.39591	808.1	m	9.659	0.122	K2III	1.661
HIP 56113		172.54031	17.06002	808.24	m	9.443	-0.095	M2	1.899
HIP 56366		173.31445	38.12167	808.34	m	9.729	0.191	K5	1.511
HIP 114470		347.74056	6.03092	808.58	m	10.43	0.894	K0	1.306
HD 15848	HIP 11768	37.96816	-36.92611	808.65	m	9.313	-0.226	K0/1 III	1.305
HIP 58162		178.92447	10.3547	808.72	m	9.368	-0.171	K5	1.824
HD 101076	HIP 56765	174.57655	61.63147	808.95	m	9.265	-0.275	K0	1.513
HIP 113450		344.64801	69.8395	809	m	9.972	0.432	B8	0.276
HIP 116358		353.66581	40.6781	809.04	m	9.318	-0.222	K2	1.752
HIP 112442		341.65724	70.24337	809.19	m	10.36	0.819	B5	0.145
HIP 55007		168.93826	38.80961	809.21	m	9.92	0.38	G5	1.236
HD 207965	HIP 107800	327.57689	65.88993	809.22	m	9.073	-0.467	A2	0.104
HD 125464	HIP 70206	215.46201	-61.0366	809.23	m	9.682	0.142	B8/9 V	0.085
HIP 85487		262.06029	17.50995	809.27	m	9.414	-0.126	G0	0.762
HD 128006	HIP 71299	218.72074	-14.80356	809.4	m	10.05	0.506	K1 III	1.458
HIP 26802		85.37948	81.14777	809.49	m	9.292	-0.249	M1	2.132
HIP 51799		158.75	61.76227	809.52	m	9.308	-0.233	K2	1.543
HIP 36542		112.74941	-48.26153	809.75	m	9.402	-0.14	K5	1.24
HIP 99475		302.82615	69.85452	809.93	m	10.09	0.549	F8	2.112
HIP 77733		238.06119	44.32119	810	m	9.034	-0.508	K5	1.894
HD 51011	HIP 33216	103.68855	-21.87091	810.03	m	9.219	-0.324	A2/3 IV	0.153
HD 8680	HIP 6609	21.20862	-42.76443	810.06	m	9.147	-0.396	M3	1.797
HD 52945	HIP 33888	105.5146	-26.56787	810.13	m	9.135	-0.408	B9 V (+ B3/5)	-0.071
HD 196461	HIP 101663	309.10589	34.14121	810.16	m	9.013	-0.53	B9	0.091
HD 236891	HIP 8585	27.7061	55.91046	810.23	m	9.847	0.304	B8	0.008
HIP 56099		172.49055	69.81334	810.43	m	10.31	0.762	K0	0.823
HIP 66190		203.49703	48.76877	810.51	m	10.31	0.769		-0.035
HIP 24584		79.11648	7.29391	810.7	m	12.36	2.815	M0	
HIP 70834		217.28357	58.88945	810.75	m	10.44	0.894	K0	1.164
HIP 61250		188.27956	48.38126	810.95	m	11	1.451	G8III	0.935
HD 216629	HIP 113017	343.31501	62.14584	811.14	m	9.422	-0.123	B2PE	0.633
HD 275052	HIP 15446	49.79277	41.27166	811.61	m	10.72	1.174		1.268
HD 113349	HIP 63676	195.74779	11.87999	811.69	m	9.414	-0.133	K2	1.744
HIP 94605		288.78222	-7.01365	811.86	m	10.94	1.39	A1p (Si)	0.152
HD 215026	HIP 112039	340.39366	46.4518	811.9	m	9.652	0.104	A0	0.072
HIP 108091		328.4918	10.3194	811.93	m	10.08	0.528	K5	2.034
HD 223491	HIP 117523	357.51143	-29.81032	812.07	m	9.022	-0.526	M1 III	1.913
HIP 51375		157.39251	-37.50006	812.13	m	9.457	-0.091	K5	1.705
HIP 51423		157.53215	7.89724	812.22	m	9.547	-0.001	K2	1.459
HIP 112202		340.86941	2.08869	812.34	m	9.625	0.076	K5	1.763
HD 52724	HIP 33850	105.4012	-18.13158	812.5	m	9.38	-0.169	B8 V	-0.063
HIP 85037		260.69905	26.52379	812.78	m	9.271	-0.279	M0	1.786
HD 22463	HIP 17471	56.15513	76.91716	812.92	m	9.339	-0.211	K5	1.885
HIP 87389		267.88335	-50.11528	813.01	e	9.75	0.2	G5	0.959
HD 44369	HIP 30359	95.78205	36.08107	813.16	m	9.637	0.086	F5	0.229
HIP 50239		153.87471	20.12662	813.17	m	9.906	0.355	G0	1.048
HD 98580	HIP 55358	170.03676	-38.25373	813.7	m	9.154	-0.398	K0 III	1.3
HD 249798	HIP 28260	89.56867	11.1065	813.77	m	9.692	0.139	B9	0.046
HIP 9385		30.14618	-60.19655	813.87	m	9.491	-0.062	K0	1.549
HIP 116014		352.58752	-0.17787	813.89	m	9.609	0.056	K2	1.438
HIP 9450		30.38	43.65069	814.05	m	9.382	-0.171	B8	0.024
HIP 66529		204.55193	-57.50161	814.1	m	11.04	1.487		0.613
HIP 40672		124.54951	-14.22677	814.18	m	9.474	-0.08	K5	1.516
HD 100257	HIP 56271	173.03781	-11.36324	814.21	m	9.332	-0.222	K1 (V)	1.646
HD 46868	HIP 31515	98.98786	5.30739	814.24	m	9.205	-0.349	B8	-0.089
HIP 58074		178.64861	28.19431	814.83	m	11.19	1.635	A3	0.274
HD 177848	HIP 93962	286.97754	-36.87713	815.11	m	9.163	-0.393	F5 III(M)	1.079
HIP 49331		151.04183	64.97078	815.23	m	10.19	0.635	K0	1.421
HIP 69891		214.54584	39.95329	815.28	m	9.381	-0.176	K5	1.624
HD 52673	HIP 33747	105.15382	-34.9275	815.32	m	9.129	-0.428	K2 III	1.851
HIP 9546		30.67247	3.84738	815.33	m	9.147	-0.41	K5	1.88
HD 336044	HIP 90068	275.7043	25.35136	815.35	m	10.49	0.935	K0	1.294
HD 230428	HIP 93388	285.30847	12.99508	815.64	m	9.782	0.224	B8	0.426
HIP 13749		44.25121	-30.41037	815.69	m	10.43	0.871	G0	0.675
HD 99356	HIP 55720	171.25782	-69.87624	815.8	m	9.414	-0.144	B9 IV	0.117
HIP 76227		233.56827	-39.75711	815.99	m	11.16	1.6		1.008
HIP 30386		95.84342	7.48753	816.01	m	9.841	0.283	A0	1.292
HD 58617	HIP 35990	111.25193	-33.08127	816.01	m	9.058	-0.5	K3/4 III	1.73
HD 330036	HIP 77662	237.8164	-48.74963	816.16	m	11.52	1.957		2.187
HD 123693	HIP 69145	212.32495	-1.5155	816.17	m	9.998	0.439	K2 (III)	1.487
HIP 83018		254.47095	30.31315	816.48	m	9.861	0.301	K5	1.654
HIP 20587		66.13739	4.12334	816.72	m	9.742	0.182	A7	0.659
HD 27116	HIP 19901	64.04075	-22.56208	816.73	m	9.112	-0.448	K1/2 III	1.605
HIP 10364		33.39475	68.89511	816.73	m	9.937	0.377	B5	0.653
HD 3709	HIP 3123	9.93303	-24.18471	816.76	m	9.453	-0.107	K2 III	1.535
HIP 56405		173.45435	1.75224	816.77	m	10.32	0.758	R2	1.531
HIP 62496		192.10039	-33.65806	816.91	m	10.52	0.954		0.368
HD 19742	HIP 14660	47.34859	-35.96559	817.03	m	9.722	0.161	B9 V	-0.039
HD 105207	HIP 59071	181.70887	-47.45571	817.06	m	10.36	0.801	A2 IV	0.22
HIP 90225		276.13959	-13.65356	817.1	m	10.14	0.582	B 3 N +B0	0.776
HIP 17197		55.23533	49.50616	817.15	m	9.91	0.348	B 8 V	0.101
HD 124488	HIP 69719	214.06457	-62.47939	817.16	m	9.491	-0.071	B8 III	0.147
HD 57017	HIP 35319	109.42942	-40.25332	817.21	m	9.061	-0.501	G6 III	1.311
HIP 8693		27.96033	63.45407	817.24	m	9.783	0.221	B8V	0.237
HIP 66036		203.07726	63.77317	817.26	m	10.16	0.599	G5	0.998
HD 87771	HIP 49515	151.65182	-31.1568	817.27	m	9.302	-0.26	K5 III	1.777
HIP 49702		152.19114	13.01425	817.35	m	9.924	0.362		1.115
HIP 58459		179.81814	-44.02131	817.43	m	10.8	1.236	G5	1.082
HD 57999	HIP 35441	109.75689	-65.22563	817.44	m	9.483	-0.079	K1/2 III	1.479
HD 9346	HIP 7203	23.20828	44.00147	817.53	m	9.212	-0.351	K0	1.589
HD 29892	HIP 22285	71.98791	68.63592	817.6	m	9.286	-0.277	A3	0.255
HD 21355	HIP 16283	52.47955	61.66942	817.7	m	9.465	-0.098	B8	0.096
HD 89315	HIP 50409	154.39318	-33.65112	817.74	m	9.26	-0.303	K2/3 III	1.705
HIP 36273		112.019	-27.33052	817.76	m	9.418	-0.145	B9	0.138
HD 150847	HIP 81985	251.22086	-30.3951	817.76	m	9.337	-0.226	K3/4 (III)	1.889
HD 242018	HIP 24473	78.78418	6.44119	817.81	m	10.49	0.926	B8	-0.015
HIP 85399		261.76484	33.23121	817.84	m	9.58	0.017	K2	1.564
HIP 24497		78.83821	30.34637	817.84	m	10.81	1.245		1.551
HD 13487	HIP 10174	32.71181	-39.13686	817.95	m	9.021	-0.543	K5 III	1.837
HD 186758	HIP 97566	297.45597	-60.41191	818.28	m	9.005	-0.56	K4 III	1.88
HIP 52184		159.91369	30.91231	818.38	m	9.606	0.041	G 8 III	1.472
HD 91548	HIP 51736	158.5648	-9.28018	818.45	m	9.148	-0.417	K3 III	1.767
HIP 8901		28.65736	49.09238	818.54	m	9.008	-0.557	K2	1.98
HD 45260	HIP 30621	96.52645	-9.39739	818.63	m	9.023	-0.542	B3/5 Vnne	0.06
HIP 24277		78.15066	-9.27854	818.64	m	9.484	-0.081	K0	1.631
HD 33653	HIP 24525	78.92778	60.89082	818.67	m	9.323	-0.243	A0	0.371
HD 138869	HIP 76270	233.68108	5.36803	818.67	m	9.361	-0.205	K5	1.605
HIP 117632		357.84301	23.29675	818.68	m	9.203	-0.363	M0	2.075
HD 237729	HIP 42126	128.80888	55.05297	818.77	m	9.971	0.405	A2	0.14
HIP 49960		153.00394	-33.45701	818.86	m	9.323	-0.243	K5	1.796
HD 142689	HIP 78112	239.25001	-30.9498	818.91	m	9.156	-0.41	K5/M0 III	2.086
HIP 86591		265.44563	-60.43271	818.92	m	9.057	-0.509	K0	1.681
HIP 55534		170.62138	-62.45575	818.97	m	9.383	-0.183	B9 III(P SI)	0.244
HIP 29082		92.0216	-6.36127	819.14	m	9.707	0.14	B 2.5V	0.307
HIP 110511		335.80679	47.44097	819.31	m	10.27	0.702	B8	0.016
HD 330123	HIP 78091	239.17402	-48.02513	819.61	m	10.01	0.441	G0	0.957
HD 52568	HIP 33759	105.17573	-25.26615	819.83	m	9.995	0.426	B8 V	-0.068
HD 7689	HIP 5946	19.12569	-16.62261	819.86	m	9.075	-0.494	K2 III	1.618
HD 51286	HIP 33311	103.93106	-25.19232	819.95	m	10.01	0.443	B8/9 IV	-0.036
HD 58989	HIP 36350	112.2168	22.81553	819.96	m	9.073	-0.496	A2	0.264
HD 111473	HIP 62623	192.47756	-34.30674	819.97	m	9.011	-0.558	M1/2 III	1.986
HD 5751	HIP 4620	14.83685	25.09782	820	m	9.093	-0.476	K2	1.948
HD 22268	HIP 16844	54.19549	44.07713	820.01	m	9.054	-0.515	B9	0.179
HD 118987	HIP 66771	205.28983	-33.65531	820.27	m	9.28	-0.29	K3 III	1.694
HD 57014	HIP 35356	109.54129	-30.08458	820.51	m	9.73	0.16	A1 IV	0.093
HD 63721	HIP 38178	117.35222	-24.22394	820.62	m	9.046	-0.525	K0 III	1.334
HIP 61427		188.81623	44.43522	820.67	m	9.466	-0.105	K2III	1.535
HIP 46864		143.24078	14.40747	820.76	m	9.39	-0.181	K0	1.452
HD 154692	HIP 83713	256.62899	13.44029	820.94	m	9.494	-0.078	M1	2.007
HD 232452	HIP 7002	22.53034	53.34788	821.25	m	9.231	-0.341	B8	0.103
HD 121373	HIP 67968	208.78255	-9.57365	821.35	m	9.281	-0.292	K3 III	1.664
HIP 43906		134.17177	72.88668	821.35	m	9.713	0.14	K0	1.498
HIP 34762		107.943	-23.21081	821.36	m	10.12	0.55	B9	-0.034
HD 208045	HIP 108078	328.46569	-15.4265	821.38	m	9.627	0.054	K1/2 III	1.634
HIP 92006		281.29262	39.21924	821.65	m	10.46	0.883		1.194
HD 54580	HIP 34390	106.96069	-34.9438	821.67	m	9.142	-0.431	K1/2 III	1.373
HD 222667	HIP 116996	355.77651	-70.04431	821.73	m	9.266	-0.308	K2 III	1.399
HIP 1050		3.27091	5.63138	821.75	m	11.74	2.162	M0V:	0.995
HD 215384	HIP 112234	340.98406	49.50388	821.9	m	9.177	-0.397	A2	-0.019
HIP 116353		353.65511	49.49221	822.09	m	9.798	0.223	K 0 III	1.383
HD 133618	HIP 74073	227.06284	-59.96854	822.14	m	9.2	-0.375	B5/7 V	0.084
HIP 22648		73.08561	62.69718	822.19	m	9.99	0.415	B8	0.179
HIP 49551		151.75992	14.158	822.2	m	9.159	-0.416	M0	1.954
HIP 66043		203.09197	42.29643	822.41	m	11.02	1.447	K 2 V	0.984
HIP 32227		100.915	61.74596	822.51	m	9.499	-0.077	K2	1.826
HIP 9675		31.11292	50.25461	822.56	m	9.099	-0.477		1.824
HD 240153	HIP 113577	345.07585	58.4856	822.57	m	9.297	-0.279	B5	0.119
HIP 50467		154.5738	11.83179	822.79	m	9.857	0.281	K0	1.09
HIP 108674		330.23037	10.69415	822.79	m	9.748	0.172	M2	1.797
HIP 115201		350.00725	13.87088	822.95	m	10.3	0.725	K0	1.306
HD 267211	HIP 33561	104.61028	11.94885	823.02	m	9.101	-0.476	A3	1.629
HIP 103524		314.60419	26.30845	823.07	m	9.527	-0.05	G5	1.997
HIP 8536		27.51819	36.82601	823.08	m	10.59	1.017	K0	1.598
HIP 65968		202.88409	-57.2951	823.12	m	10.75	1.172		1.379
HIP 13856		44.59885	65.4844	823.15	m	10.6	1.022	B9II	0.753
HD 231416	HIP 95583	291.62319	17.03913	823.21	m	9.244	-0.334	B8	0.173
HIP 112014		340.34109	52.37893	823.23	m	9.496	-0.082	B8	0.08
HIP 41523		127.02496	73.02302	823.33	m	9.784	0.206	K0	1.273
HD 9564	HIP 7219	23.24763	-42.23134	823.34	m	9.901	0.323	G8 (IV)	1.078
HIP 13595		43.78953	70.51208	823.67	m	10.2	0.621	B8	0.239
HD 316319	HIP 86948	266.50384	-29.08085	823.77	m	9.19	-0.389	K2	1.345
HIP 17384		55.84815	49.59857	823.8	m	9.867	0.288	F8	1.227
HD 108833	HIP 61009	187.55167	31.50336	823.81	m	10.23	0.653	M6.5e	1.559
HD 225457	HIP 96949	295.62817	36.21455	823.88	m	9.331	-0.248	K7	1.738
HIP 54088		166.0165	41.86713	823.89	m	9.346	-0.233	M0	2.023
HIP 6893		22.18898	65.34168	823.92	m	9.747	0.168	B5	0.27
HIP 37969		116.73974	12.32938	823.99	m	9.967	0.387	K2	1.411
HD 107199	HIP 60106	184.90781	-19.25607	824.01	m	11.24	1.663	Md	0.941
HIP 112983		343.20916	63.41345	824.05	m	9.114	-0.466	B1V	0.602
HD 32312	HIP 23275	75.10948	-40.09264	824.11	m	9.179	-0.401	G8 III	1.207
HD 109974	HIP 61752	189.82983	-51.79083	824.14	m	9.001	-0.579	B9 IV/V	0.065
HD 239743	HIP 107199	325.69428	60.29592	824.16	m	9.102	-0.478	B 2 V	0.557
HD 106847	HIP 59919	184.37108	-60.36125	824.18	m	9.018	-0.562	B9 IV/V	0.137
HD 34363	HIP 24770	79.6679	38.71056	824.24	m	9.143	-0.437	B8	-0.043
HIP 82645		253.40428	65.63818	824.43	m	9.745	0.164	K2	1.71
HIP 24226		78.01778	33.96305	824.54	m	12.07	2.488		
HIP 100071		304.53988	-28.36766	824.7	m	10.43	0.847	K	1.313
HIP 88364		270.65814	-50.21222	824.88	m	12.01	2.428		
HIP 100370		305.33141	3.56588	825.08	m	11.08	1.5	K7V:	1.763
HIP 102732		312.25352	31.84884	825.22	m	12.45	2.868	M6e	
HD 203163	HIP 105407	320.25595	-21.45028	825.24	m	9.409	-0.174	K2 (III)	1.679
HD 126097	HIP 70546	216.47205	-62.79807	825.31	m	9.095	-0.488	F7 II	0.852
HD 57464	HIP 35462	109.80497	-44.43546	825.37	m	9.362	-0.221	K1 (III)	1.211
HD 96555	HIP 54368	166.85379	-17.80097	825.45	m	9.143	-0.44	K3 III	1.864
HD 121292	HIP 68017	208.92455	-47.86555	825.56	m	9	-0.584	B8 V	-0.051
HIP 47831		146.24631	57.50235	825.92	m	10.38	0.796	K2	1.156
HD 15910	HIP 11844	38.22701	-20.33668	825.97	m	10.09	0.507	B9 IV/V	-0.045
HIP 30785		97.02055	74.74309	826.08	m	9.651	0.066	M2	1.913
HIP 102465		311.45304	-49.33471	826.09	m	13.66	4.08		
HD 116162	HIP 65237	200.53175	-27.14413	826.2	m	9.543	-0.042	K2 III	1.732
HD 238878	HIP 90463	276.89218	58.47934	826.33	m	9.433	-0.153	M5	1.569
HD 144246	HIP 78548	240.55005	55.17463	826.49	m	9.092	-0.494	K2	1.764
HD 243809	HIP 25556	81.94058	26.13847	826.52	m	9.479	-0.107	K7	2.511
HIP 8487		27.36078	71.73983	826.55	m	9.566	-0.02	B8	0.287
HD 187932	HIP 97825	298.18666	-5.89513	826.58	m	9.154	-0.432	M1 III	2.064
HD 110206	HIP 61898	190.26242	-58.25378	826.58	m	9.083	-0.503	B8 V	0.035
HIP 79352		242.92938	20.65704	826.61	m	9.653	0.067	M2	1.923
HD 17493	HIP 13019	41.84757	-32.42096	826.68	m	9.653	0.066	G6/8 (III)	1.419
HD 10081	HIP 7473	24.06292	-68.25149	826.7	m	9.612	0.025	AP SR(EU)	0.016
HD 12635	HIP 9418	30.24997	-67.20265	826.79	m	9.327	-0.26	K2/3 III/IV	1.786
HD 8827	HIP 6777	21.78241	2.12944	826.85	m	9.164	-0.423	K3 (III)	1.834
HD 176864	HIP 93786	286.49243	-60.10925	826.94	m	9.103	-0.484	M2 III	1.993
HIP 89281		273.27554	-54.98204	826.94	m	9.259	-0.328	K2	1.841
HD 278917	HIP 17371	55.789	34.82011	827.01	m	10.64	1.053	A 1 III	0.251
HIP 7848		25.22431	65.07875	827.19	m	9.2	-0.388	B5	0.177
HD 237107	HIP 15294	49.33054	58.1778	827.35	m	9.466	-0.122	B8	0.255
HIP 90533		277.09354	33.09651	827.36	m	9.545	-0.043	K5	1.641
HD 213058	HIP 111026	337.38734	-40.01984	827.41	m	9.386	-0.203	K3 III	1.741
HIP 21917		70.70176	64.8452	827.43	m	9.86	0.271	B8	0.403
HD 181606	HIP 95108	290.22551	7.35406	827.56	m	9.751	0.162	B8	0.325
HIP 69346		212.89332	-28.88541	827.58	m	10.7	1.113	M6e-M8.8e	0.857
HD 123275	HIP 69156	212.35122	-67.10722	827.8	m	9.379	-0.211	B8 II/III(P SI)	0.13
HIP 9020		29.03637	74.00271	827.88	m	9.244	-0.346	B8	0.236
HD 87414	HIP 49370	151.17923	-8.87772	827.89	m	9.207	-0.383	K2 III	1.785
HD 209085	HIP 108760	330.47257	-46.3865	827.95	m	9.351	-0.239	G8 III(CNIV)	1.327
HIP 112711		342.37766	50.61583	828.08	m	9.592	0.002	B8	0.058
HIP 90877		278.06384	16.41629	828.25	m	9.844	0.253	K2	1.979
HD 69968	HIP 40726	124.68583	-20.54519	828.27	m	9.315	-0.276	A0 III/IV	0.032
HD 218143	HIP 114067	346.53011	-42.54067	828.4	m	10.41	0.817	G8 IV/V	1.096
HIP 67332		207.00607	46.22058	828.48	m	9.226	-0.365	K2	1.526
HIP 117466		357.27123	56.72737	828.52	m	9.679	0.087	B8	0.028
HD 165593	HIP 88796	271.89247	-20.42532	828.61	m	9.9	0.308	A1/2 III	0.338
HD 114775	HIP 64563	198.50884	-64.87873	828.62	m	9.031	-0.561	B9 IV	0.08
HD 52511	HIP 33745	105.15073	-23.85538	828.63	m	9.126	-0.466	B5 IV/V	-0.104
HIP 38045		116.98179	62.1698	828.72	m	10.71	1.113	K0	1.692
HD 111314	HIP 62547	192.23357	-51.39175	828.76	m	9.035	-0.557	K2/4 (III)	1.908
HIP 114787		348.78115	74.89065	828.82	m	9.226	-0.366	K5	2.288
HD 74631	HIP 42873	131.05395	-24.96555	828.87	m	9.422	-0.17	AP SI	-0.006
HIP 106740		324.3371	13.47457	828.93	m	10.48	0.888	A2e + G5	0.117
HD 139636	HIP 76881	235.48838	-56.61231	828.97	m	10.42	0.829	B8/9 III	0.221
HIP 61142		187.94156	15.89142	829.01	m	9.78	0.187	K2	1.565
HIP 32228		100.91772	48.11339	829.04	m	9.205	-0.388	K2	1.587
HD 99140	HIP 55668	171.09742	-27.02012	829.08	m	9.225	-0.368	M1 (III)	1.776
HIP 38698		118.84584	-53.61375	829.19	m	9.347	-0.246		1.967
HD 208913	HIP 108740	330.41482	-63.36103	829.23	m	9.499	-0.094	K0 III	1.374
HD 12493	HIP 9689	31.15683	61.74453	829.26	m	9.358	-0.235	B8V	0.43
HIP 7878		25.32939	71.9727	829.38	m	10.21	0.617		0.297
HD 52560	HIP 33866	105.45105	1.11484	829.59	m	9.601	0.007	B9 IV	0.178
HD 130082	HIP 72026	221.00793	56.10702	829.62	m	9.252	-0.342	M2	1.591
HIP 100749		306.40108	43.67783	829.75	m	9.416	-0.179	B8	-0.007
HD 211806	HIP 110284	335.0849	-29.72001	829.77	m	9.172	-0.423	K3 III	1.629
HD 220357	HIP 115486	350.911	-56.09373	830.2	m	9.085	-0.511	K5/M0 III	1.865
HIP 89407		273.68085	-69.74118	830.28	m	9.292	-0.304	K5	1.823
HD 164282	HIP 88134	270.03527	6.93641	830.28	m	9.517	-0.079	K 5 III	1.882
HIP 82138		251.70747	15.72422	830.55	m	9.182	-0.415	M0	1.96
HIP 9333		29.96001	34.65803	830.55	m	9.169	-0.428	K2	1.736
HIP 411		1.25664	33.36001	830.56	m	9.91	0.313	K5	1.767
HD 44381	HIP 30078	94.94913	-37.05113	830.71	m	9.479	-0.118	K1 (III)	1.48
HD 107104	HIP 60064	184.75763	-22.88836	830.73	m	9.348	-0.249	M1 (III)	2.187
HIP 51764		158.66391	-22.00883	830.74	m	9.581	-0.016	M0	1.644
HD 47019	HIP 31780	99.67641	45.07055	830.9	m	9.229	-0.369	K5	1.996
HIP 43684		133.48151	-40.6085	830.91	m	11.15	1.552	A0	0.165
HD 53654	HIP 34139	106.18552	-27.14795	830.97	m	9.358	-0.24	B5 V	-0.099
HD 176090	HIP 93107	284.50996	13.46896	831.07	m	9.063	-0.535	K0	1.415
HD 233853	HIP 57023	175.37236	52.86512	831.09	m	10.22	0.625	K0	1.255
HD 330884	HIP 80979	248.05536	-47.11868	831.11	m	10.97	1.377	F0	0.284
HIP 104928		318.82133	43.80339	831.2	m	9.422	-0.177	B8	0.154
HD 216070	HIP 112736	342.47019	-0.13718	831.53	m	9.431	-0.168	M2 (III)	2.035
HD 68925	HIP 40153	122.99766	-53.78835	831.63	m	9.144	-0.456	K5/M0 (III)	2.054
HIP 2679		8.48729	65.53044	831.75	m	9.521	-0.079	B8	0.551
HIP 28714		90.97376	46.29299	832.15	m	9.525	-0.076	M4e-M6e	1.914
HIP 50746		155.43117	36.53151	832.17	m	10.27	0.666	G5	1.073
HD 216711	HIP 113065	343.47519	62.59676	832.44	m	9.144	-0.458	B1V	0.598
HD 132906	HIP 73788	226.23057	-64.43253	832.48	m	9.587	-0.015	B8 IB/II	0.472
HIP 43678		133.47308	-40.60873	832.68	m	11.03	1.427	A0	0.207
HIP 85986		263.61032	-54.19864	832.75	m	10.98	1.376	Gp	0.92
HD 170226	HIP 90876	278.06204	-61.20748	832.77	m	9.079	-0.524	K2/3 (III)	1.897
HD 138547	HIP 76152	233.31876	-15.32639	832.83	m	11.29	1.687	Md	0.507
HIP 36816		113.57717	-55.96227	832.92	m	12.59	2.987		
HD 177695	HIP 94318	287.95961	-70.80679	833.31	m	9.334	-0.27	B8 V	0.007
HD 126592	HIP 70780	217.12983	-58.14146	833.34	m	9.087	-0.517	K2/3 III + A	1.414
HIP 113359		344.37691	48.64948	833.4	m	9.842	0.238	A0	0.261
HIP 29202		92.39061	-36.1358	833.41	m	9.461	-0.143	K5	1.727
HD 56074	HIP 34847	108.17344	-52.68111	833.52	m	9.199	-0.406	K1/2 III	1.478
HD 251840	HIP 29051	91.93079	28.11408	833.54	m	9.573	-0.032	B8	0.022
HIP 88170		270.11104	-64.04711	833.81	m	9.658	0.053	R...	1.936
HIP 78369		239.99596	20.16432	833.83	m	9.14	-0.465	M1	1.838
HD 6428	HIP 5069	16.20686	-23.8583	834	m	9.131	-0.475	K1 III	1.361
HD 147688	HIP 80443	246.31319	-44.36752	834.03	m	10.29	0.681	B9 III/IV	0.23
HD 230987	HIP 94607	288.79097	16.96958	834.06	m	10	0.395	B9	0.297
HD 334527	HIP 101408	308.26803	30.9372	834.12	m	9.377	-0.229	K5	1.724
HD 221883	HIP 116480	354.02533	-40.91332	834.26	m	9.243	-0.364	K4/5 III	1.693
HD 220296	HIP 115440	350.74753	-44.14948	834.47	m	9.121	-0.486	M2 III	1.785
HD 227310	HIP 98691	300.67376	38.39335	834.48	m	9.418	-0.189	B5IV	-0.017
HD 197848	HIP 102798	312.39558	-63.7289	834.76	m	9.242	-0.366	K0/1 III	1.355
HD 928	HIP 1112	3.45932	36.86027	835.13	m	9.209	-0.4	K5	1.966
HD 239696	HIP 106430	323.35418	56.55976	835.15	m	9.429	-0.18	M0	2.208
HIP 90104		275.82031	13.30207	835.22	m	10.02	0.411	K2	1.686
HIP 33847		105.39534	-54.59181	835.41	m	9.298	-0.312	K2	2.024
HIP 113639		345.22725	62.88176	835.58	m	10.09	0.476	B 2 IV	0.721
HIP 68223		209.49496	-64.74419	835.64	m	10.53	0.92	B9	0.156
HIP 115686		351.58324	42.70239	835.71	m	9.006	-0.604	M0	1.924
HD 51921	HIP 33571	104.63127	-18.19345	835.79	m	9.351	-0.259	B8/9 (III)	-0.114
HIP 44008		134.4204	12.45694	835.79	m	9.148	-0.462	K0	1.643
HIP 86548		265.30151	-41.68931	836.04	m	10.18	0.573	A0	0.396
HD 53695	HIP 34175	106.31615	-19.85422	836.19	m	9.188	-0.424	B8 II(P SI)	-0.12
HD 8343	HIP 6320	20.28925	-62.98204	836.22	m	9.101	-0.511	K3/4 III	1.911
HD 125951	HIP 70406	216.06111	-51.93132	836.39	m	9.731	0.119	K4/5 III/V	1.936
HD 311154	HIP 59665	183.53372	-68.63225	836.42	m	9.346	-0.266	K5	1.983
HD 239595	HIP 104567	317.74026	60.22119	836.43	m	9.332	-0.28	B8	0.248
HD 193530	HIP 100602	306.00703	-61.30828	836.74	m	9.278	-0.335	K2P BA	1.601
HD 275376	HIP 16328	52.62616	39.65811	836.76	m	10.74	1.124	M4e	1.615
HIP 22282		71.96124	49.31489	836.84	m	9.48	-0.133	B8	0.155
HD 292518	HIP 32940	102.92844	0.55144	836.9	m	10.57	0.961	B9IV	-0.013
HD 98865	HIP 55542	170.64812	-28.24755	836.9	m	9.151	-0.462	K2 (V)	1.894
HIP 24073		77.58024	67.0478	836.98	m	10.07	0.453	G5	1.129
HIP 67363		207.10177	38.51792	837	m	9.49	-0.124	G5	1.047
HD 238588	HIP 81439	249.50544	58.20481	837.09	m	9.102	-0.512	K5	1.59
HIP 52303		160.30071	61.90847	837.28	m	9.65	0.036	K5	1.703
HIP 94900		289.67777	-52.35635	837.45	m	9.152	-0.463	K2	1.877
HD 121520	HIP 68229	209.50864	-64.74958	837.6	m	9.749	0.134	B8 III	0.122
HIP 53079		162.88901	75.19107	837.85	m	9.017	-0.599	M2	1.964
HD 181305	HIP 94996	289.95598	6.16822	838.01	m	9.936	0.32	B9	0.469
HIP 100299		305.13343	-33.3135	838.24	m	10.47	0.854	G2	1.253
HD 19764	HIP 14732	47.5679	-20.55571	838.31	m	9.28	-0.337	K1 III	1.357
HIP 5753		18.46587	69.50011	838.37	m	9.553	-0.064	B8	0.192
HD 51038	HIP 33211	103.67741	-24.92466	838.4	m	9.106	-0.511	B3 V	-0.168
HD 127924	HIP 71398	219.00638	-56.46015	838.69	m	9.204	-0.414	B7/9 III/IV	0.096
HD 35344	HIP 25380	81.45231	38.55883	838.7	m	9.322	-0.296	B9	-0.01
HD 130773	HIP 72566	222.56521	-7.86469	838.77	m	9.05	-0.568	M2 III	1.855
HD 103376	HIP 58046	178.57158	18.62299	838.81	m	10.14	0.527	B5	-0.154
HIP 38725		118.92439	81.07067	838.95	m	10.69	1.07	F0	0.392
HD 86086	HIP 48653	148.82953	-38.92651	838.99	m	9.388	-0.231	K1/3 III	1.623
HD 117865	HIP 66157	203.41217	-30.63196	839.53	m	9.256	-0.364	M3 III	1.87
HIP 28770		91.12797	-34.05771	839.54	m	9.025	-0.595	K5	2.079
HIP 15512		49.98103	25.61493	839.55	m	9.723	0.103	M0	1.554
HIP 84935		260.38162	29.72576	839.82	m	10.07	0.445	K5	1.884
HIP 20429		65.64513	-5.50114	839.84	m	9.341	-0.28	M6	1.687
HIP 78338		239.93634	23.59127	839.85	m	9.246	-0.375	M0	1.78
HIP 67707		208.05034	17.36604	839.93	m	9.405	-0.216	K2	1.743
HD 14829	HIP 11124	35.78853	-10.67757	840.41	m	10.24	0.623	B9 V	0.012
HD 3076	HIP 2630	8.34876	-58.80914	840.54	m	9.306	-0.317	K3/4 (III)	1.788
HD 239787	HIP 107978	328.12861	59.43666	840.69	m	9.888	0.265	B9	0.339
HIP 9420		30.26013	58.21254	840.72	m	10.25	0.631	A0	0.06
HIP 70420		216.09512	44.39246	840.79	m	9.276	-0.347	K5	1.72
HD 92958	HIP 52490	160.97046	-13.87313	840.96	m	9.419	-0.205	K1 III	1.598
HD 104284	HIP 58563	180.12415	-61.40165	840.98	m	9.719	0.095	B9/A0 (V)	0.121
HIP 108710		330.32247	46.35159	841.01	m	9.735	0.111	K	1.153
HD 113324	HIP 63663	195.71757	5.95498	841.05	m	9.722	0.098	K	1.448
HIP 104921		318.79842	46.31973	841.14	m	9.932	0.308	B8	0.199
HIP 65278		200.68571	58.42681	841.15	m	10.97	1.351	K0	1.37
HD 314774	HIP 87940	269.47462	-24.26896	841.17	m	9.852	0.228	F8	0.933
HIP 114469		347.73857	16.79733	841.2	m	11.84	2.211		
HIP 108945		331.07817	19.48385	841.39	m	9.983	0.358	K0	1.251
HIP 88987		272.44829	36.988	841.51	m	10.26	0.635	K0	1.179
HD 53063	HIP 33964	105.70814	-20.32428	841.7	m	9.534	-0.092	B9 III/IV	-0.1
HD 192166	HIP 99569	303.09899	30.89393	841.79	m	9.024	-0.602	A0	-0.088
HIP 116430		353.8989	-38.41821	841.8	m	10.24	0.616	K1	1.262
HIP 94928		289.74821	-27.06885	841.88	m	9.902	0.276	K0	1.68
HIP 5517		17.66015	73.12144	842.07	m	10.29	0.659	A2	0.773
HIP 62707		192.75069	10.08508	842.15	m	9.613	-0.014	K0	1.265
HIP 42619		130.28442	-32.20083	842.52	m	10.76	1.128		0.313
HIP 55789		171.45795	-43.20436	842.58	m	10.1	0.475		1.416
HIP 116605		354.46484	47.77523	842.72	m	9.386	-0.242	K2	1.903
HD 236374	HIP 1520	4.73654	56.33838	842.76	m	9.716	0.087	B8	0.202
HD 121643	HIP 68295	209.71188	-64.83723	842.77	m	9.746	0.117	A2/3 IV	0.355
HIP 106347		323.07748	-12.07157	843.22	m	10.57	0.944		1.321
HIP 111121		337.6607	46.84176	843.23	m	9.716	0.086	A0	0.069
HIP 99941		304.16231	10.0357	843.33	m	10.46	0.825	K7	1.901
HD 127693	HIP 71213	218.4489	-40.02166	843.43	m	9.35	-0.28	M3 III	1.86
HIP 86812		266.07483	78.55811	843.44	m	9.603	-0.027	A0	0.035
HIP 95472		291.29992	-29.12378	843.45	m	10.73	1.098		1.056
HD 189920	HIP 98640	300.52057	12.32209	843.61	m	9.369	-0.262	A 0 V	0.074
HIP 37101		114.35743	-30.88852	843.69	m	10.01	0.374	A0	-0.058
HIP 113405		344.51269	42.7364	843.7	m	9.831	0.2	M4e-M5e	1.916
HIP 30308		95.61143	-27.70027	843.82	m	9.166	-0.465	K2	1.629
HIP 46896		143.35753	17.13092	843.89	m	9.715	0.084	K0	1.623
HIP 70374		215.98049	74.9946	843.9	m	9.672	0.041	K0	1.206
HD 282933	HIP 17592	56.52808	27.34619	844	m	9.8	0.168	K0	1.599
HIP 12547		40.36197	61.71978	844.11	m	9.81	0.178	A 0 V	0.343
HIP 7227		23.28676	22.31873	844.49	m	9.227	-0.406	M1	1.983
HD 196717	HIP 101985	310.01244	-28.79199	844.74	m	11.08	1.448	M4E	1.616
HIP 18696		60.08026	23.53428	844.74	m	10.46	0.828	R2	1.666
HIP 83979		257.50399	36.84018	844.8	m	9.162	-0.472	K2	1.8
HIP 116341		353.61117	17.50052	845.02	m	9.794	0.16	M0	1.77
HIP 39201		120.27957	39.37008	845.18	m	9.49	-0.145	K0	1.271
HD 8631	HIP 6546	21.03076	-52.51142	845.29	m	10.24	0.607	A2 V	0.138
HIP 9962		32.06243	62.81447	845.42	m	9.543	-0.092	B8V	0.183
HIP 83091		254.67588	35.92591	845.49	m	10.55	0.915	K0	1.316
HIP 64832		199.3616	-47.7619	845.57	m	11.09	1.457	Gp	0.891
HD 131909	HIP 73405	225.01598	-67.37148	845.65	m	10.3	0.668	B8 (V)	0.051
HIP 57429		176.60151	63.04355	845.78	m	9.605	-0.031	F2	1.503
HD 76047	HIP 43462	132.78704	-57.07538	846.07	m	9.02	-0.617	B5 V	0.023
HIP 56277		173.05926	74.17039	846.08	m	10.2	0.567	M0	1.921
HD 207302	HIP 107661	327.11417	-21.66921	846.11	m	9.781	0.144	G6/8 III	1.146
HIP 90577		277.24091	-18.54189	846.24	m	11.28	1.642		
HD 203885	HIP 105651	320.99211	35.16651	846.75	m	9.245	-0.394	A0	-0.038
HD 27243	HIP 19848	63.82267	-54.86449	846.8	m	9.114	-0.525	M1 (III)	1.863
HD 237846	HIP 48444	148.16118	57.91629	847.02	m	10.02	0.381	F8	0.723
HD 197243	HIP 102692	312.1191	-74.30812	847.03	m	9.065	-0.575	K2 III	1.604
HD 51790	HIP 33504	104.46317	-21.93722	847.2	m	9.346	-0.294	AP SI	-0.137
HIP 83175		254.99013	-80.0862	847.28	m	9.364	-0.276	M	1.94
HD 121195	HIP 68041	208.97453	-61.50374	847.35	m	9.024	-0.616	B8 IV(N)	0.057
HD 45165	HIP 30844	97.16598	50.51816	847.41	m	9.595	-0.045	B8	0.05
HIP 13646		43.92443	-6.62677	847.64	m	9.283	-0.358	K5	1.65
HD 283564	HIP 20483	65.85314	29.04686	847.79	m	9.889	0.248	K 3 III	1.873
HIP 104393		317.23133	17.7972	847.86	m	9.256	-0.386	K5	1.78
HIP 66545		204.61608	40.58887	848.05	m	10.65	1.005	K5	1.419
HIP 102126		310.43246	32.77403	848.06	m	9.447	-0.195	B8	0.032
HIP 114825		348.89948	70.3841	848.13	m	9.37	-0.272	B8	0.377
HIP 83211		255.08948	-22.13203	848.15	m	10	0.359	K5	2.591
HIP 66237		203.62356	24.91761	848.19	m	10.04	0.393	K2	1.265
HD 42051	HIP 29115	92.09817	-6.54866	848.28	m	9.007	-0.636	B2 II	0.333
HD 81552	HIP 46241	141.41049	-27.45156	848.41	m	9.045	-0.598	M2/3 III	1.851
HD 115444	HIP 64786	199.17691	36.3813	848.49	m	9.065	-0.578	K0	0.823
HD 142146	HIP 77812	238.33453	-13.53269	848.51	m	9.734	0.091	A5 IV	0.295
HD 34419	HIP 24517	78.89231	-38.35946	848.56	m	9.364	-0.279	K2 (III)	1.624
HIP 50252		153.91389	47.31391	848.66	m	9.132	-0.512	K5	1.565
HIP 5492		17.57569	44.51534	848.81	m	9.241	-0.403	K5	1.573
HD 43473	HIP 29514	93.26254	-56.35602	848.89	m	9.104	-0.54	K5	1.635
HIP 15235		49.11012	-28.18001	849.2	m	10.54	0.892	R	1.337
HD 197389	HIP 102984	312.97738	-78.87326	849.21	m	9.274	-0.371	M1/2 (III)	2.094
HIP 63128		194.01563	23.57414	849.49	m	9.394	-0.252	K2	1.887
HD 96344	HIP 54303	166.6394	15.03801	849.61	m	9.07	-0.576	M0II:	1.727
HD 340555	HIP 101630	308.97755	26.74968	849.66	m	9.581	-0.065	B9	0.093
HD 130612	HIP 72690	222.93445	-60.49842	849.69	m	9.027	-0.619	B3 II/III	0.437
HD 236600	HIP 4813	15.44505	57.76476	849.75	m	9.037	-0.609	K5	1.529
HD 251671	HIP 28977	91.7305	24.31253	849.75	m	9.28	-0.366	B8	0.138
HD 182025	HIP 95374	291.03611	-34.54401	849.81	m	9.835	0.188	G8 (III)	1.355
HD 276946	HIP 22418	72.36527	39.53692	849.83	m	10.4	0.75	A0	0.146
HIP 105983		321.97059	-0.47586	850.01	m	9.923	0.276	K0	1.408
HD 56581	HIP 35190	109.08759	-29.35067	850.29	m	9.514	-0.134	B8 IV/V	-0.088
HD 176551	HIP 93428	285.41774	-22.19901	850.47	m	9.929	0.281	A2 II	0.296
HIP 20006		64.3407	-19.1283	850.48	m	10.32	0.671	K2	0.878
HIP 73531		225.44007	5.63643	850.51	m	11.09	1.44		0.76
HD 166870	HIP 89182	273.00938	13.19677	850.69	m	9.188	-0.461	A0	0.115
HIP 78166		239.41717	22.42067	850.71	m	9.426	-0.223	M0	1.812
HIP 14442		46.60484	70.7493	850.81	m	9.317	-0.332	B8	0.243
HD 96903	HIP 54410	167.00733	-69.52275	850.81	m	9.237	-0.412	K0 III	1.314
HD 89400	HIP 50426	154.44272	-50.91969	850.84	m	9.013	-0.636	K2/3 (III)	1.474
HIP 60862		187.11654	-67.81015	850.86	m	9.551	-0.098	M	2.062
HD 194978	HIP 101024	307.21239	-8.60996	850.88	m	9.312	-0.337	K1/2 (III)	1.736
HD 153927	HIP 83661	256.49267	-59.45568	850.89	m	10.01	0.36	A0/1 IV/V	0.234
HD 159515	HIP 86243	264.35946	-45.81333	850.9	m	9.388	-0.261	A3 V(P)	0.208
HD 221721	HIP 116373	353.716	-55.17642	851.19	m	9.093	-0.557	K5 (III)	1.87
HIP 38768		119.04133	-34.71047	851.21	m	9.296	-0.354	K0	1.711
HIP 657		2.02083	-29.4164	851.22	m	9.675	0.025	G5	1.167
HD 56372	HIP 35150	108.98475	-21.92176	851.29	m	9.599	-0.051	B8 II	-0.056
HIP 100700		306.23556	7.05941	851.3	m	9.069	-0.581	M0	1.911
HD 138279	HIP 75982	232.75802	1.68381	851.35	m	10.11	0.456	A5/7 Ib/II	0.422
HD 104616	HIP 58736	180.70421	-60.17762	851.37	m	9.078	-0.573	B9 V	0.099
HIP 67266		206.80041	28.62277	851.59	m	10.98	1.331	K0	0.772
HD 223306	HIP 117431	357.16372	-59.05756	851.84	m	9.342	-0.31	M3 III	1.734
HIP 107185		325.66083	-70.31712	851.91	m	9.15	-0.502	M2	1.915
HIP 67917		208.65611	12.2708	852.35	m	9.324	-0.329	M5	1.545
HIP 41952		128.27099	-23.62496	852.35	m	9.222	-0.431	K0	1.578
HIP 73610		225.68846	20.44102	852.47	m	9.084	-0.569	K7	1.806
HD 51340	HIP 33343	104.0181	-21.50591	852.61	m	9.171	-0.483	B5 V	-0.112
HD 239196	HIP 97098	295.99556	59.09523	852.63	m	9.659	0.005	G5	1.051
HD 346992	HIP 101743	309.32078	23.89532	852.75	m	11.87	2.22	A2	0.018
HD 232864	HIP 18653	59.89353	52.31262	852.75	m	9.518	-0.136	B1IV	0.156
HD 182075	HIP 94897	289.67095	63.9215	852.77	m	9.222	-0.432	M0	1.73
HIP 106609		323.88549	-11.78173	852.78	m	11.01	1.354		0.933
HIP 72111		221.2537	47.98366	852.99	m	10.47	0.815	K0	1.127
HD 199231	HIP 103664	315.05774	-69.72756	853	m	9.235	-0.42	K2/3 III	1.621
HIP 82444		252.7347	-70.2325	853.01	m	11.43	1.776	Gp...	0.86
HD 175906	HIP 93103	284.50543	-11.50471	853.07	m	9.729	0.074	B9 Ib	0.296
HD 257192	HIP 30631	96.54799	8.66723	853.07	m	10.05	0.399	B9	0.039
HIP 46038		140.84429	21.30917	853.25	m	9.653	-0.002	K7	1.805
HD 157671	HIP 85292	261.43132	-26.99139	853.37	m	9.426	-0.23	K0/1 III + A0/2 V	1.561
HD 121947	HIP 68422	210.10431	-59.62316	853.37	m	9.599	-0.057	B8 III	0.037
HIP 62031		190.71829	20.35444	853.73	m	9.189	-0.468	K5	1.812
HIP 112737		342.47592	61.30987	853.83	m	10.44	0.787	B8	0.468
HIP 33942		105.65737	-62.57095	853.92	m	9.897	0.24		1.66
HIP 87916		269.39091	-50.11811	854.09	m	10.28	0.62	F2	0.524
HD 217808	HIP 113888	345.96676	-44.59507	854.11	m	9.422	-0.236	G3/5WA/F	0.735
HD 77302	HIP 44225	135.11657	-40.35677	854.39	m	9.149	-0.509	B8 IV	-0.026
HD 27300	HIP 20022	64.41964	-23.79858	854.55	m	9.396	-0.263	K1 III	1.618
HD 332601	HIP 97002	295.73469	28.36756	854.58	m	9.889	0.23	K5V	1.935
HIP 43956		134.28229	-43.24426	854.6	m	9.948	0.289	M...	0.192
HIP 14506		46.83251	75.79812	854.81	m	10.52	0.86	M1	0.34
HIP 110313		335.15894	62.3382	854.83	m	9.544	-0.115	B8	0.239
HIP 79469		243.26703	38.3411	854.91	m	10.68	1.019	K2	1.521
HIP 87646		268.53929	-42.71653	855.13	m	9.565	-0.095	G0	0.824
HIP 28623		90.64247	-22.71314	855.4	m	10.45	0.788	A0	0.1
HIP 76343		233.90241	25.7528	855.43	m	9.425	-0.236	M5	1.64
HIP 27867		88.44511	37.50256	855.84	m	9.314	-0.348	K0	1.819
HD 321452	HIP 89326	273.3975	-34.31719	855.85	m	10.23	0.565	A9.5	0.4
HIP 100816		306.6193	63.44509	855.88	m	10.14	0.474	B8	0.178
HD 49988	HIP 33080	103.34206	45.59136	855.96	m	9.196	-0.466	K5	1.87
HD 50647	HIP 33057	103.2833	-24.90758	856.05	m	9.054	-0.608	B5 V	-0.162
HIP 27255		86.66075	-14.97983	856.2	m	9.39	-0.273	K5	1.801
HIP 31516		98.98837	5.3167	856.3	m	9.399	-0.264	B5	-0.099
HIP 56416		173.49513	27.26019	856.38	m	9.157	-0.506	M0	1.928
HIP 37083		114.30639	-13.87537	856.47	m	11.12	1.456		0.227
HD 164953	HIP 88596	271.35306	-38.38158	856.5	m	9	-0.664	K2 III	1.237
HD 316901	HIP 88042	269.74192	-30.34531	856.6	m	9.874	0.21		1.803
HD 188823	HIP 98153	299.20581	6.27644	856.66	m	9.211	-0.453	K5	2.11
HIP 43491		132.87461	11.78801	856.73	m	9.913	0.249	K3	1.671
HD 51056	HIP 33246	103.75893	-20.67431	856.74	m	9.842	0.178	A2 III	-0.097
HD 182784	HIP 95540	291.50187	8.35151	856.87	m	9.12	-0.545	A0	0.116
HIP 117160		356.28869	-56.45636	857.07	m	10.79	1.127	G	0.772
HIP 58929		181.25064	-49.74631	857.24	m	10.14	0.476	G5	1.253
HD 235372	HIP 102752	312.2913	54.3657	857.31	m	9.142	-0.524	B8	0.135
HIP 61976		190.50987	14.15938	857.32	m	9.012	-0.654	M0	1.836
HD 64438	HIP 38487	118.22573	-28.78709	857.37	m	9.556	-0.11	B9 III/IV	-0.075
HIP 94185		287.6164	68.58263	857.4	m	10.57	0.904	K	1.186
HIP 48077		147.01838	-15.73445	857.94	m	9.581	-0.086	M0	1.401
HD 124598	HIP 69693	213.98745	-49.70973	858.13	m	9.714	0.046	AP SI	-0.107
HIP 115918		352.28714	49.91151	858.36	m	10.64	0.969	K 5 V	1.089
HIP 59224		182.2028	-40.38159	858.47	m	10.89	1.223		0.205
HD 128966	HIP 71649	219.82642	31.10901	858.79	m	9.071	-0.598	G5	1.303
HD 128107	HIP 71560	219.53187	-66.12963	858.8	m	10.43	0.763	A2/3 III/IV	0.309
HIP 61140		187.93644	33.48731	858.96	m	9.278	-0.392	K4V	1.93
HIP 8154		26.21819	71.69083	858.96	m	10.41	0.736		0.268
HIP 117226		356.53143	60.46538	859.4	m	9.961	0.29		1.639
HIP 64708		198.93579	72.14415	859.5	m	9.175	-0.496	K2	1.781
HD 80225	HIP 45561	139.29298	-42.42942	859.51	m	9.905	0.234	B9/A0 III	0.077
HIP 3806		12.23097	24.87099	859.87	m	9.106	-0.566	K7	1.814
HIP 31505		98.96779	-48.28228	860.02	m	9.857	0.184		1.141
HD 41552	HIP 28761	91.08966	-33.53868	860.06	m	9.181	-0.492	K1/2 III	1.538
HIP 42470		129.87657	35.64694	860.1	m	10.24	0.565	G0	1.093
HD 180494	HIP 94878	289.62247	-39.22918	860.1	m	9.254	-0.419	K3/M	2.008
HIP 49560		151.779	48.42043	860.11	m	9.604	-0.069	K2	1.264
HIP 8502		27.40967	69.12672	860.18	m	9.771	0.098	B8	0.476
HD 170843	HIP 90931	278.2309	-33.8686	860.18	m	9.074	-0.599	K4 III	1.955
HIP 75359		230.99702	22.29958	860.33	m	9.387	-0.286	K7	1.908
HIP 3910		12.5348	-29.00449	860.39	m	9.555	-0.118	K5	1.753
HD 234400	HIP 83939	257.35706	53.08696	860.46	m	10.59	0.92	K0	0.891
HD 128735	HIP 71665	219.86805	-31.66	860.6	m	9.378	-0.296	M3 III	1.798
HD 169991	HIP 90508	277.02599	-20.81112	860.77	m	9.851	0.177	B8/9 II/III	0.181
HD 239662	HIP 105751	321.27985	60.29231	860.94	m	9.029	-0.646	K0	1.363
HD 51482	HIP 33370	104.09555	-28.0384	861.29	m	9.976	0.3	B9 V	-0.114
HD 335076	HIP 102404	311.2782	29.03566	861.38	m	9.583	-0.093	A0	-0.021
HD 144719	HIP 79747	244.13439	-78.13335	861.39	m	9.164	-0.512	B7 III	-0.042
HIP 7173		23.12173	63.82162	861.57	m	10.74	1.069		2.075
HIP 88524		271.16176	-61.47986	861.63	m	9.255	-0.422	G8	1.839
HIP 30787		97.03199	-32.84594	862.01	m	9.039	-0.639	K5	1.839
HD 98699	HIP 55453	170.35558	-1.93379	862.11	m	9.285	-0.393	K1/2 III	1.751
HD 223644	HIP 117658	357.92751	-73.18942	862.27	m	9.094	-0.584	K4/5 III	1.865
HIP 103952		315.94186	42.27803	862.28	m	9.144	-0.534	B5	0.296
HIP 76115		233.19245	38.66128	862.39	m	10.27	0.586	K0	1.101
HIP 114345		347.37517	53.04439	862.42	m	9.546	-0.133	K0	1.22
HIP 116958		355.62846	43.01434	862.52	m	10.66	0.983	F4	0.589
HIP 92244		281.99009	-37.7396	862.8	m	10.71	1.031	F5	0.432
HIP 48368		147.90789	-59.28826	862.81	m	10.07	0.39		0.94
HD 335580	HIP 88535	271.18318	24.81449	862.92	m	9.579	-0.101	K2	1.622
HD 12361	HIP 9332	29.95602	-50.56672	862.96	m	9.098	-0.582	K0/2 III + F/G	0.921
HD 49810	HIP 32758	102.45935	-11.50663	863.06	m	9.395	-0.285	B7 II/III	-0.051
HD 121792	HIP 68322	209.7894	-55.98723	863.6	m	9.466	-0.216	B9 III	0.183
HIP 25722		82.39272	-35.40048	863.63	m	9.488	-0.194	K2	1.78
HIP 73227		224.48853	-28.72841	863.64	m	9.424	-0.258	G5	1.162
HD 119874	HIP 67341	207.03482	-67.43576	863.82	m	9.365	-0.317	A1/2 + G	0.873
HD 28950	HIP 21597	69.55191	65.26558	863.93	m	9.239	-0.443	A0	0.238
HIP 26111		83.522	69.66426	864	m	10.42	0.733		1.23
HD 236726	HIP 6681	21.42223	55.97428	864.15	m	9.552	-0.131	A0	0.125
HD 229436	HIP 92107	281.57946	15.91116	864.49	m	9.353	-0.331	M0	2.254
HIP 21564		69.4355	42.40113	864.56	m	10.66	0.974		1.515
HIP 49244		150.78436	20.74859	864.63	m	10.48	0.793	K0	1.169
HD 220508	HIP 115580	351.18208	-53.7461	864.74	m	9.133	-0.551	K3 (V)	1.722
HIP 74160		227.2911	68.31152	864.8	m	9.166	-0.519	K0	1.674
HIP 52246		160.13098	-18.61822	864.88	m	9.462	-0.223	M0	2.06
HIP 8961		28.86067	-0.1105	864.89	m	10.54	0.857	K2	1.345
HD 48453	HIP 32233	100.93193	5.27106	864.91	m	9.154	-0.531	A2	-0.087
HD 49443	HIP 33195	103.63056	69.67774	865.05	m	9.02	-0.665	K2	1.75
HD 126387	HIP 70590	216.5886	-44.1531	865.06	m	10.07	0.383	Mb	1.754
HIP 61343		188.53837	59.73632	865.07	m	9.382	-0.303	K0	1.683
HIP 8223		26.47026	38.2695	865.24	m	9.686	0	K0	1.376
HD 206396	HIP 107243	325.81826	-49.63912	865.28	m	9.134	-0.552	K2 III	1.751
HD 51819	HIP 33522	104.50524	-20.96684	865.32	m	9.36	-0.326	B5/7 V	-0.119
HIP 90812		277.87368	-48.52475	865.6	m	10.03	0.343	G5	1.214
HIP 69745		214.12425	36.66546	865.73	m	9.461	-0.226	K 2 III	1.693
HIP 53325		163.60879	-33.50252	865.75	m	9.119	-0.568	K5	1.799
HD 205277	HIP 106525	323.63922	-14.62878	865.81	m	9.184	-0.503	M0 III	1.937
HD 260986	HIP 31714	99.50737	9.88359	865.87	m	9.881	0.194	B 2 IVN	0.238
HIP 112599		342.08122	65.95032	865.98	m	10.06	0.376	B8	0.424
HIP 101176		307.61877	-45.52124	865.99	m	10.23	0.538		0.666
HD 108725	HIP 60954	187.42103	-25.30795	866.04	m	9.578	-0.11	M0 III	1.813
HD 235542	HIP 106476	323.48094	50.75109	866.15	m	9.421	-0.267	B8	0.273
HD 15242	HIP 11519	37.14071	41.74899	866.22	m	9.2	-0.488	A0	0.035
HIP 72406		222.07726	66.25304	866.32	m	9.152	-0.536	M0	1.836
HIP 46494		142.24215	-33.039	866.34	m	9.151	-0.537	K0	1.604
HIP 116148		352.99673	53.37393	866.6	m	9.53	-0.159	B8	0.113
HD 239498	HIP 102597	311.88204	55.88492	866.65	m	9.384	-0.305	B8	0.345
HIP 32085		100.54685	74.48083	866.85	m	9.358	-0.332	M2	1.927
HIP 54433		167.07159	-6.31059	866.9	m	9.907	0.217	K2	1.558
HIP 48203		147.41216	-37.25464	866.91	m	9.063	-0.627	K5	1.891
HIP 114505		347.86855	20.56208	867.01	m	10.95	1.259	K2	2.332
HD 120357	HIP 67524	207.52798	-48.50823	867.01	m	9.113	-0.577	B3/7	-0.038
HIP 38773		119.05376	-67.54357	867.28	m	11.33	1.637		0.566
HIP 45227		138.25869	-30.90152	867.32	m	9.27	-0.421	G5	1.25
HIP 111762		339.59242	52.36828	867.48	m	10.15	0.461		1.628
HD 103275	HIP 57980	178.39771	-5.069	867.48	m	9.426	-0.265	K1/2 (III)	1.577
HD 166382	HIP 88923	272.27588	31.02116	867.58	m	10.04	0.35	M9	0.948
HD 321724	HIP 90332	276.46207	-35.46961	867.64	m	9.237	-0.455	K5	2.123
HIP 89848		275.03094	34.10994	867.77	m	11.1	1.404	K0	1.399
HIP 10266		33.03421	56.27213	867.77	m	11.37	1.682		1.425
HIP 102212		310.65763	16.12839	867.96	m	9.219	-0.473	M0	1.864
HD 205247	HIP 106511	323.59239	-10.92084	868.2	m	9.639	-0.054	K1/2 (III)	1.653
HIP 101644		309.05994	8.24324	868.23	m	10.25	0.558	K7	1.657
HIP 106891		324.74593	17.13347	868.24	m	9.426	-0.267	M0	2.06
HD 54006	HIP 34251	106.5067	-28.32128	868.3	m	10.2	0.503	B8/9 III/IV	-0.032
HD 265467	HIP 32974	103.03768	4.08701	868.55	m	9.542	-0.152	B8	-0.008
HD 13287	HIP 10051	32.34619	-20.74266	868.59	m	9.86	0.166	K2/3 (III)	1.539
HIP 112994		343.25433	15.78795	868.76	m	10.41	0.721	F2	0.629
HD 238827	HIP 89083	272.71913	57.25845	868.87	m	9.39	-0.305	M2	1.75
HIP 10332		33.28006	58.08511	868.92	m	10.9	1.209	F9	0.339
HD 232819	HIP 17200	55.26197	54.00111	869.01	m	9.478	-0.217	B 2 V	0.513
HD 223937	HIP 117833	358.46827	-46.83066	869.18	m	9.204	-0.492	K0/1 III	1.343
HD 69224	HIP 40500	124.03127	3.79654	869.24	m	9.051	-0.645	K2 III	1.787
HIP 66473		204.41954	8.2435	869.25	m	9.571	-0.125	K0	1.148
HD 280188	HIP 22670	73.14531	38.50552	869.51	m	9.172	-0.524	N	4.186
HIP 33573		104.64638	70.91416	869.51	m	9.229	-0.467	M0	2.071
HD 282248	HIP 21162	68.0505	30.51472	869.58	m	10.82	1.125	K 3 IV	1.59
HD 122087	HIP 68421	210.10375	-33.05939	869.61	m	9.383	-0.314	K3/4 III	1.953
HIP 71749		220.14126	34.87792	869.66	m	9.303	-0.394	M0	1.801
HD 75371	HIP 43515	132.94307	52.51446	869.8	m	9.487	-0.21	M2	1.742
HD 94241	HIP 53102	162.95493	-48.0706	869.82	m	10.43	0.728	A0 V	0.065
HIP 82152		251.74879	-2.48691	869.98	m	10.64	0.941	K2	1.412
HD 123909	HIP 69343	212.88371	-46.69637	870.01	m	9.146	-0.552	G6 III	1.14
HD 168735	HIP 90106	275.82118	-43.22892	870.11	m	9.807	0.109	G8 III	1.123
HIP 80564		246.73735	37.23888	870.16	m	9.75	0.052	K0	1.34
HIP 53475		164.08881	66.02115	870.2	m	10.86	1.157	M0p	1.37
HIP 56342		173.24985	46.0644	870.29	m	10.32	0.623	G9III	1.287
HD 202031	HIP 104589	317.79926	56.34129	870.37	m	9.046	-0.653	B9	0.398
HIP 87604		268.43735	57.05594	870.47	m	10.31	0.616	M8	1.484
HIP 111221		338.00339	63.19181	870.72	m	9.993	0.294	F5	0.449
HD 343965	HIP 94327	287.98945	22.12296	871.2	m	9.117	-0.584	B9	0.175
HIP 19918		64.0933	82.46295	871.22	m	10.01	0.313	M2	1.55
HIP 38390		117.96024	21.65389	871.36	m	10.35	0.647	G5	1.207
HD 233050	HIP 23389	75.41808	50.73306	871.55	m	9.257	-0.444	K5	2.264
HD 99935	HIP 56065	172.36039	-48.84573	871.84	m	9.44	-0.262	B9 III/IV	-0.01
HD 247149	HIP 27198	86.47896	33.71932	871.97	m	9.447	-0.256	B3	0.103
HIP 94022		287.13778	37.91592	872.13	m	10.44	0.74	K0	1.976
HIP 100655		306.14071	34.6516	872.15	m	9.608	-0.095	B8	0.027
HIP 112010		340.33119	22.76663	872.21	m	9.205	-0.498	K2	1.67
HIP 31901		100.01986	-27.39824	872.22	m	9.17	-0.533	B5	-0.085
HIP 43546		133.03414	81.93345	872.34	m	10.29	0.583	K0	1.023
HIP 14216		45.83173	65.16218	872.51	m	9.681	-0.023	B5	0.489
HIP 110033		334.3002	40.96798	872.53	m	9.471	-0.233	A0	0.084
HD 14464	HIP 10841	34.88934	-25.30258	872.64	m	9.142	-0.562	M1/2 III	1.933
HD 232702	HIP 12724	40.89472	51.53432	872.75	m	9.187	-0.517	B5	0.203
HD 144001	HIP 79274	242.69229	-75.02611	873.11	m	9.345	-0.36	B9.5 V	0.015
HD 14708	HIP 11189	36.02524	54.19817	873.16	m	9.115	-0.59	B8	0.086
HD 140654	HIP 77217	236.48141	-32.01718	873.29	m	9.18	-0.526	K2 III	1.656
HD 230711	HIP 93883	286.7824	17.89305	873.39	m	9.575	-0.131	K5	1.935
HIP 7301		23.50259	64.95548	873.41	m	9.588	-0.118	K0	1.677
HIP 63913		196.45474	-49.17747	873.5	m	10.92	1.216	F0	0.947
HIP 8255		26.56866	71.56731	873.63	m	10.03	0.319		0.182
HIP 39059		119.86141	3.1862	873.65	m	9.221	-0.486	K5	1.902
HIP 11168		35.93817	49.33871	873.76	m	9.265	-0.442	B8	0.028
HD 123589	HIP 69244	212.63453	-60.87285	873.77	m	9.53	-0.177	B8 III/IV	0.091
HD 112593	HIP 63294	194.573	-44.76725	874.05	m	9.339	-0.369	K5/M0 V	1.985
HD 55978	HIP 35087	108.84454	2.0746	874.08	m	9.031	-0.677	G8/K0 III	1.541
HIP 4956		15.89	61.20876	874.22	m	9.231	-0.477	K 5 V	2.231
HD 116780	HIP 65611	201.79312	-59.7046	874.24	m	10.37	0.664	B8 V	0.012
HIP 107597		326.90906	-75.4891	874.47	m	9.953	0.244	K5	1.112
HIP 65248		200.57266	6.34528	874.8	m	10.01	0.304	M0	1.928
HD 145702	HIP 79602	243.64583	-48.32437	874.95	m	9.121	-0.589	G6/8 III	1.422
HD 54598	HIP 34525	107.30698	-6.45664	875.37	m	9.203	-0.508	A3 III	0.244
HIP 89996		275.44224	-55.43338	875.77	m	9.311	-0.401	K2	2.21
HIP 100198		304.85303	36.34007	875.96	m	12.17	2.462	A5	-0.335
HIP 41197		126.09928	14.11598	876.05	m	9.575	-0.138	M0	1.848
HD 157330	HIP 84948	260.42648	22.92111	876.06	m	10.36	0.644	M9	0.86
HD 174172	HIP 92465	282.66051	-34.36761	876.12	m	9.125	-0.588	K1 III (+ G)	1.415
HIP 39674		121.61113	76.14027	876.13	m	10.79	1.079	K0	1.163
HIP 85644		262.53128	47.26811	876.6	m	9.352	-0.362	M2	1.819
HD 106080	HIP 59521	183.09971	-32.07853	876.74	m	9.216	-0.498	K2/3 III	1.824
HD 235602	HIP 107316	326.05424	55.21049	876.74	m	9.347	-0.367	B3	0.217
HIP 85904		263.32086	41.78491	876.78	m	10.27	0.553	M8	1.751
HIP 17646		56.70849	30.80928	876.97	m	10.53	0.815	A0	0.358
HIP 39082		119.93772	-35.42485	876.99	m	9.612	-0.103	M0	1.978
HD 109814	HIP 61616	189.40853	12.66955	877.01	m	9.129	-0.586	K0	1.608
HIP 92055		281.44325	7.22006	877.02	m	10.15	0.434	F3IB	1.132
HD 125250	HIP 69968	214.76353	-34.40886	877.19	m	9.086	-0.629	K4 III	1.875
HD 59716	HIP 36469	112.56197	-26.35099	877.27	m	9.655	-0.061	AP SI	-0.119
HD 152683	HIP 82881	254.07228	-34.10064	877.36	m	9.281	-0.435	G8 III	1.619
HIP 50697		155.28797	-34.78854	877.39	m	10.8	1.084	M7IIIe	0.969
HD 55806	HIP 35021	108.66022	2.90193	877.45	m	9.157	-0.559	B7 Ib	0.096
HIP 17176		55.18201	66.66194	877.53	m	9.816	0.1	K2	1.912
HIP 82322		252.31173	-69.533	877.54	m	9.342	-0.374	K5	1.987
HD 232603	HIP 9984	32.14642	52.28194	877.55	m	9.54	-0.176	B9	0.096
HD 40254	HIP 28324	89.76212	31.03024	878.03	m	9.481	-0.237	B8	0.041
HIP 47234		144.41305	10.75613	878.4	m	9.12	-0.598	K5	1.785
HD 15372	HIP 10436	33.61761	-84.6237	878.54	m	9.942	0.223	B9 IV/V	0.154
HD 175195	HIP 92907	283.94871	-36.57664	878.58	m	9.255	-0.464	K3 III	1.884
HD 79280	HIP 45384	138.72559	49.96656	878.81	m	9.29	-0.429	K2	1.702
HD 236549	HIP 3958	12.69819	58.75422	878.82	m	9.014	-0.705	A0	0.074
HIP 17953		57.57782	83.35697	878.86	m	9.132	-0.588	M1	1.956
HD 141826	HIP 77501	237.38046	39.57164	878.88	m	9.883	0.163	N2	3.667
HIP 13329		42.87883	-15.44275	879	m	10.39	0.675	F5	1.238
HIP 104970		318.92746	34.91727	879.03	m	9.595	-0.125	K0	1.079
HD 180275	HIP 94738	289.17412	-19.30767	879.04	m	10.15	0.427	M2E	0.626
HD 173033	HIP 91853	280.90496	-6.89185	879.16	m	9.35	-0.37	K2/3	2.143
HD 208197	HIP 108269	329.01869	-51.61164	879.24	m	9.442	-0.279	G3 V	0.955
HIP 91156		278.96717	10.02969	879.5	m	10.52	0.802	B8	-0.012
HIP 96723		294.93423	-21.60598	879.56	m	9.012	-0.709	K5	2.126
HD 47016	HIP 31413	98.75619	-33.21622	879.66	m	9.156	-0.566	G6 III	1.011
HIP 40442		123.86619	-37.36746	879.68	m	9.283	-0.439		1.665
HD 159783	HIP 86276	264.42819	-28.64662	879.91	m	9.118	-0.604	B5/7 III	0.16
HIP 25857		82.79756	40.69013	879.95	m	9.625	-0.097	K2	1.943
HIP 88308		270.50921	29.56012	879.98	m	9.736	0.014	M5	1.889
HD 284382	HIP 20391	65.49756	22.25631	880.03	m	9.645	-0.077	K 5 III	1.974
HIP 57002		175.28873	75.47264	880.17	m	10.27	0.549	M5	1.692
HIP 30479		96.10458	-47.40628	880.19	m	9.172	-0.551	K2	1.787
HD 337487	HIP 93484	285.5808	25.38387	880.22	m	10.5	0.776	B8	0.059
HIP 21574		69.49377	43.59514	880.23	m	10.77	1.046		3.383
HIP 62210		191.25679	48.259	880.35	m	10.09	0.368	K0III	1.148
HD 5496	HIP 4396	14.094	-31.18378	880.38	m	10.54	0.82	B9 V	-0.035
HIP 18593		59.68183	69.01652	880.49	m	9.552	-0.172	B5	0.634
HIP 37242		114.73042	16.09644	880.58	m	9.001	-0.723	M0	1.967
HIP 64448		198.14258	-27.56805	880.71	m	9.392	-0.332	K5	1.616
HD 51984	HIP 33586	104.66259	-22.53611	880.92	m	9.313	-0.412	B5 III	-0.108
HIP 64488		198.27657	37.37699	881	m	9.909	0.184	K 3 III	1.539
HIP 15896		51.18882	64.68948	881.01	m	10.53	0.808	A2	0.401
HIP 110251		334.98332	16.87262	881.36	m	9.218	-0.508	M2	1.744
HD 68707	HIP 40271	123.3544	-4.06488	881.37	m	9.289	-0.437	K2 (III)	1.692
HD 69874	HIP 40720	124.67788	-8.85267	881.51	m	9.775	0.049	G6/8 III	1.18
HIP 86439		264.92528	16.56008	881.62	m	9.53	-0.196	M5	1.693
HIP 106874		324.69872	65.39613	881.7	m	10.44	0.714	A5	0.404
HD 27591	HIP 19782	63.60774	-73.6451	881.77	m	9.108	-0.619	K2 III	1.568
HD 213944	HIP 111402	338.53372	47.07119	881.78	m	10.69	0.958	A2V	0.27
HIP 53753		164.96106	-30.9094	882.02	m	9.261	-0.466	K2	1.803
HIP 85202		261.16139	10.14681	882.07	m	9.831	0.103	K5	1.829
HIP 23581		76.0458	46.86479	882.13	m	9.475	-0.253	K0	1.479
HD 103545	HIP 58139	178.86318	9.12917	882.13	m	9.557	-0.171	K0	0.819
HIP 109911		333.91202	49.9545	882.19	m	10.01	0.286	B8	0.034
HD 7874	HIP 6098	19.57013	-11.52731	882.45	m	9.177	-0.551	M1/2 III	2.046
HD 232190	HIP 2192	6.92272	51.46435	882.61	m	9.143	-0.586	A0	0.13
HD 256294	HIP 30362	95.78806	8.90698	882.64	m	9.611	-0.118	B8	-0.069
HD 34910	HIP 24926	80.1104	-11.58076	882.65	m	9.712	-0.017	A1/2 III	0.235
HIP 79390		243.04006	15.72386	882.78	m	10.85	1.121	G5	1.266
HIP 64810		199.24922	-30.01509	882.96	m	9.78	0.05	K2	1.643
HIP 61031		187.62709	-26.04755	883.06	m	10.66	0.931	A5	0.226
HIP 11356		36.56156	-22.9181	883.08	m	9.25	-0.48	K2	1.601
Gl 2040	HD 242703|HIP 24846	79.89551	3.87389	883.17	m	9.723	-0.007	M 0 V	1.236
HIP 104899		318.7283	4.59941	883.23	m	9.414	-0.316	K5	1.871
HD 166097	HIP 88887	272.18915	9.45216	883.59	m	9.889	0.158	R4	1.789
HD 26777	HIP 19698	63.29983	-25.29324	883.6	m	9.22	-0.511	K1 (III)	1.682
HIP 10591		34.09562	3.10298	883.66	m	9.426	-0.305	M0	2.114
HIP 11657		37.58638	46.84566	883.67	m	9.632	-0.099	B8	0.005
HIP 109376		332.37088	26.76842	883.79	m	9.208	-0.524	M2	1.782
HD 177902	HIP 93793	286.51568	15.195	883.8	m	9.738	0.006	B9	0.273
HD 20464	HIP 15186	48.935	-45.54089	883.94	m	9.19	-0.542	M3 (III)	1.771
HIP 72281		221.71803	-53.3494	884.49	m	11.21	1.473	M1V:	1.836
HIP 41785		127.8014	-60.22208	884.58	m	11.21	1.472	Gp	0.735
HIP 47130		144.05393	5.71805	884.61	m	10.09	0.356	M2	1.662
HIP 112766		342.55841	-40.9619	885.14	m	10.24	0.501	F8	0.547
HD 235122	HIP 99422	302.6936	52.71446	885.27	m	9.146	-0.589	K5	2.029
HD 49900	HIP 32392	101.42715	-66.34256	885.45	m	9.058	-0.678	M3 III	1.892
HIP 63030		193.74017	9.95008	885.56	m	9.682	-0.054	K2	1.338
HD 119810	HIP 67179	206.5119	-33.46752	885.58	m	9.088	-0.648	M3 (III)	1.766
HD 218851	HIP 114452	347.6924	46.30296	885.71	m	10.09	0.352	R2	1.589
HIP 106919		324.80868	57.80133	885.72	m	10.15	0.415	B 3: VNNPE	0.232
HD 252804	HIP 29338	92.77751	25.57554	885.77	m	9.752	0.015		1.7
HIP 24621		79.20652	-24.59148	886.06	m	9.395	-0.342	M3	1.676
HD 127804	HIP 71435	219.11393	-66.2309	886.15	m	9.486	-0.252	B9 III	0.207
HD 132420	HIP 73603	225.67432	-67.31087	886.19	m	9.367	-0.371	B7/9 IB/II	-0.015
HIP 106485		323.51348	47.29481	886.45	m	9.392	-0.346	B8	0.064
HD 181803	HIP 95152	290.39465	8.87294	886.63	m	9.149	-0.59	B9	0.395
HIP 44943		137.3158	74.88907	886.73	m	9.486	-0.253	M4	1.635
HIP 46009		140.75049	30.19712	886.79	m	9.149	-0.59	M0	1.986
HD 233791	HIP 53551	164.32578	52.90681	886.79	m	10.21	0.472	B9	0.015
HD 166021	HIP 88991	272.45599	-27.19403	886.88	m	10.31	0.574	A8/9 (III)	0.397
HD 146916	HIP 79919	244.68885	-1.10107	886.94	m	9.044	-0.695	K4/5 (III)	1.987
HIP 49055		150.15091	48.25619	887	m	9.311	-0.429	K5	1.58
HIP 32424		101.52881	-27.31189	887.11	m	10.21	0.472	B8V	-0.041
HD 23693	HIP 17599	56.55228	-25.53193	887.15	m	9.091	-0.649	M2/3 III	1.783
HIP 112996		343.25684	-54.82937	887.8	m	9.494	-0.248	M0	1.911
HIP 66462		204.3854	40.82019	887.91	m	10.73	0.986	K 2 III	1.106
HIP 35916		111.05944	-8.88762	887.91	m	9.621	-0.121	A0	-0.032
HIP 88031		269.71821	15.59835	888	m	10.01	0.27	K0	1.608
HD 541	HIP 812	2.50683	44.10965	888.29	m	9.135	-0.608	K0	1.203
HIP 3822		12.26898	-22.3609	888.31	m	10.34	0.594	G5	1.053
HD 117222	HIP 65827	202.41447	-39.60497	888.53	m	9.293	-0.45	K5 (III)	1.83
HIP 90684		277.54392	-19.85163	888.54	m	10.78	1.036		1.231
HIP 62995		193.62347	44.99598	888.61	m	10.54	0.798	G7III	1.071
HIP 4458		14.2926	-19.83285	888.66	m	10.31	0.567		0.712
HIP 43072		131.59713	-4.57051	888.7	m	9.061	-0.683	K2	1.623
HIP 40521		124.10592	-2.88565	888.75	m	9.336	-0.408	K3	1.75
HIP 100890		306.85529	-4.73085	888.95	m	9.82	0.076	M1	1.998
HIP 108943		331.07548	21.79507	888.99	m	9.387	-0.357	M2	1.779
HIP 87784		268.97951	-70.52705	889.14	m	10.62	0.877		1.185
HIP 109852		333.73146	49.79356	889.2	m	9.105	-0.64	B 8 V	0.107
HD 43206	HIP 29757	94.00058	23.78326	889.36	m	9.216	-0.529	F6V	0.148
HD 192687	HIP 99866	303.92662	13.84914	889.38	m	9.215	-0.53	A0(P)	0.034
HD 252705	HIP 29296	92.64487	22.58586	889.39	m	9.991	0.246		1.512
HIP 102704		312.14931	35.91071	889.41	m	9.044	-0.702	B8	-0.098
HIP 31814		99.77253	-70.74509	889.43	m	9.234	-0.512	M3	1.89
HD 155909	HIP 84390	258.79999	-18.30582	889.56	m	10.02	0.272	K2 (III)	1.47
HIP 80190		245.56729	18.53719	889.64	m	10.95	1.206	K	1.091
HIP 3680		11.77166	43.64919	889.79	m	10.58	0.832		-0.023
HIP 100652		306.13595	45.6337	889.8	m	9.431	-0.315	B8	0.228
HD 49867	HIP 32722	102.39809	-22.8495	889.82	m	10.12	0.374	B7 V	-0.157
HIP 12796		41.11294	41.57287	890.01	m	9.558	-0.189	K5	1.707
HIP 26927		85.72812	-16.77124	890.18	m	10.12	0.37		1.373
HIP 9605		30.88355	34.36856	890.25	m	9.322	-0.426	K5	1.785
HIP 89645		274.41401	34.9184	890.27	m	10.08	0.335	M5	1.672
HD 63218	HIP 37893	116.48899	-42.19554	890.32	m	9.806	0.058	M2/3E	1.131
HIP 2529		8.02133	30.54417	890.72	m	10.34	0.595	R0	1.39
HIP 72962		223.668	-28.16451	890.77	m	9.96	0.211	K0	1.854
HIP 117618		357.81012	16.14078	891.07	m	9.321	-0.429	M2	1.891
HIP 76012		232.86976	21.22195	891.33	m	10.25	0.502	K2	1.544
HD 52614	HIP 33796	105.2622	-22.52468	891.43	m	9.309	-0.441	B5 V	-0.067
HIP 6323		20.29212	6.34675	891.69	m	11.27	1.515	K7	2.356
HIP 590		1.79242	34.85379	891.83	m	9.163	-0.588	M5	1.748
HIP 30319		95.65459	-62.63866	891.96	m	9.024	-0.728	M0	1.87
HIP 6392		20.53296	33.51116	892.01	m	10.34	0.584	K0	1.293
HIP 35689		110.45871	-47.98174	892.12	m	10.88	1.123	Gp...	1.124
HD 181416	HIP 95046	290.0844	3.80306	892.25	m	9.21	-0.542	B9 III	0.263
HIP 21919		70.70395	-20.14004	892.27	m	9.804	0.052	M0	2.014
HIP 104144		316.49674	34.07244	892.3	m	9.13	-0.623	K5	1.787
HD 223643	HIP 117657	357.92065	-70.87054	892.34	m	9.178	-0.575	M0	1.896
HD 108701	HIP 60938	187.34552	-1.23302	892.4	m	9.012	-0.741	M1 III	2.035
HIP 64717		198.96675	37.61696	892.56	m	9.684	-0.069	G 8 IV	1.127
HD 247586	HIP 27394	87.02135	32.73948	892.64	m	10.68	0.929	F2	0.385
HD 167582	HIP 89648	274.41747	-39.54228	892.82	m	9.409	-0.345	K1 V	1.18
HIP 70428		216.11571	47.53104	892.96	m	9.554	-0.2	M0	1.86
HIP 97356		296.82297	9.30774	893.06	m	9.838	0.084	B8	0.017
HIP 101790		309.43799	46.66494	893.21	m	9.672	-0.083	B5	0.151
HIP 6947		22.3631	21.02278	893.52	m	9.281	-0.475	M1	1.891
HD 289997	HIP 24053	77.53267	-0.28292	893.54	m	9.93	0.174	B 8 V	0.068
HIP 91634		280.31641	28.72255	893.68	m	11.44	1.685	F2.5	0.602
HD 217463	HIP 113538	344.92864	62.77733	893.73	m	9.105	-0.651	B2V	0.518
HD 215040	HIP 112047	340.42388	44.00166	893.75	m	9.434	-0.322	K5	2.025
HD 207312	HIP 107675	327.17414	-29.27719	893.78	m	9.661	-0.095	G2/3 V(W)	1.01
HIP 72342		221.89694	16.84544	893.83	m	10.6	0.843	F2	0.289
HD 128574	HIP 71826	220.39288	-70.37868	893.86	m	9.534	-0.222	AP SI	0.036
HIP 11838		38.20652	58.2072	893.87	m	10.51	0.751		1.586
HIP 43457		132.76732	38.06082	894.12	m	9.41	-0.347	K5	1.844
HD 129965	HIP 72313	221.82278	-50.35205	894.24	m	9.885	0.128	B8 V	-0.006
HIP 72346		221.91028	-3.97372	894.39	m	9.633	-0.125	M1	1.982
HD 302563	HIP 49605	151.87788	-59.05721	894.51	m	9.289	-0.469	B8	-0.046
HIP 4321		13.82131	36.05185	894.56	m	9.065	-0.693	K5	1.826
HD 112329	HIP 63148	194.08882	-43.44123	894.83	m	9.339	-0.42	K2 III	1.752
HIP 1922		6.06869	12.78379	894.87	m	10.5	0.743	K2	1.276
HD 41023	HIP 28257	89.56057	-62.75498	894.92	m	9.193	-0.566	K0 III	1.299
HIP 81258		248.95462	-45.65215	895.06	m	10.97	1.21	B7V	0.023
HIP 65527		201.48802	22.08629	895.13	m	10.75	0.99		0.037
HD 3918	HIP 3257	10.37138	-33.73464	895.29	m	9.104	-0.656	K	1.804
HIP 74323		227.865	-36.24222	895.53	m	10.78	1.017		0.998
HD 346226	HIP 100200	304.85645	24.36262	895.6	m	10.56	0.799	B8	0.286
HIP 97991		298.72002	12.76619	895.72	m	10.81	1.05	A2	1.292
HD 220289	HIP 115398	350.64179	10.37359	896.05	m	9.319	-0.443	K	1.559
HIP 102190		310.58478	19.16088	896.25	m	13.28	3.52	pec(NOVA)	-1.253
HD 23455	HIP 17429	56.01137	-34.05803	896.25	m	9.668	-0.094	K2 III	1.683
HD 40644	HIP 28127	89.18317	-56.12038	896.58	m	9.067	-0.696	M1 III	1.957
HIP 118172		359.56983	56.47106	896.76	m	10.63	0.863		0.505
HIP 99787		303.6944	49.72556	896.84	m	9.474	-0.29	B8	0.045
HIP 57520		176.84113	-50.21154	897.12	m	10.92	1.16	G	0.446
HD 52726	HIP 33828	105.34009	-25.20604	897.19	m	9.313	-0.451	B7/8 V	-0.092
HIP 51110		156.6315	62.34654	897.38	m	10.14	0.373	M8	1.388
HIP 113624		345.18153	3.5811	897.4	m	9.515	-0.25	K5	1.923
HIP 35584		110.14817	-46.70838	897.48	m	11.34	1.573	A3-F5II-III	0.236
HD 146774	HIP 79931	244.71478	-22.76072	897.68	m	9.547	-0.219	G2/3 V	1.123
HIP 51744		158.58202	72.42909	897.77	m	10.44	0.676		1.791
HD 33073	HIP 23771	76.63341	-28.56029	897.84	m	9.574	-0.192	F3 V	0.751
HIP 61895		190.25973	18.11503	898.09	m	9.572	-0.195	G5	1.289
HD 125667	HIP 70189	215.39621	-30.88448	898.17	m	9.309	-0.458	M0 III	1.956
HD 237856	HIP 48966	149.83537	56.10901	898.44	m	9.66	-0.107	K2	1.622
HD 54842	HIP 34470	107.16255	-38.64119	898.47	m	9.206	-0.562	K4/5 (III)	1.994
HD 75532	HIP 43320	132.37749	-32.10353	898.56	m	9.462	-0.306	K3/4 (III)	2.052
HIP 76312		233.81761	-50.99331	898.58	m	10.16	0.391	G5	0.893
HIP 82863		254.011	-78.78306	898.99	m	10.07	0.298	K5	1.565
HIP 103047		313.16947	84.65886	899.01	m	10.98	1.214	K	1.379
HIP 113326		344.26791	-22.05901	899.14	m	10.58	0.813	G5	1.075
HD 78810	HIP 44930	137.28076	-35.92414	899.17	m	9.003	-0.766	A0 IV	0.068
HIP 36162		111.74322	-1.45179	899.26	m	9.626	-0.143	A5	1.933
HD 343797	HIP 93939	286.91461	23.53715	899.62	m	9.725	-0.045	B8	0.154
HD 120571	HIP 67565	207.67674	-20.57039	899.64	m	9.405	-0.365	K0 II	1.344
HIP 75435		231.17334	39.64888	899.95	m	10.07	0.296	K8	1.394
