1A 0620-00	N Mon 1975	95.68559	-0.34566	588.86	e	LMXB	RP, BH, XT, MQ?, US	K3V-K7V	0.3229	6.64	2
GS 2023+338	V404 Cyg	306.01591	33.86718	1238.4	e	LMXB	US, BH, XT, RP	G9/K0III/V	6.475	10	2
GRS 1009-45	N Vel 1993	153.40168	-45.0757	1486.1	e	LMXB	US, BH, XT	G5V-M0V	0.285	4.4	2
MAXI J1820+070	ASASSN -18ey	275.09141	7.18533	1819.6	e	LMXB	XT, BH, MQ?	K3-5	0.6855	6.75	2
XTE J1908+094		287.22113	9.38473	2000	e	LMXB	RP, XT, BH?, MQ?				1
GS 2000+25	QZ Vul	300.70658	25.23647	2000	e	LMXB	RP, BH, XT, US, PSH	K3V-K6V	0.3442	7.5	2
Cyg X-1	HD 226868	299.59029	35.20158	2103	e	HMXB	BH,MQ,RS,SG,US	O9.7Iabpvar	5	21.2	2
GRO J0422+32	V518 Per	65.42801	32.90748	2490	e	LMXB	BH, XT, RP, PSH	M1-M5	0.2122	2.7	2
Swift J1357.2-0933	J1357-0932	209.32015	-9.54411	2500	e	LMXB	BH, XT	M4.5V	0.11	10.9	2
XTE J1817-330		274.43142	-33.01853	2500	e	LMXB	RP, XT, BH?				1
XTE J1650-500	J1650-4957	252.50394	-49.96229	2600	e	LMXB	BH, XT, RP	K4V	0.3179	7.3	2
GRO J1655-40	XN Sco 1994	253.50057	-39.8458	3138.7	e	LMXB	RP, BH, MQ, DS, XT	F6III/F7IV	2.62	6.59	2
HD 96670	ALS 2167	166.808	-59.8731	3207	e	HMXB	BE,BH	O8.5f(n)p	5.28	6.2	2
XTE J1118+480	J1118+4802	169.54485	48.03672	3278.5	e	LMXB	RP, BH, MQ, XT, PSH	K5V-M1V	0.17	7.29	2
MAXI J1348-630		207.05308	-63.27492	3390	e	LMXB	XT, BH?			8.7	1
XTE J1818-245		274.60179	-24.53831	3500	e	LMXB	RP, XT, BH?				1
GRO J1719-24	XN Oph 1993	259.90383	-25.01781	4000	e	LMXB	BH?, XT, RP, PSH?	M0-5/5	0.6127	7.6	1
XTE J1856+053		284.17875	5.30953	4000	e	LMXB	XT, BH?	M-K?	0.5	4.2	1
XTE J1859+226	J1858+2230	284.67325	22.65817	4200	e	LMXB	SH, RP, XT, BH, MQ?	G5V-K0V	0.3817	5.4	2
GS 1124-684	N Mus 1991	171.61078	-68.67581	4239.9	e	LMXB	RP, BH, XT, US, PSH	K3V-K7V	0.4325	6.95	2
TrA X-1	1A 1524-61	232.07071	-61.88272	4400	e	LMXB	XT, US, BH?		0.3333		1
XTE J1550-564	J1550-5628	237.74438	-56.47648	4400	e	LMXB	BH, MQ, XT, RP	K0-K5	1.552	9.1	2
MAXI J1631-479		247.80925	-47.80651	4500	e	LMXB	XT, BH?, RP			15	1
NGC 104-X9	RX J0021.8-7221	6.01777	-72.0828	4530	e	LMXB	XT, BH?, RP, GC	WD?	0.01957		1
V4641 Sgr	SAX J1819.3-2525	274.84014	-25.40718	4672.6	e	LMXB	BH, MQ, XT	B9III	2.817	6.4	2
IGR J11321-5311		173.025	-53.18333	5000	e	LMXB	XT, BH?				1
EXO 1846-031		282.32103	-3.06535	5000	e	LMXB	XT, RP, US, BH?			12	1
MAXI J1535-571		233.83225	-57.22967	5400	e	LMXB	XT, RP, MQ, BH?			10.39	1
CXOU J174805.0-244643	Ter5-VLA31	267.0209	-24.77885	5900	e	LMXB	BH?, RP?, GC				1
AT2019wey	SRGA J043520.9+552226	68.847	55.37618	6000	e	LMXB	XT, RP, MQ?, BH?		0.6667		1
MAXI J1659-152	GRB100925A	254.75712	-15.25804	6000	e	LMXB	BH?, XT	M2/M5	0.1008	5.7	1
XTE J1752-223		268.06288	-22.34233	6000	e	LMXB	XT, BH	M0		9.5	2
XTE J2012+381		303.15731	38.18352	6000	e	LMXB	XT, US, RP, BH?	F0/F3			1
4U 1658-48	GX 339-4	255.70575	-48.78977	6494.3	e	LMXB	RP, BH, MQ, XT, US	F8-G2/3	1.756	5.8	2
XTE J1720-318		259.99578	-31.75034	6500	e	LMXB	BH?, XT, RP				1
SS 433	4U 1908+05	287.95651	4.98271	6806	e	HMXB	BE,BH,EB,MQ,RS	A3-7 I	13.1	4.2	2
MAXI J1305-704	J1306-7027	196.73033	-70.45142	7500	e	LMXB	BH, XT	K	0.394	8.9	2
GRS 1739-278		265.66652	-27.74799	7500	e	LMXB	BH, XT, RP			9.5	2
CXOGC J174540.0-290031	J1745-2900	266.41679	-29.00861	7940	e	LMXB	RP?, XT, MQ?, EB, BH?	K0?	0.3292		1
XTE J1652-453		253.08486	-45.34443	8000	e	LMXB	XT, BH?			10	1
XMMSL1 J171900.4-353217	XTE J1719-356	259.7525	-35.53872	8000	e	LMXB	XT, BH?				1
IGR J17285-2922	XTE J1728-295	262.162	-29.36211	8000	e	LMXB	BH?, RP?, XT		0.3875		1
RX J1739.4-2942	GRS 1736-297	264.87493	-29.70242	8000	e	LMXB	XT, BH?, XP?, RP	Be?			1
IGR J17454-2919		266.36535	-29.33151	8000	e	LMXB	BH?, XT	M-K?			1
XTE J1748-288		267.02108	-28.47383	8000	e	LMXB	XT, MQ, RP, BH				2
IGR J17497-2821		267.40828	-28.35501	8000	e	LMXB	XT, BH?				1
SLX 1746-331		267.45392	-33.20322	8000	e	LMXB	US, XT, BH?				1
MAXI J1803-298		270.76162	-29.83046	8000	e	LMXB	XT, BH?	em	0.3208	5.8	1
MAXI J1828-249		277.24196	-25.02941	8000	e	LMXB	XT, BH?	A-F		4	1
MAXI J1836-194		278.93096	-19.32003	8000	e	LMXB	XT, BH?	M2	0.2042	7	1
4U 1630-47	X Nor X-1	248.50661	-47.39315	8100	e	LMXB	RP, US, DS, XT, BH			10	2
4U 1755-33	V4134 Sgr	269.66678	-33.80751	8439.7	e	LMXB	US, DS, XT, BH?		0.1833		1
SAX J1711.6-3808		257.90489	-38.11839	8500	e	LMXB	BH?, XT				1
IGR J17269-4737	XTE J1727-476	261.70533	-47.64025	8500	e	LMXB	BH?, XT				1
GRS 1730-312	AX J1733.9-3112	263.46792	-31.20694	8500	e	LMXB	BH?, XT				1
GRO J1735-27	RX J1735.9-2726	264.00833	-27.42806	8500	e	LMXB	BH?, XT, US				1
GRS 1737-31		265.0375	-31.04	8500	e	LMXB	BH?, XT				1
KS 1739-304		265.68333	-30.51417	8500	e	LMXB	BH?, XT				1
H1743-322	IGR J17464-3213	266.56503	-32.2335	8500	e	LMXB	RP, US, MQ, XT, BH			15	2
GRS 1758-258	1758-2544	270.30167	-25.74339	8500	e	LMXB	RP, MQ, XT, BH?, US	A5V?	0.58	10	1
4U 1543-47	IL Lup	236.78444	-47.66955	8600	e	LMXB	US, BH, XT, RP	A2/5	1.117	9.4	2
H 1705-25	N Oph 1977	257.06042	-25.09175	8600	e	LMXB	BH, XT	K3V-K7V	0.5225	6.65	2
MAXI J0637-430		99.09875	-42.86781	8700	e	LMXB	XT, BH?, RP?		0.09167	5.1	1
SWIFT J1753.5-0127	J1753-0127	268.36788	-1.45175	8800	e	LMXB	RP, XT, MQ?, BH?, PSH	K0V/G0V	0.1352	7.4	1
4U 1957+11	V1408 Aql	299.85003	11.70828	9433.9	e	LMXB	US, BH?		0.3887	3	1
IGR J17361-4441		264.07257	-44.73499	9600	e	LMXB	GC, XT, BH?				1
MAXI J1543-564		235.82228	-56.41366	10000	e	LMXB	XT, BH?				1
IGR J18175-1530		274.39292	-15.51139	10000	e	LMXB	XT, BH?, RP?				1
IGR J17098-3628		257.44219	-36.46593	10500	e	LMXB	BH?, RP?, XT				1
IGR J17091-3624		257.28171	-36.40709	11000	e	LMXB	XT, BH?, MQ			8.7	1
GRS 1915+105	V1487 Aql	288.79824	10.94592	11000	e	LMXB	RP, BH, MQ, DS, XT, PSH	K/3	33.5	10.1	2
MAXI J1727-203	MASTER OT J172829.90-202255.9	262.12466	-20.3823	15500	e	LMXB	XT, BH?	M-K?		11.5	1
IGR J17177-3656		259.42758	-36.93458	23000	e	LMXB	XT, BH?, MQ?			10	1
GS 1354-64	BW Cir	209.54041	-64.73481	42500	e	LMXB	US, BH, XT, RP	G0-5/3	2.545	7.6	2
mu.02 Cru	DUN 126B	193.65345	-57.16871	123	e	HMXB	BE	B5Vne			0
HR 4804	I 296AB	189.81024	-75.37063	208	e	HMXB	BE	B8Vn(e)			0
IGR J11187-5438		169.58857	-54.62476	268.49	e	LMXB					0
IGR J19308+0530	TYC 486-295-1	292.71148	5.51614	321.13	e	LMXB	QNS?	F8-G0V-III	0.6109	1.4	0
HD 110432	1H 1249-637	190.70932	-63.05864	468	e	HMXB	BE,Gcas	B0.5IVpe	226		0
4U 1700+24	V934 Her	256.64376	23.97182	524.1	e	LMXB		M3 III	4391	1.35	0
4U 0352+309	3U 0352+30	58.84615	31.04584	629	e	HMXB	BE,CL,XP	B0Ve	250.3		0
CCDM J07474-5320A	CD-53 2004	116.84824	-53.33241	650	e	HMXB	BE	B7 IV-Ve			0
TYC 6824-713-1		258.54802	-29.53314	680.75	e	LMXB	GC?, QNS?			1.4	0
2MASS J17142095-2929163		258.58732	-29.48789	686.56	e	LMXB	GC?, QNS?			1.4	0
AX J1755.7-2818		268.92846	-28.3026	705.63	e	LMXB					0
PSR J1723-2837		260.84658	-28.63267	806.1	e	LMXB	EB, XP	G	0.6167	1.4	0
Cen X-4	4U 1456-32	224.5914	-31.669	865.52	e	LMXB	XB, RP, XT	K3-K7V	0.6292	1.7	0
CXOGBS J175553.2-281633		268.97192	-28.2761	897.81	e	LMXB					0
2XMM J182854.6-112656		277.22756	-11.449	949.97	e	LMXB					0
GX 349+2	3A 1702-363	256.43538	-36.42309	1012.5	e	LMXB	ZS, RP		0.9375	1.4	0
Ginga 0834-430	Ginga 0834-43	128.97913	-43.18818	1015	e	HMXB	BE,XP,XT	B0-2III-Ve	105.8		0
1H 2202+501	AG+49 1900	330.40919	50.16795	1117	e	HMXB	BE	B3e			0
4U 2129+47	V1727 Cyg	322.85921	47.29012	1123.4	e	LMXB	DC, XB, XT, EB	F7/5	0.2183		0
HD 161103	RX J1744.7-2713	266.19069	-27.22903	1218	e	HMXB	BE,Gcas	B0.5 III-Ve			0
IGR J18462-0223	2MASS J18461279-0222261	281.5533	-2.37391	1256	e	HMXB	SG,XT				0
2S 0918-549	4U 0919-54	140.1103	-55.2068	1264.3	e	LMXB	XB		0.01208		0
SS 397	2MASS J18332777-1035243	278.3657	-10.59012	1271	e	HMXB	Gcas	B0.5Ve			0
HD 34921	AG+37 584	80.6468	37.67599	1330	e	HMXB	BE	B0 IVpe			0
HD 141926	I 549A	238.59067	-55.32899	1352	e	HMXB		B2 IIIn			0
AX J1735.8-3207		263.94284	-32.1194	1405.9	e	LMXB	XT?				0
PSR J1023+0038	USNO-A2.0 0900-06678908	155.9487	0.64465	1417.9	e	LMXB	XT, RP, QNS	GV	0.1981	1.71	0
AX J1700.2-4220	HD 153295	255.10519	-42.31675	1465	e	HMXB	BE	B2e	44.12		0
HD 153919	4U 1700-37	255.98657	-37.84412	1466	e	HMXB	EB,RS,SG	O6Iafcp	3.41	1.96	0
HD 119682	1WGA J1346.5-6255	206.63567	-62.92339	1535	e	HMXB	Gcas	B0Ve	90		0
IGR J11305-6256	HD 100199	172.77874	-62.94692	1654	e	HMXB	BE	B0IIIne	120.8		0
1A 0535+262	3A 0535+262	84.72739	26.31578	1657	e	HMXB	BE,CL,HT,QPO,RS,XP,XT	O9.7IIIe	110.6		0
PSR J2032+4127	3EG J2033+4118	308.05467	41.45676	1679	e	HMXB	GP	B0:e/B0:Vn			0
HESS J0632+057	1RXS J063258.3+054857	98.2469	5.80032	1695	e	HMXB	GP	B0Vpe	316.8		0
Sco X-1	H 1617-155	244.97942	-15.64034	1715	e	LMXB	ZS, MQ, RP	M4-M5	0.7875	1.44	0
SAX J1828.5-1037		277.14073	-10.61772	1758.6	e	LMXB	XB				0
CXOGBS J174623.5-310550		266.59785	-31.09719	1800	e	LMXB		M0-M5	0.09167		0
HD 249179	AAO+28 342	88.97934	28.78511	1811	e	HMXB	BE	B5ne			0
3U 1258-61	4U 1258-61	195.3212	-61.60184	1853	e	HMXB	BE,CL,XP,XT	B2 Vne	133		0
IGR J14331-6112	CXO J143308.3-611539	218.28465	-61.26107	1865	e	HMXB	BE	early BIII or mid BV			0
HD 77581	Vel X-1	135.52856	-40.55465	1869	e	HMXB	CL,EB,RS,SG,XP	B0.5 Ib	8.96		0
LS 5039	3EG J1824-1514	276.56277	-14.84844	1886	e	HMXB	GP,RS	ON6V((f))z	3.9		0
XTE J1739-302	IGR J17391-3021	264.79813	-30.34381	1971	e	HMXB	SG,XT	O8Iab(f)	51.47		0
HD 215227	AGL J2241+4454	340.73874	44.72172	1972	e	HMXB	BE,BH	B1.5-B2III	60.37		0
NGC 6649 9	Cl* NGC 6649 WL 9	278.36792	-10.40243	1991	e	HMXB	Gcas	B0Ve			0
4U 1145-619	4U 1145-61	177.00003	-62.20691	2034	e	HMXB	BE,XP,XT	B0.2 III	187.5		0
EXO 2030+375	INTEGRAL1 117	308.06363	37.63743	2077	e	HMXB	BE,CL,XP,XT	B0Ve	46.02		0
XSS J12270-4859		186.99466	-48.8952	2093.9	e	LMXB	XT, RP	G5-F5/5	0.2879	1.4	0
PSR B1259-63	LS 2883	195.69849	-63.83573	2098	e	HMXB	GP	O9.5Ve	1237		0
SAO 49725	RX J2030.5+4751	307.6285	47.86407	2180	e	HMXB	BE,Gcas	B0.5III-Ve			0
2MASS J16233414-2631336	NGC 6121-CX1	245.89212	-26.52599	2188.6	e	LMXB	GC, QNS?		0.2628		0
4FGL J0427.8-6704	1SXPS J042749.2-670434	66.95686	-67.07641	2197.5	e	LMXB	XT, EB, XP?, RP?	K?	0.3667	1.43	0
OAO 1657-415	AX J1700.7-4139	255.20368	-41.65596	2200	e	HMXB	CL,EB,XP	Ofpe/WN9	10.4	1.74	0
IGR J08408-4503	HD 74194	130.19908	-45.05837	2281	e	HMXB	SG,XT	O8.5Ib-II(f)p	9.54		0
BSD 24-491	RX J0440.9+4431	70.24721	44.53034	2287	e	HMXB	BE,CL,XP	B0e	155		0
[GPG2012] X1		295.30867	40.23489	2340	e	LMXB	QNS?, XT?				0
IGR J17544-2619	1RXS J175428.3-262035	268.6053	-26.33127	2359	e	HMXB	CL,SG,XT	O9Ib	4.93		0
IGR J16195-4945	2MASS J16193220-4944305	244.8841	-49.74183	2404	e	HMXB	SG	ON9.7Iab	3.95		0
LS I +61 303	2CG 135+01	40.13193	61.22933	2489	e	HMXB	BE,GP,RS	B0Ve	26.5		0
NGC 6397 U24	CXOGlb J174041.4-534004	265.17284	-53.668	2510	e	LMXB	GS, QNS, RP?			1.4	0
IGR J16194-2810		244.88893	-28.12777	2576.1	e	LMXB		M2III			0
IGR J16465-4507	2MASS J16463526-4507045	251.6469	-45.11796	2638	e	HMXB	SG,XP,XT	B0.5-1Ib	30.32		0
MAXI J0709-159		107.40407	-16.09633	2646	e	HMXB					0
SAX J1818.6-1703	INTREF 896	274.6579	-17.04668	2742	e	HMXB	SG,XT	B0.5Iab	30		0
RX J0146.9+6121	LS I +61 235	26.75088	61.35657	2746	e	HMXB	BE	B1III-Ve	330		0
TYC 3681-695-1	ALS 6507	18.99604	59.15394	2764	e	HMXB	Gcas	B1-2 III/Ve			0
IGR J16374-5043		249.30553	-50.72613	2854	e	HMXB	SG,XT				0
4U 1907+09	1H 1909+096	287.40473	9.83201	2896	e	HMXB	CL,HT,SG,XP,XT	O8-9 Ia	8.37		0
1ES 1210-64.6	4U 1210-64	183.31157	-64.87513	3033	e	HMXB	BE	B5V	6.71		0
4U 2206+54	BD+53 2790	331.98429	54.51843	3097	e	HMXB	BE,CL,QPO,SG,XP	O9.5IIIe	9.57		0
IGR J00291+5934	V1037 Cas	7.26268	59.57195	3100	e	LMXB	XP, XT, RP		0.1025	1.4	0
1FGL J1417.7-4407	J1417-4402	214.37736	-44.04933	3100	e	LMXB	XT, XP	G9	5.374	2	0
XMMU J174445.5-295044		266.18934	-29.84568	3100	e	LMXB	XT	M2 III			0
1A 1118-61	1A 1118-615	170.23817	-61.91671	3119	e	HMXB	BE,CL,XP,XT	O9.5Ve	24		0
XTE J1901+014		285.4175	1.44194	3141.1	e	LMXB					0
IGR J10101-5654	2MASS J10101186-5655320	152.54942	-56.92554	3164	e	HMXB	BE	B0.5Ve or B0Ivpe			0
GRO J1008-57	GRO J1008-571	152.44564	-58.29321	3213	e	HMXB	BE,CL,HT,XP,XT	B0 IIIVe	249.5		0
IGR J00370+6122	BD+60 73	9.29013	61.36013	3248	e	HMXB	SG	BN0.5II-III / BN0.7Ib	15.67		0
4U 1954+31	4U 1954+319	298.9264	32.09693	3256	e	HMXB	SG	M4 I	1297		0
SGR 0755-2933	2SXPS J075542.5-293353	118.92702	-29.56486	3264	e	HMXB		B0Ve	59.52		0
4U 0614+09	2S 0614+091	94.28066	9.13708	3300	e	LMXB	AS, PSH, XB, RP?	WD	0.03562	1.4	0
4U 1636-536	MXB 1636-53	250.23161	-53.75141	3309.6	e	LMXB	AS, BO, XB		0.1583	1.4	0
IGR J17353-3539		263.84839	-35.67026	3344.1	e	LMXB					0
Ginga 1843+009	ALS 19596	281.40347	0.86316	3460	e	HMXB	BE,XP,XT	B0-2IV-Ve			0
SAX J1808.4-3658	XTE J1808-369	272.11518	-36.97864	3500	e	LMXB	XP, RP, XB, XT, BO	M-G?	0.08392	1.4	0
IGR J16320-4751	AX J1631.9-4752	248.0072	-47.87344	3500	e	HMXB	RS,SG,XP	O8I	8.99		0
3U 1223-62	4U 1223-62	186.65645	-62.77036	3536	e	HMXB	CL,SG,XP,XT	B1 Ia+	41.59		0
1E 1603.6+2600	MS 1603+2600	241.44117	25.86254	3574.2	e	LMXB	DC, XB, PSH	M	0.07708	1.4	0
4U 1901+03	1H 1858+031	285.91413	3.20436	3661	e	HMXB	CL,XP,XT	B8-9 IVe	22.58		0
4U 1608-52	QX Nor	243.17963	-52.42329	3700	e	LMXB	XT, BO, XB, AS, RP?		0.5371	1.5	0
CXOGBS J174633.4-262314		266.63934	-26.38722	3729.5	e	LMXB					0
IGR J18483-0311	1RXH J184817.3-031017	282.07169	-3.17137	3779	e	HMXB	SG,XT	B0.5-1Iab	18.55		0
3FGL J1544.6-1125	1RXS J154439.4-112820	236.16412	-11.46802	3800	e	LMXB	XP?, RP?, EB	K6-7V	0.2415	1.4	0
IGR J18406-0539	SS 406	280.19536	-5.68063	3842	e	HMXB	BE	B5V			0
1RXH J173523.7-354013	RX J1735.3-3540	263.84892	-35.67128	3895.5	e	LMXB	XB			1.4	0
IGR J17329-2731		263.21111	-27.50044	3917.8	e	LMXB		M		1.4	0
IGR J17354-3255	2MASS J17352760-3255544	263.865	-32.93182	3970	e	HMXB	SG,XT	O8.5Iab(f) or O9Iab	8.45		0
X Cyg X-2	Cyg X-2	326.17147	38.32141	3989.6	e	LMXB	ZS, XB, RP	A9III	9.842	1.71	0
CXOU J110926.4-650224		167.36002	-65.04023	4000	e	LMXB	XP?, RP?, XT?			1.4	0
4U 1556-60	4U 1556-605	240.25896	-60.73867	4000	e	LMXB	AS		0.3792		0
4U 1812-12	Ser X-2	273.77575	-12.09642	4000	e	LMXB	AS, XB		0.07917	1.4	0
IGR J16393-4643	AX J163904-4642	249.77278	-46.7035	4000	e	HMXB	CL,SG,XB,XP	BIV-V(OB)$^dag$	4.24		0
IGR J19294+1816	2MASS J19295591+1818382	292.48293	18.31061	4002	e	HMXB	BE,CL,XP,XT	B1Ve	116.2		0
XTE J1739-285		264.97475	-28.49623	4060	e	LMXB	XB, XT, XP			1.4	0
XTE J0421+560	KPD 0415+5552	64.92556	55.99936	4111	e	HMXB	BE,XT	B1/2I[e]	19.41		0
NGC 6752 CX19	J1910-5959#1	287.73167	-59.98815	4125	e	LMXB	QNS?, GC		0.226		0
IGR J16287-5021		247.11191	-50.37763	4167.4	e	LMXB					0
4U 1323-62	1323-6152	201.6543	62.1358	4200	e	LMXB	DS, XB		0.1221	1.4	0
IGR J18048-1455	2XMMi J180438.7-145647	271.16241	-14.94643	4226	e	HMXB					0
IGR J18214-1318	2MASS J18211975-1318388	275.33234	-13.31089	4247	e	HMXB	SG	B0V-O9I	5.425		0
2RXP J130159.6-635806	IGR J13020-6359	195.49461	-63.96912	4258	e	HMXB	BE,XP,XT	B0-6Ve			0
1E 1742.8-2853		266.50055	-28.91368	4261.6	e	LMXB					0
GX 1+4	3U 1728-24	263.00895	-24.7456	4300	e	LMXB	XP, DS	M6IIIe	1161	1.35	0
4U 1735-44	MXB 1735-44	264.74264	-44.45023	4397.2	e	LMXB	AS, XB, RP?		0.1938	1.9	0
GX 9+1	3U 1758-20	270.38396	-20.5295	4400	e	LMXB	AS			1.4	0
LS 1698	4U 1036-56	159.39709	-56.79884	4519	e	HMXB	BE,XP,XT	B0V-IIIe	60.9		0
NGC 104-X5	CXOGlb J002400.9-720453	6.00408	-72.08147	4530	e	LMXB	GC, XT, QNS		0.3611	1.4	0
NGC 104-X7	CXOGlb J002403.4-720451	6.01456	-72.08109	4530	e	LMXB	GC, XT, QNS		0.23	1.4	0
NGC 104-W37	Cl* NGC  104     HH    2101	6.02086	-72.08091	4530	e	LMXB	GC, QNS		0.1286	1.4	0
Aql X-1	3U 1908+00	287.8169	0.58494	4544.1	e	LMXB	RP, AS, XB, XT, BO	K7/5	0.7896	1.23	0
IGR J16479-4514	INTEGRAL1 33	252.02734	-45.20189	4600	e	HMXB	SG,XT	O8.5Ib	3.32		0
GX 5-1	3U 1758-25	270.28426	-25.07846	4700	e	LMXB	ZS, RP	G?		1.4	0
4U 1728-34	GX 354-0	262.99041	-33.83358	4800	e	LMXB	XB, RP, BO, AS	He WD?	0.04583	1.4	0
1FGL J1018.6-5856	2AGL J1020-5906	154.73156	-58.94609	4802	e	HMXB	GP	O6V((f))	16.55		0
SAX J1810.8-2609		272.68529	-26.15047	4900	e	LMXB	XB, XT				0
IGR J16418-4532	INTEGRAL1 31	250.46161	-45.5404	4926	e	HMXB	SG,XT	BN0.5Ia	3.74		0
3U 0042+32	N Per 1992	11.21049	33.01922	5000	e	LMXB	XT	G?	11.6		0
XTE J1701-407		255.4347	-40.85839	5000	e	LMXB	XT, XB				0
SAX J1712.6-3739	SWIFT J171236.9-373840	258.15322	-37.64475	5000	e	LMXB	XB, XT			1.4	0
3U 1728-16	GX 9+9	262.93426	-16.96135	5000	e	LMXB	AS		0.175	1.4	0
HETE J1900.1-2455	J1900-2455	285.03601	-24.92056	5000	e	LMXB	XP, XB, XT		0.05792		0
MAXI J1957+032		299.16292	3.44547	5000	e	LMXB	XT, XP	M6	0.04228	1.4	0
4U 0115+63	4U 0115+634	19.63319	63.74252	5055	e	HMXB	BE,CL,HT,QPO,XB,XP,XT	B0.2Ve	24.3		0
MXB 1837+05	Ser X-1	279.98982	5.03597	5068.1	e	LMXB	AS, XB, RP	G5V-M5V	0.08333	1.4	0
AX J1824.5-2451		276.125	-24.85	5100	e	LMXB	XT, XB, GC			1.4	0
Cir X-1	3U 1516-56	230.17018	-57.16674	5107	e	HMXB		B5-A0I	16.68		0
XTE J1637-498		249.26107	-49.86112	5136.2	e	LMXB	XT				0
Swift J0243.6+6124	UCAC4 758-022980	40.91843	61.43438	5195	e	HMXB	CL,RS	O9.5Ve	28.3		0
IGR J19140+0951	INTEGRAL1 111	288.51761	9.88286	5196	e	HMXB	SG	B0.5Ia	13.56		0
SLX 1732-304	GPS 1733-304	263.94696	-30.48133	5200	e	LMXB	GC, XB, RP			1.4	0
[ZGV2011] 1		263.9485	-30.48214	5200	e	LMXB	GC				0
AX J1845.0-0433	AX 1845.0-0433	281.25662	-4.56576	5201	e	HMXB	SG,XT	O9.5I	5.72		0
2S 0114+650	2S 0114+65	19.51123	65.29162	5229	e	HMXB	CL,SG,XP	B1Iae	11.6		0
IGR J06074+2205	ATO J091.8608+22.0966	91.86089	22.0966	5230	e	HMXB	BE,XT	B0.5Ve			0
XMMU J180916.5-255425		272.31887	-25.90703	5332	e	LMXB	GC, QNS			1.4	0
SAX J2103.5+4545	ATO J315.8987+45.7515	315.89877	45.75153	5370	e	HMXB	BE,XP,XT	B0Ve	12.68		0
4U 1702-429	Ara X-1	256.56392	-43.0358	5400	e	LMXB	AS, XB			1.4	0
IGR J17473-2721	XTE J1747-274	266.82516	-27.34415	5400	e	LMXB	XT, XB			1.4	0
CXOU J132619.7-472910	2XMM J132619.7-472910	201.58248	-47.48625	5426	e	LMXB	GC, QNS			1.4	0
EXO 1745-248		267.02179	-24.77989	5500	e	LMXB	DS, GC, XB, XT			1.4	0
XTE J1807-294	J1806-2924	271.74904	-29.40836	5500	e	LMXB	XP, XT	C/O WD	0.02783	1.47	0
XTE J1810-189		272.58692	-19.06978	5500	e	LMXB	XT, XB			1.4	0
IGR J18245-2452	J1824-2452	276.13545	-24.86881	5500	e	LMXB	BO, GC, XT, RP		0.4594	1.35	0
IGR J17494-3030		267.34837	-30.49975	5550.8	e	LMXB	XT, XP, RP	WD?	0.05205	1.4	0
GX 13+1	4U 1811-17	273.6295	-17.15725	5600	e	LMXB	RP, XB?, AS	K5III	24.07		0
IGR J18027-2016	IGR J18027-2017	270.67474	-20.28817	5676	e	HMXB	BE,CL,EB,QPO,SG,XP,XT	B1Ib	4.57	1.57	0
EXO 1747-214		267.60212	-21.42222	5688.7	e	LMXB	XB, XT			1.4	0
IGR J01363+6610	XMMU J013549.5+661243	23.95772	66.21202	5690	e	HMXB	BE,XT	B1Ve	160		0
2S 1711-339		258.58225	-34.04633	5700	e	LMXB	XB, XT				0
PSR J0635+0533	SAX J0635.2+0533	98.82616	5.55174	5716	e	HMXB	BE,XP	B1IIIe-B2Ve	11.2		0
MXB 0656-072	XTE J0658-073	104.57203	-7.20977	5722	e	HMXB	BE,CL,QPO,XP,XT	O9.7Ve	101		0
V0332+53	V 0332+53	53.74963	53.17314	5734	e	HMXB	BE,CL,HT,QPO,XP,XT	O8-9Ve	34		0
IGR J17445-2747		266.12673	-27.76682	5747.1	e	LMXB	XT, XB			1.4	0
IGR J17586-2129	CXOU J175834.5-212321	269.64397	-21.38933	5771	e	HMXB					0
IGR J01583+6713	2MASS J01581848+6713234	29.57703	67.22318	5783	e	HMXB	BE,XT	B2IVe			0
SLX 1735-269		264.5711	-26.99462	5800	e	LMXB	XB			1.4	0
AX J1949.8+2534	IGR J19498+2534	297.48095	25.56659	5801	e	HMXB	SG,XT	early BIa			0
IGR J08262-3736	TYC 7661-626-1	126.55688	-37.61995	5831	e	HMXB	BE	OBV			0
SRGE J204319.0+443820	SRGA J204318.2+443815	310.82776	44.63889	5871	e	HMXB		B0-2e			0
CXOGlb J174804.5-244641	Terzan 5 CX1	267.01906	-24.77837	5900	e	LMXB	XP?, RP?, XT, GC			1.4	0
IGR J17480-2446		267.02009	-24.78025	5900	e	LMXB	BO, GC, XB, XT		0.8864	1.4	0
NAME TER 5 X-3		267.02254	-24.77713	5900	e	LMXB	GC, XB, XT			1.4	0
XTE J1543-568	INTREF 655	236.02135	-56.76187	5920	e	HMXB	XP,XT	Be?	75.56		0
4U 1538-52	4U 1538-522	235.5973	-52.38601	5988	e	HMXB	CL,EB,SG,XP	B0 Iab	3.73	1.02	0
XB 1715-321	CXOU J171847.0-321013	259.69592	-32.17043	6000	e	LMXB	XT, XB	M?		1.4	0
IGR J17200-3116	2MASS J17200591-3116596	260.02463	-31.28321	6067	e	HMXB	BE				0
Cen X-3	Krzeminski	170.31286	-60.62378	6072	e	HMXB	CL,EB,QPO,SG,XP	O6.5 II-III	2.09	1.57	0
GX 3+1		266.98374	-26.56371	6100	e	LMXB	AS, XB		0.7708	1.4	0
XMMU J171433.0-292747	CXOU J171432.9-292748	258.63721	-29.46333	6152	e	LMXB	GC, QNS			1.4	0
SRGA J124404.1-632232	SRGE J124403.8-632231	191.01579	-63.3756	6159	e	HMXB		Be	138		0
KS 1741-293		266.21517	-29.34507	6200	e	LMXB	XB, XT			1.4	0
1A 1246-588	A 1246-58	192.41396	-59.08742	6262.9	e	LMXB	XB	WD/DA7		1.4	0
SAX J2239.3+6116	3A 2237+608	339.83683	61.27405	6289	e	HMXB	BE,XP,XT	B0Ve	262		0
4U 1823-00	4U 1822-000	276.34175	-0.01194	6300	e	LMXB	XT, XB	M4-5,WD?	0.1333	1.4	0
IGR J12341-6143		188.5021	-61.71762	6326	e	HMXB					0
1RXS J194211.9+255552	2MASS J19421116+2556056	295.54652	25.93489	6361	e	HMXB			166.5		0
CXOGlb J170112.5-300622		255.30242	-30.10617	6400	e	LMXB	GC, XT?				0
CXOGlb J170113.0-300655		255.30455	-30.11533	6400	e	LMXB	GC, XT?				0
CXOGlb J170113.1-300642		255.30461	-30.11173	6400	e	LMXB	GC, XT?				0
CXOGlb J170113.7-300632		255.30732	-30.109	6400	e	LMXB	GC, XT?				0
IGR J16293-4603	CXO J162912.8-460250	247.30363	-46.04744	6423	e	LMXB		K-M/G?	162.7		0
2S 1417-624	2S 1417-62	215.3014	-62.69888	6453	e	HMXB	BE,XP,XT	B1Ve	42.12		0
IGR J11215-5952	HD 306414	170.44505	-59.86331	6454	e	HMXB	SG,XT	B0.5Ia	165		0
SLX 1737-282	2E 1737.5-2817	265.17835	-28.30226	6500	e	LMXB	XB		0.4583	1.4	0
XMM J174457-2850.3		266.23939	-28.83911	6500	e	LMXB	XT, XB		0.07083	1.4	0
4U 1909+07	1E 1908.4+0730	287.70087	7.59766	6506	e	HMXB	CL,XP	O7.5-9.5If	4.4		0
IGR J16207-5129	UCAC3 77-288328	245.19273	-51.50171	6583	e	HMXB	SG	B0I / B1Ia	9.73		0
4FGL J0540.0-7552		85.00788	-75.90535	6600	e	LMXB	XP?, RP?, XT, EB?	K6-7V	0.1125	1.4	0
LS 992	RX J0812.4-3114	123.11815	-31.24781	6632	e	HMXB	BE,XP,XT	B0.2IVe	81.3		0
4U 0728-25	3A 0726-260	112.22324	-26.10802	6694	e	HMXB	BE,XP,XT	O5Ve	34.5		0
SWIFT J1749.4-2807	J1749-2808	267.38308	-28.13494	6700	e	LMXB	XP, XB, XT	G3V-G5V	0.3674	1.4	0
XTE J1859+083	MAXI J1859+082	284.75681	8.24546	6737	e	HMXB	XP,XT	B0-2Ve	37.97		0
XTE J1855-026	INTEGRAL1 105	283.87668	-2.60468	6813	e	HMXB	EB,XP,XT	B0Iaep	6.07	1.41	0
IGR J17511-3057	J1751-3057	267.786	-30.96131	6900	e	LMXB	BO, XP, XB, XT		0.1445	1.4	0
MXB 1659-29	MXB 1659-298	255.52723	-29.94563	6955.9	e	LMXB	AS, BO, XT, EB, XB, DS		0.2963	1.6	0
4FGL J0407.7-5702		61.88218	-57.00702	7000	e	LMXB	XP?			1.4	0
4U 1543-624	QU TrA	236.9775	-62.5684	7000	e	LMXB		C-O WD	0.01263	1.4	0
IGR J17585-3057		269.62425	-30.95043	7051.4	e	LMXB					0
GS 1826-238	1826-2349	277.3675	-23.79697	7058.3	e	LMXB	BO, XB, XT		0.087	1.4	0
IGR J21343+4738	2MASS J21342037+4738002	323.58487	47.63338	7078	e	HMXB	BE	B1--1.5III--V			0
Her X-1	2A 1655+353	254.45754	35.34232	7093.2	e	LMXB	XP, DS, EB	B3/6ep	1.7	1.5	0
EXO 0748-676	UY Vol	117.14046	-67.75214	7100	e	LMXB	DS, XB, XT, EB, BO	M2V	0.1592	1.55	0
1E 1145.1-6141	3A 1145-616	176.86894	-61.95372	7179	e	HMXB	RS,SG,XP	B2Iae	14.4		0
Swift J1734.5-3027		263.60075	-30.39806	7200	e	LMXB	XT, XB			1.4	0
IGR J17062-6143		256.56777	-61.71128	7300	e	LMXB	XT, XP, XB	WD?	0.02639	1.4	0
XTE J1806-246	2S 1803-245	271.71133	-24.59128	7300	e	LMXB	AS, XB, RP, XT		0.375	1.4	0
Cep X-4	Ginga 2138+56	324.87785	56.98622	7348	e	HMXB	BE,CL,HT,XP,XT	B1-B2Ve	20.85		0
XTE J0929-314	BW Ant	142.33413	-31.38422	7400	e	LMXB	XP, XT, RP	WD	0.03042	1.4	0
4U 1724-307	1E 1724-3045	261.88831	-30.80212	7400	e	LMXB	AS, GC, XB		90	1.4	0
GRO J2058+42	CXOU J205847.5+414637	314.69806	41.77698	7458	e	HMXB	BE,CL,XP,XT	O9.5-B0IV-Ve	55.03		0
GRO J1744-28	Bursting Pulsar	266.13779	-28.7408	7500	e	LMXB	XP, DS, XT	G/K III	11.83	1.4	0
SAX J1747.0-2853	GX +0.2-0.2	266.76078	-28.88308	7500	e	LMXB	XB, XT				0
IGR J17597-2201	XTE J1759-220	269.93966	-22.02763	7500	e	LMXB	DS, XB	G8-K0III		1.4	0
MAXI J1816-195		274.21833	-19.63258	7550	e	LMXB	XT, XB, XP, RP?		0.2014	1.4	0
IGR J16318-4848	INTEGRAL1 24	247.95126	-48.81688	7568	e	HMXB	RS,SG	B0-5sgBe	80		0
XB 1254-690	2S 1254-690	194.40486	-69.28862	7600	e	LMXB	AS, NSH, DS, XB, BO		0.1638	1.4	0
4U 1705-44	1705-4402	257.227	-44.10206	7600	e	LMXB	AS, XB, RP		0.4167	1.4	0
IGR J17498-2921	J1749-2919	267.48054	-29.32211	7600	e	LMXB	BO, XP, XB, XT		0.1601	1.4	0
XTE J1751-305	J1751-3037	267.80638	-30.62328	7600	e	LMXB	XP, XT	WD	0.02958	1.4	0
IGR J17591-2342		269.76196	-23.71894	7600	e	LMXB	XT, XP	G?	0.3668	1.4	0
4U 1820-30	Sgr X-4	275.91877	-30.36114	7600	e	LMXB	RP, AS, XB, GC, PSH	WD?	0.007917	1.58	0
[FLM96] M 13 Ga		250.4318	36.4663	7700	e	LMXB	GC, QNS?			1.4	0
2XMM J164143.6+362758		250.43235	36.46611	7700	e	LMXB	GC, QNS			1.4	0
XTE J1743-363	2MASS J17430133-3622221	265.75551	-36.37285	7758	e	HMXB		OI			0
GRS 1741.9-2853	AX J1745.0-2855	266.25968	-28.91386	7800	e	LMXB	XB, XT			1.4	0
XTE J1906+090	[GPW2005] 8	286.19777	9.04491	7878	e	HMXB	XP,XT	Be?			0
[ZGV2011] 9		263.35025	-33.38783	7900	e	LMXB	GC				0
CXOU J173324.6-332321		263.3525	-33.38931	7900	e	LMXB	XT, GC			1.4	0
MXB 1730-335	Rapid Burster	263.35254	-33.38883	7900	e	LMXB	RP, DS, XB, XT, GC			1.4	0
Swift J1626.6-5156	UCAC3 77-300187	246.65215	-51.94185	7904	e	HMXB	BE,CL,HT,QPO,XP	B0-2Ve	132.9		0
4U 0836-42	GS 0836-429	129.34833	-42.90056	8000	e	LMXB	XB, XT				0
AX J1538.3-5541	J1538-5542	234.5575	-55.70331	8000	e	LMXB	XT		1.23	1.4	0
4U 1708-40		258.09942	-40.84283	8000	e	LMXB	XB			1.4	0
XTE J1719-291		259.82158	-29.06944	8000	e	LMXB	XT	K0V	0.2083	1.4	0
IGR J17254-3257	1RXS J172525.5-325717	261.35415	-32.9541	8000	e	LMXB	XB, XT			1.4	0
Swift J174038.1-273712		265.15879	-27.62003	8000	e	LMXB	XT				0
Ginga 1741.2-2859	GRS 1741.2-2859	266.10583	-29.0125	8000	e	LMXB				1.4	0
CXOGC J174535.5-290124		266.39825	-29.02336	8000	e	LMXB	XT				0
Swift J174535.5-285921	CXOGC J174535.6-285928	266.39894	-28.99141	8000	e	LMXB	XT				0
CXOGC J174538.0-290022		266.40861	-29.00619	8000	e	LMXB	XT				0
CXOGC J174540.0-290005	Swift J174540.2-290005	266.41696	-29.00161	8000	e	LMXB	XT		0.05833		0
SWIFT J174540.7-290015	CXOGC J174540.6-290015	266.41943	-29.00434	8000	e	LMXB	XT, RP?				0
XMM J174544-2913.0		266.4356	-29.21709	8000	e	LMXB	XT				0
SWIFT J174553.7-290347	CXOGC J174553.8-290346	266.47438	-29.063	8000	e	LMXB	XT				0
CXOGC J174622.2-290634		266.59285	-29.10978	8000	e	LMXB	XT				0
SAX J1750.8-2900		267.60179	-29.0375	8000	e	LMXB	AS?, XB, XT			1.4	0
1RXS J175721.2-304405		269.33758	-30.73446	8000	e	LMXB	XT, EB				0
SAX J1806.5-2215		271.63404	-22.23814	8000	e	LMXB	XB, XT	K	0.1667	1.4	0
XTE J1814-338	J1813-3346	273.41267	-33.77286	8000	e	LMXB	XP, XB, XT	G-K?	0.1781	1.4	0
SAX J1818.7+1424		274.68333	14.40333	8000	e	LMXB	XB			1.4	0
1A 1742-294	MXB 1742-29	266.52171	-29.51488	8100	e	LMXB	XB			1.4	0
KS 1731-260		263.55603	-26.08853	8200	e	LMXB	XB, XT			1.4	0
4U 1850-087	NGC 6712-VLA7	283.27028	-8.70565	8200	e	LMXB	AS, GC, XB, RP?	WD	0.01429	1.4	0
CXOGlb J214022.1-231045	M30 A1	325.09221	-23.17932	8200	e	LMXB	QNS?, XT?, GC			1.78	0
AX J1745.6-2901	1A 1742-289	266.39854	-29.02611	8300	e	LMXB	EB, XB, RP, XT		0.348	1.4	0
MAXI J1621-501	AX J1620.1-5002	245.09171	-50.01989	8400	e	LMXB	XT, XB				0
XMMU J174716.1-281048	IGR J17464-2811	266.81733	-28.18002	8400	e	LMXB	XB, XT?			1.4	0
NGC 6440 CX13	[RTB2002] J174851.87-202133.9	267.21612	-20.3594	8400	e	LMXB	GC, QNS?			1.4	0
SAX J1748.9-2021	4U 1745-203	267.21734	-20.359	8400	e	LMXB	XP, AS, XB, XT, GC		0.365	1.4	0
NGC 6440 CX3	[RTB2002] J174852.41-202132.2	267.21841	-20.35889	8400	e	LMXB	GC, QNS?			1.4	0
NGC 6440 CX7	[RTB2002] J174852.64-202140.6	267.21927	-20.36125	8400	e	LMXB	GC, QNS?			1.4	0
CXOGlb J174852.7-202124	NGC 6440 X-2	267.21983	-20.35667	8400	e	LMXB	XP, GC, XT		0.04002	1.4	0
NGC 6440 CX10	[PLV2002] CX10	267.22031	-20.3587	8400	e	LMXB	GC, QNS?			1.4	0
NGC 6440 CX5	[RTB2002] J174852.87-202142.5	267.22031	-20.36184	8400	e	LMXB	GC, QNS?			1.4	0
NGC 6440 CX12	[RTB2002] J174853.12-202127.0	267.22135	-20.35751	8400	e	LMXB	GC, QNS?			1.4	0
NGC 6440 CX2	[RTB2002] J174853.17-202138.7	267.22159	-20.36077	8400	e	LMXB	GC, QNS?			1.4	0
[ZGV2011] 3		267.22308	-20.36722	8400	e	LMXB	GC				0
2MASS J20002185+3211232	IGR J20006+3210	300.09105	32.18974	8412	e	HMXB	BE	early BV or mid BIII			0
AX J1659.0-4208	2XMMi J165905.6-420725	254.77355	-42.12384	8500	e	LMXB					0
4U 1735-28		264.64167	-28.47833	8500	e	LMXB	XT				0
GC X-4	X 1740-294	265.94169	-29.43178	8500	e	LMXB	XT?				0
1E 1742.2-2857		266.36083	-28.98333	8500	e	LMXB					0
GPS 1742-326		266.37083	-32.69333	8500	e	LMXB					0
GC X-2	X1742-294	266.40417	-29.45278	8500	e	LMXB					0
2E 1742.5-2858	CXOGC J174540.9-290014	266.42065	-29.00393	8500	e	LMXB					0
1E 1742.5-2845		266.42875	-28.78139	8500	e	LMXB					0
1E 1742.7-2902		266.47042	-29.05611	8500	e	LMXB					0
1E 1742.9-2852		266.52002	-28.88556	8500	e	LMXB					0
1E 1742.9-2849		266.54324	-28.85305	8500	e	LMXB					0
SWIFT J1756.9-2508	J1756-2506	269.23833	-25.10781	8500	e	LMXB	XP, XT		0.03799	1.4	0
XTE J2123-058	J2123-0547	320.81058	-5.79813	8500	e	LMXB	AS, XB, XT, EB	K7-8/5	0.2483	1.3	0
IGR J17191-2821		259.81306	-28.29919	8600	e	LMXB	XT, XB			1.4	0
IGR J11435-6109	1RXS J114358.1-610736	176.00117	-61.1268	8641	e	HMXB	BE,XP,XT	B0.5Ve	52.46		0
XTE J1701-462		255.24354	-46.18564	8800	e	LMXB	ZS, RP?, XT			1.6	0
4U 1915-05	4U 1916-05	289.6994	-5.23817	8800	e	LMXB	AS, NSH, DS, XB, BO, PSH	WD	0.03458	1.4	0
IGR J16358-4726		248.97374	-47.42773	9000	e	LMXB	XT	K-M III		1.4	0
1E 1743.1-2843		266.58824	-28.72875	9000	e	LMXB				1.4	0
XTE J1748-361	1A 1744-361	267.05468	-36.13281	9000	e	LMXB	AS?, RP, DS, XB, XT, BO		0.0675		0
SAX J1752.3-3138		268.1	-31.62833	9000	e	LMXB	XB			1.4	0
SAX J1753.5-2349		268.38279	-23.82079	9000	e	LMXB	XT, XB		0.625	1.4	0
IGR J16597-3704		254.88709	-37.12063	9100	e	LMXB	XT, XP, GC		0.03194	1.4	0
AX J1754.2-2754		268.56029	-27.90982	9200	e	LMXB	XT, XB		0.225	1.4	0
2S 0921-63	V395 Car	140.64445	-63.2948	9216	e	LMXB	DC, DS, EB	K0/3	9.008	1.44	0
MAXI J0903-531	Gaia EDR3 5311384333263075840	136.2784	-53.50541	9229	e	HMXB		B1.5-2 III-Ve	57		0
IGR J22534+6243	1RXS J225352.8+624354	343.47967	62.72688	9328	e	HMXB	BE	B0-1III-Ve	100		0
Cir X-1	3U 1516-56	230.17018	-57.16674	9400	e	LMXB	RP, AS, MQ, DS, XB, XT		16.6		0
[ZGV2011] 4		278.93333	-32.98206	9464	e	LMXB	GC				0
CXOGlb J183544.5-325939	NGC 6652B	278.9356	-32.99416	9464	e	LMXB	GC, RP?, XP?	WD?	0.03028	1.4	0
MAXI J0911-655	SWIFT J0911.9-6452	138.01175	-64.86728	9500	e	LMXB	XT, XP, GC	He WD	0.03076	1.4	0
GRS 1747-312	1747-3116	267.69526	-31.27468	9500	e	LMXB	DS, XB, XT, EB, GC		0.515	1.4	0
CXOGlb J173616.9-444409		264.07059	-44.73608	9600	e	LMXB	GC, XT?				0
CXOGlb J173617.3-444408		264.07222	-44.73566	9600	e	LMXB	GC, XT?				0
CXOGlb J173617.5-444357		264.073	-44.73254	9600	e	LMXB	GC, XT?				0
CXOGlb J173617.6-444416		264.07368	-44.73799	9600	e	LMXB	GC, XT?				0
CXOGlb J173618.1-444359		264.07577	-44.7332	9600	e	LMXB	GC, XT?				0
XB 1832-330	RX J1832-33	278.93187	-32.99077	9600	e	LMXB	GC, XB	He WD?	0.08958	1.4	0
IGR J14298-6715	1RXS J142959.9-671447	217.49817	-67.24536	10000	e	LMXB					0
XTE J1723-376		260.91125	-37.66167	10000	e	LMXB	XB, XT			1.4	0
GX   1.1-01.0	1RXS J175229.0-282951	268.06667	-28.50611	10000	e	LMXB	XT				0
3A 1822-371	V691 CrA	276.44503	-37.10516	10257	e	LMXB	DC, XP, EB		0.2321	1.97	0
M15 X-2	CXOU J212958.1+121002	322.49192	12.16739	10400	e	LMXB	GC, XB	WD?	0.01567	1.4	0
[WA2001] M 15 X-3		322.49231	12.16112	10400	e	LMXB	GC, XT?				0
3U 2131+11	AC 211	322.49297	12.16741	10400	e	LMXB	DC, XB?, RP?, EB, DS, GC		0.7125	1.4	0
4U 1642-45	GX 340+0	251.44877	-45.61112	11000	e	LMXB	ZS, RP			1.4	0
RX J1709.5-2639	XTE J1709-267	257.37656	-26.65563	11000	e	LMXB	XT, XB, GC?			1.4	0
4U 1746-37	1746-3702	267.55303	-37.05181	11000	e	LMXB	AS, GC, XB, DS		0.215	1.4	0
XTE J1946+274	GRO J1944+26	296.41397	27.3654	11604	e	HMXB	BE,CL,XP,XT	B01-IVVe	169.2		0
4U 0513-40	XB 0512-401	78.52671	-40.04395	12000	e	LMXB	GC, XB	WD	0.01181	1.4	0
UCAC4 528-094936	IGR J19113+1533	287.82843	15.54242	12135	e	HMXB		Be			0
KS 1947+300	INTEGRAL1 115	297.39784	30.20881	12164	e	HMXB	BE,CL,HT,XP,XT	B0Ve	40.4		0
Swift J1858.6-0814		284.64546	-8.23749	12800	e	LMXB	XT, XB, RP		0.8894	2.5	0
IGR J16327-4940	2MASS J16323995-4942137	248.16638	-49.70383	12939	e	HMXB		OB			0
4U 1705-32	1RXS J170854.4-321857	257.22611	-32.31583	13000	e	LMXB	XB			1.4	0
AX J1841.0-0536	IGR J18410-0535	280.2518	-5.59627	13801	e	HMXB	SG,XP,XT	B1Ib			0
GX 17+2	3U 1813-14	274.00579	-14.03628	14000	e	LMXB	ZS, XB, RP	K-G?			0
AX J1749.2-2725	INTREF 853	267.30167	-27.42729	14000	e	HMXB	XP,XT	B3			0
SRGA J181414.6-225604	IRAS 18111-2257	273.56146	-22.93874	14600	e	LMXB	XT	M7-M8	1502		0
4U 1624-49	2XMM J162802.8-491154	247.01177	-49.1985	15000	e	LMXB	DC, DS, AS		0.8704		0
XTE J1710-281	J1710-2807	257.5525	-28.13083	15000	e	LMXB	EB, XB, XT, DS		0.1367	1.4	0
MAXI J1409-619	[OFM2012] 2	212.01132	-61.98389	15000	e	HMXB	BE,CL,XP	O/B?	14.7		0
4U 1626-67	4U 1627-67	248.06951	-67.46121	15081	e	LMXB	XP	WD	0.02875	1.4	0
IGR J16493-4348	2MASS J16492695-4349090	252.36231	-43.81918	16000	e	HMXB	CL,SG,XB	B0.5Ib	6.78		0
AX J1749.1-2733	PBC J1748.6-2728	267.2787	-27.54251	16000	e	HMXB	BE,XT	B1-3	185.5		0
2S 1553-542	H 1553-542	239.45127	-54.41473	20000	e	HMXB	BE,CL,HT,XP	B1-2V	30.6		0
MAXI J0556-332	SSS110126:055646-331027	89.19286	-33.17399	43600	e	LMXB	XT, AS, XB?, RP?		0.684		0
