HSC 1297		76.47855	39.94587	3457.6	m	o	0.06035	44	7.625	1.364
HSC 1975		121.48044	-26.94748	3458.4	m	o	0.1077	23	9.697	0.5536
HSC 423		279.14427	22.41847	3462.2	m	m	1.183	36	9.513	0.1556
HSC 1866		114.79748	-18.94462	3466.9	m	o	0.1143	43	7.981	1.438
FSR 1171		105.06104	-10.32155	3467.7	m	o	0.03226	91	8.372	2.092
HSC 1473		89.48908	23.55395	3471	m	o	0.04709	16	7.629	3.709
LISC 1273		177.78619	-63.31406	3473.8	m	o	0.08469	90	7.176	2.01
UBC 1073	CWNU 319	298.26542	30.80655	3473.9	m	o	0.1166	164	8.327	2.434
CWNU 1390		314.42782	46.25216	3474.1	m	o	0.06734	52	7.395	2.786
HSC 200		276.42329	-13.93978	3474.3	m	o	0.0385	22	8	4.696
CWNU 2749		87.31641	33.40639	3477.9	m	o	0.06106	33	8.346	1.151
CWNU 1322		303.52546	37.61045	3478	m	o	0.02887	64	7.968	2.826
CWNU 1295		92.08236	28.07333	3478.6	m	o	0.05347	101	8.748	0.8644
CWNU 2523		118.65766	-29.18837	3480.8	m	o	0.08134	69	8.508	1.545
CWNU 1631		121.90593	-30.87883	3484.9	m	o	0.02801	21	8.448	0.6022
UBC 1439		126.22324	-43.6438	3486.3	m	o	0.08475	68	8.952	2.774
HSC 2938		260.78523	-32.02204	3488.4	m	m	0.1047	163	9.244	4.49
HSC 818		337.01919	58.1654	3488.8	m	o	0.03423	28	8.298	2.403
CWNU 1926		130.11328	-33.09211	3489.7	m	o	0.0969	33	9.159	0.4277
UBC 1048		282.94366	-1.0062	3491.1	m	o	0.05481	53	8.035	3.344
HSC 1812		111.04923	-14.42665	3495.3	m	o	0.08786	34	8.503	1.725
HSC 682		313.11516	46.93033	3495.4	m	o	0.07343	109	8.067	2.284
CWNU 1515		113.81388	-16.27044	3495.6	m	o	0.1175	51	8.658	0.9481
HSC 1979		113.9406	-31.36915	3495.7	m	o	0.07114	18	7.852	1.023
UBC 1515		186.70429	-62.37978	3496.7	m	o	0.04145	41	8.465	2.418
UBC 1210		14.17065	66.95374	3496.9	m	o	0.03718	59	8.439	2.721
CWNU 2595		93.36414	14.23676	3497.4	m	o	0.2043	94	8.042	2.369
UBC 1377		111.39049	-19.72413	3500.1	m	o	0.07828	33	8.685	0.7898
HSC 765		329.36203	52.69845	3500.2	m	o	0.1464	44	7.473	1.522
HSC 273		281.10699	-5.44458	3501	m	o	0.1132	104	7.353	3.32
HSC 2557		196.3931	-62.38934	3501.4	m	o	0.07952	70	7.998	4.093
Berkeley 71	FSR 810|MWSC 634|OCL 449|Theia 1857	85.24182	32.2727	3501.5	m	o	0.03717	190	8.568	3.024
UBC 1230		27.91848	59.52914	3502	m	o	0.06308	37	7.641	1.573
Czernik 29	FSR 1231|Haffner 10|MWSC 1234|MWSC 1237|OCL 594|OCL 595	112.09524	-15.39939	3505.1	m	o	0.02181	62	8.385	1.323
HSC 2446		172.82769	-63.78455	3508	m	o	0.1056	15	8.579	4.743
UBC 1159	LISC 1369	335.25724	54.94477	3509.8	m	o	0.1027	88	8.393	1.078
CWNU 2636		84.4737	37.20984	3509.8	m	o	0.04401	109	8.53	1.81
UBC 1273		74.93555	40.82116	3510.6	m	o	0.09393	32	7.855	1.602
HSC 2006		121.45443	-31.59435	3512.7	m	o	0.06439	45	8.095	0.9767
CWNU 2321		149.19581	-55.82768	3515.4	m	o	0.0344	37	7.768	3.896
HSC 2598		203.71932	-61.32917	3515.5	m	o	0.04431	29	8.36	3.875
Juchert J0603.1+3102	UBC 1292	90.77787	31.03881	3516.1	m	o	0.1493	116	8.356	1.291
Ruprecht 172	MWSC 3276|OCL 151	302.88745	35.60215	3518.5	m	o	0.04061	128	8.76	2.12
HSC 1916		114.15589	-25.11837	3519.1	m	o	0.09418	84	8.189	1.417
UBC 1475		152.81157	-59.08587	3519.1	m	o	0.05744	34	8.257	2.841
CWNU 2063		86.69356	24.74574	3519.4	m	o	0.06202	26	8.548	2.204
HSC 770		325.25738	56.05424	3524.1	m	o	0.1304	19	7.264	3.193
HSC 1360		90.3763	37.82061	3527.2	m	o	0.04328	40	8.576	1.371
UBC 1173		343.32118	57.01769	3528.3	m	o	0.05427	45	8.594	1.931
HSC 2478		180.40574	-62.70943	3528.7	m	o	0.07667	45	7.555	1.665
HSC 1065		29.59944	59.6354	3528.7	m	o	0.08776	59	7.979	1.774
UBC 1149		327.22465	54.82442	3531	m	o	0.05702	66	8.062	3.625
HSC 1655		99.79337	1.77334	3531.7	m	o	0.08214	19	8.88	2.649
HSC 2334		155.10027	-58.63562	3533.2	m	o	0.0192	23	7.683	1.964
CWNU 2142		90.35958	27.63324	3533.3	m	o	0.03211	22	8.267	1.005
HSC 164		284.60021	-22.99487	3534.1	m	o	0.1062	25	9.688	1.162
ASCC 45	MWSC 1460|Theia 2131	124.14492	-35.65483	3535	m	o	0.2054	54	7.467	2.061
HSC 261		279.67011	-5.40193	3537.4	m	o	0.04715	55	8.108	4.734
HSC 1671		103.084	1.54962	3539.4	m	o	0.03904	44	8.323	1.828
FSR 0282	FSR 282|MWSC 3453|SAI 140	315.58104	48.10474	3540.3	m	o	0.0589	190	8.193	5.001
CWNU 1844		346.69195	59.09931	3541.9	m	o	0.0421	14	7.18	3.374
CWNU 2634		183.6775	-61.02647	3545.1	m	o	0.123	133	7.066	2.957
CWNU 2713		293.39919	17.41815	3549.5	m	o	0.1163	62	7.441	4.672
HSC 2761		245.30281	-50.93256	3549.9	m	o	0.0934	147	7.788	4.613
UBC 1353		104.898	-8.799	3550.3	m	o	0.06663	88	8.695	2.122
HSC 422		272.37304	24.81435	3550.9	m	o	0.1216	14	9.825	0.2589
HSC 1081		32.32363	58.71739	3551.2	m	o	0.06633	27	8.808	1.053
FSR 1342	MWSC 1391|OC 0436	119.48679	-31.51354	3551.9	m	o	0.04288	165	7.62	2.576
NGC 1724	MWSC 459|OCL 405	75.82844	49.50474	3552.2	m	o	0.06174	34	8.328	1.808
UBC 1588		183.68482	-60.32388	3553.1	m	o	0.03329	42	7.112	1.935
DBSB 7		113.89169	-18.7665	3554.7	m	o	0.08792	17	7.866	2.6
FSR 0524	FSR 524|MWSC 92|SAI 11	14.3178	62.12099	3554.7	m	o	0.04214	64	8.342	3.342
King 17	MWSC 474|OCL 424	77.09436	39.07115	3555.5	m	o	0.042	58	8.453	1.319
Berkeley 45	MWSC 3086|OCL 107	289.77526	15.7169	3555.6	m	o	0.03108	196	8.359	3.632
UBC 1356		110.45935	-6.54723	3555.8	m	o	0.09297	80	8.807	0.3972
UBC 1153		333.20183	53.22159	3557.7	m	o	0.1308	50	7.503	1.214
Teutsch 63	CWNU 1766|DSH J0810.1-3922	122.53366	-39.38031	3558	m	o	0.06132	28	8.992	2.45
CWNU 1556		290.2413	13.29968	3558.3	m	o	0.1033	54	7.783	6.157
HSC 1904		116.74404	-21.62454	3558.5	m	o	0.03792	25	8.288	0.7772
Ruprecht 107	BH 146|ESO 96-8|MWSC 2108|OCL 896	199.94062	-64.94536	3558.7	m	o	0.0384	108	7.835	1.605
HSC 744		294.67689	63.34558	3558.8	m	o	0.06629	12	9.615	0.2901
NGC 2483	ESO 430-2|MWSC 1383|OCL 677.1|UBC 1401	118.87882	-27.94511	3559.7	m	o	0.1137	47	8.028	0.7043
HSC 917		354.63763	63.49142	3560.3	m	o	0.0502	22	8.579	3.439
CWNU 2310		280.41396	-6.46598	3564.3	m	o	0.05048	65	7.089	3.351
HSC 2054		120.7003	-40.53423	3564.3	m	o	0.1277	25	8.376	1.552
HSC 2248		144.94122	-53.70641	3570	m	o	0.07375	20	8.183	2.777
HSC 2658		251.96239	-75.66623	3572.2	m	o	0.1078	19	9.587	0.2806
CWNU 2106		295.96939	21.89819	3574.1	m	o	0.02847	28	7.888	4.404
HSC 1041		28.17117	65.38646	3574.9	m	o	0.05253	39	8.737	2.428
HSC 2424		169.70376	-61.62154	3576	m	o	0.06717	68	7.249	3.078
UBC 592		332.22323	52.96709	3578.7	m	o	0.08952	31	8.144	1.276
SAI 86	MWSC 1435	122.051	-36.6089	3579.4	m	o	0.04002	113	8.549	1.807
HSC 1061		29.59402	62.07843	3581.9	m	o	0.02647	25	8.392	2.659
HSC 225		277.7387	-10.53337	3583.4	m	o	0.2631	39	8.559	6.024
CWNU 2667		358.40267	63.07097	3584	m	o	0.0372	92	8.415	2.061
UBC 1135		317.14762	49.10957	3584.6	m	o	0.09049	126	7.918	3.1
HSC 470		294.04102	22.30108	3584.6	m	o	0.01752	26	8.705	5.558
BH 37	ESO 259-13|FSR 1410|MWSC 1509|OC 0475|vdBergh-Hagen 37	128.94935	-43.60433	3587	m	o	0.03967	146	7.976	3.732
HSC 2520		188.57634	-62.25779	3587.5	m	o	0.2473	101	7.245	5.375
HSC 1377		85.44702	32.63512	3587.6	m	o	0.02748	13	7.016	2.834
UBC 494		143.87975	-57.31336	3588.2	m	o	0.0735	128	8.687	1.949
CWNU 1384		118.75066	-23.36519	3589.6	m	o	0.1264	61	8.767	0.5167
HSC 1876		116.43481	-19.1884	3594	m	o	0.09776	31	8.365	0.614
UBC 1253		64.0254	56.24016	3595.2	m	o	0.1047	58	7.571	2.017
HSC 2727		247.85304	-61.28463	3597.4	m	o	0.08517	19	9.771	0.6606
HSC 2527		190.40311	-62.0438	3601.2	m	o	0.1982	58	7.275	5.018
UBC 1100	Dolidze 39	304.06994	37.91326	3601.2	m	o	0.05895	72	7.888	2.379
UBC 643		120.50471	-34.39832	3601.3	m	o	0.03612	69	8.355	1.487
CWNU 2197		114.40542	-20.78739	3604.8	m	o	0.01616	29	8.875	1.665
HSC 2220		142.4164	-50.55564	3606.5	m	o	0.03643	20	8.689	4.126
UBC 1255		62.97292	53.00517	3606.7	m	o	0.08267	86	8.194	2.268
UBC 1075		298.7731	30.62602	3607.3	m	o	0.05746	74	8.199	2.529
Theia 2725		97.60851	18.93327	3608.8	m	m	0.5799	66	8.715	0.4713
HSC 2090		131.57722	-39.80651	3611.4	m	o	0.07326	28	8.364	4.241
Basel 13	Bica 652	318.3067	46.55076	3612.1	m	o	0.04316	38	8.451	2.919
HSC 2001		117.3875	-33.09865	3613.7	m	o	0.03693	13	7.101	3.663
FSR 1363	MWSC 1438	122.67101	-34.61567	3614.4	m	o	0.06231	140	8.078	1.214
Juchert 16	DSH J1028.2-5841|FSR 1542|OC 0543	157.05284	-58.70204	3614.7	m	o	0.02051	53	8.17	3.481
HSC 1886		115.68401	-20.73308	3616.3	m	o	0.1049	66	8.147	1.227
UBC 1427		122.94588	-33.77649	3617.9	m	o	0.07236	63	8.615	1.181
CWNU 1333		220.00599	-61.29005	3619.2	m	o	0.02866	50	8.28	4.23
UBC 1424		119.68195	-33.59348	3620.2	m	o	0.05286	44	7.937	1.755
CWNU 2035		303.6174	35.40813	3621.3	m	o	0.05321	33	6.919	4.151
FSR 0366	FSR 366|MWSC 3610	334.54867	59.11772	3623.3	m	o	0.1189	79	6.802	3.351
CWNU 2746		334.66651	57.91991	3628.3	m	o	0.06779	60	8.269	3.256
CWNU 1813		295.23282	22.62541	3628.5	m	o	0.02964	45	8.559	5.48
HSC 2338		157.00994	-57.17358	3630.5	m	o	0.02352	44	7.768	3.633
CWNU 1697		12.01404	55.90876	3633.4	m	o	0.1387	136	8.773	1.657
OC 0073		288.17989	12.00172	3635.4	m	o	0.04738	34	7.555	4.45
CWNU 1899		58.04065	54.4943	3635.4	m	o	0.04531	21	7.257	3.608
BDSB 82		93.73365	12.34906	3636.6	m	o	0.0942	96	8.438	2.152
HSC 2052		126.9618	-36.99028	3639	m	o	0.05858	17	7.892	1.617
UBC 1369		113.26556	-14.50947	3640.6	m	o	0.05348	50	8.536	1.003
Theia 3832	UBC 1200	3.72595	62.8182	3645.7	m	o	0.05412	59	7.722	1.712
HSC 2866		258.18899	-39.99793	3645.7	m	o	0.03336	135	7.493	4.773
UBC 268		165.33714	-63.68107	3646.7	m	o	0.06878	164	8.756	1.813
CWNU 2397		117.61682	-27.60188	3647.3	m	o	0.04657	39	8.813	1.943
HSC 2416		167.70095	-62.7366	3648.5	m	o	0.1617	65	8.062	2.885
CWNU 2326		299.12972	29.79753	3649.7	m	o	0.05583	20	6.957	2.989
Berkeley 1		2.45553	60.47096	3649.8	m	o	0.02604	56	8.005	1.882
Theia 2730	CWNU 2741	242.09096	-53.50327	3651	m	o	0.05844	65	8.12	4.187
HSC 1381		86.00714	32.64098	3651.1	m	o	0.1249	26	8.085	1.773
Theia 2727	Stock 14	175.94884	-62.37582	3655.1	m	o	0.06448	60	8.147	2.682
HSC 1136		50.98221	58.94595	3655.4	m	o	0.151	59	7.932	3.332
HSC 1002		16.04456	40.48389	3657.2	m	o	0.0917	32	9.556	1.631
HSC 401		288.01591	13.9259	3657.2	m	o	0.06925	12	9.216	4.649
HSC 412		290.59612	15.14049	3658	m	o	0.01783	37	7.04	6.234
FSR 1496	CWNU 2493	145.73523	-52.1186	3659.1	m	o	0.03224	50	7.702	4.059
CWNU 2400		195.59635	-64.35915	3660.3	m	o	0.09501	44	8.135	3.071
CWNU 1383		109.55485	-11.08498	3660.6	m	o	0.04872	54	8.608	1.916
HSC 1623		98.18795	5.41778	3665.8	m	o	0.08955	48	8.407	2.787
UBC 580		303.20826	35.90171	3669.5	m	o	0.06451	55	7.455	2.635
FSR 1150	MWSC 1089|SAI 74	106.15097	-6.61579	3670.2	m	o	0.05762	116	8.516	1.682
HSC 1294		75.63992	40.57184	3672.3	m	o	0.06364	15	8.053	1.48
CWNU 1966		104.17999	0.47215	3673.2	m	o	0.07729	97	8.459	1.41
HSC 838		342.51659	58.82683	3676.9	m	o	0.1034	54	7.262	2.598
CWNU 1443		114.11902	-26.06297	3680.3	m	o	0.07133	33	7.956	1.422
HSC 663		307.67588	46.74279	3681.7	m	o	0.1099	21	7.428	4.075
HSC 692		314.36126	47.56917	3682.5	m	o	0.02128	25	7.801	3.004
UBC 1336		107.01686	4.84759	3683.1	m	o	0.1525	76	9.024	0.3119
Teutsch 1	DSH J0539.4+3320|Koposov 27|MWSC 624|MWSC 625	84.87271	33.34477	3683.6	m	o	0.03946	79	8.379	1.513
UBC 1417		121.26779	-30.6966	3685	m	o	0.04399	47	8.563	0.5362
CWNU 1882		334.05338	52.46282	3686.3	m	o	0.1045	25	6.955	1.05
HSC 2592		202.44706	-62.49539	3686.8	m	o	0.02689	36	7.736	4.113
CWNU 1459		145.585	-38.45806	3688.6	m	o	0.03657	83	9.438	0.3032
Gaia 6	UBC 1395	122.10821	-23.69874	3694.5	m	o	0.04371	135	9.302	0.4023
UBC 1274		75.83497	40.97426	3694.6	m	o	0.1117	78	8.58	1.222
FSR 1253	MWSC 1221|SAI 76	111.56923	-18.43651	3696.3	m	o	0.06724	169	8.476	1.808
UBC 275		167.7132	-65.71076	3697.7	m	o	0.03746	57	8.521	1.28
UBC 1162	Theia 7701	329.51919	60.18482	3698.4	m	o	0.07518	49	8.587	2.54
UBC 1284		88.08131	33.75837	3699.9	m	o	0.02057	38	8.78	1.36
HSC 934		359.89723	62.44023	3700.1	m	o	0.07526	57	8.317	1.569
HSC 2343		156.81547	-59.27063	3704.9	m	o	0.04529	19	8.061	1.8
CWNU 1310		300.08646	32.7933	3706.9	m	o	0.07253	53	8.01	3.235
HSC 1104		35.91567	56.73617	3708.2	m	o	0.04536	43	8.314	1.406
HSC 2930		261.82747	-33.38786	3709.7	m	o	0.1265	72	7.253	6.35
HSC 2956		252.42097	-24.3759	3710.2	m	o	0.07695	16	9.743	0.7158
Waterloo 1	Theia 4050|UBC 609	64.65289	52.86356	3710.6	m	o	0.2909	122	7.293	2.609
CWNU 2333		115.56075	-25.88315	3711.2	m	o	0.06786	37	8.313	0.8891
HSC 551		289.66903	37.33199	3712.4	m	o	0.04852	17	9.606	0.6831
SAI 116	FSR 1596|MWSC 1978|OC 0572|Teutsch 230	177.31589	-62.2257	3712.7	m	o	0.03713	155	7.794	2.896
BH 151	vdBergh-Hagen 151	205.04414	-61.72825	3713.2	m	o	0.02199	42	7.13	4.816
HSC 307		284.40311	-2.96947	3714.8	m	o	0.1022	13	8.815	3.253
HSC 2165		130.73043	-49.56193	3715.6	m	o	0.04796	25	8.229	1.968
Theia 6978	LISC 0901|UBC 1438	133.92392	-38.56684	3715.7	m	o	0.0514	161	8.885	1.348
UBC 1385		116.74586	-20.97261	3717	m	o	0.03464	142	8.64	0.8778
FSR 0154	FSR 154|MWSC 3181|SAI 131	297.0114	23.35257	3717.1	m	o	0.05567	163	8.344	4.361
Teutsch 83	DSH J1640.5-4527	250.14232	-45.46787	3717.9	m	o	0.0241	119	7.613	4.881
HSC 571		304.16997	34.43271	3717.9	m	o	0.03658	46	8.814	5.761
HSC 1520		95.17228	19.38799	3718.7	m	m	0.3927	95	8.201	1.723
FSR 1586	MWSC 1938|SAI 115	170.67515	-62.31559	3720.1	m	o	0.04583	110	7.5	3.783
HSC 1201		65.39028	53.66777	3721.3	m	o	0.09517	36	7.117	2.444
HSC 1943		116.95844	-25.88347	3722	m	o	0.03542	18	8.244	0.6503
HSC 325		266.63357	8.94371	3722.7	m	o	0.1575	28	9.873	0.3713
Czernik 24	FSR 881|MWSC 695|OCL 472	88.85242	20.87711	3722.7	m	o	0.03664	149	9.08	1.972
Kronberger 28	DSH J2006.5+3534	301.65905	35.55037	3723	m	o	0.06024	12	8.28	2.601
UBC 1389	ESO 493-8|MWSC 1323|NGC 2448	116.09194	-24.72826	3725.3	m	o	0.04822	68	8.809	0.939
HSC 527		299.31947	29.19154	3725.3	m	o	0.06226	128	8.002	3.366
HSC 914		353.72551	63.37183	3725.7	m	o	0.02338	69	8.411	4.294
UBC 1435		121.73669	-40.62199	3726.4	m	o	0.04435	55	8.799	1.694
Teutsch 145	DSH J1842.4-0515|MWSC 2978	280.62264	-5.24969	3728.2	m	o	0.02456	64	8.616	5.225
HSC 1476		89.96465	23.64617	3729	m	o	0.2329	82	7.45	2.784
UBC 590		313.84187	47.55955	3730.9	m	o	0.02849	17	7.122	3.612
HSC 2352		161.53337	-56.52634	3733.6	m	o	0.06515	18	8.786	1.954
HSC 964		8.438	63.17485	3737.2	m	o	0.09721	31	7.747	2.22
HSC 602		304.95302	38.6996	3737.4	m	o	0.03421	26	7.27	4.317
UBC 1486		164.88913	-58.19612	3737.8	m	o	0.0453	96	8.886	2.026
UBC 135	OC 0097	299.8171	33.72389	3740.2	m	o	0.07482	163	7.965	2.449
HSC 2794		248.23232	-46.32988	3744.7	m	o	0.02836	27	8.806	5.284
Ruprecht 41	ESO 493-31|FSR 1318|MWSC 1378|OCL 673	118.42423	-27.00725	3746.3	m	o	0.05618	111	8.461	1.104
CWNU 2161		55.84524	60.72137	3746.7	m	o	0.05539	42	7.527	3.123
Theia 2145		145.80311	-54.29993	3749.7	m	o	0.1524	45	8.18	2.173
HSC 554		300.23962	32.94515	3752.1	m	o	0.05782	96	7.156	2.495
UBC 1351		107.72572	-3.42907	3755.2	m	o	0.0378	56	8.968	0.3635
HSC 2798		248.80922	-46.17952	3757.2	m	o	0.05252	81	7.591	4.676
UBC 261		159.93741	-60.47527	3758.2	m	o	0.06523	115	7.963	1.21
HSC 1652		101.42519	2.99317	3759	m	o	0.03517	47	8.17	2.07
FSR 0394	CWNU 2183|FSR 394|MWSC 3675|SAI 147	343.81349	58.71061	3761.2	m	o	0.04486	131	9.223	3.162
Casado 13	CWNU 2044	10.29127	63.59095	3764.7	m	o	0.06304	61	7.51	3.023
SAI 81	ASCC 43|MWSC 1362|MWSC 1374	118.03564	-28.12562	3764.7	m	o	0.06464	148	8.285	1.648
HSC 1389		82.41027	30.03825	3765.1	m	o	0.02551	21	9.118	2.185
FSR 0948	FSR 948|MWSC 867|SAI 64	96.48317	15.85542	3766.3	m	o	0.04093	75	8.687	1.178
HSC 2561		197.61251	-63.39707	3770	m	o	0.03745	85	7.894	4.256
Teutsch 4	DSH J0438.2+4317|UBC 1265	69.583	43.29915	3770.3	m	o	0.04932	69	8.825	2.011
UBC 1212		15.02946	58.32225	3771.8	m	o	0.05411	62	9.093	1.725
CWNU 2206		75.03521	34.37898	3772.8	m	o	0.03293	26	8.275	2.337
Ruprecht 63	BH 35|ESO 210-1|FSR 1444|MWSC 1504|OCL 758|OC 0488	128.16383	-48.3012	3773.3	m	o	0.05444	196	8.64	1.35
HSC 1488		77.00388	14.40043	3773.8	m	m	0.3209	31	9.206	1.056
CWNU 2592		297.68806	22.65882	3776.4	m	o	0.09535	37	7.427	2.587
Mayer 3	DBSB 5	112.52486	-18.54627	3777.1	m	o	0.04046	19	6.965	3.71
UBC 1182		352.86938	61.39122	3777.4	m	o	0.07711	114	7.943	2.376
UBC 433		87.69423	28.74143	3777.7	m	o	0.06593	62	8.919	1.761
CWNU 2280		170.07571	-61.14825	3778.4	m	o	0.01938	30	8.387	2.699
Casado 14		10.8681	62.61646	3778.9	m	o	0.08327	109	7.975	3.059
Teutsch 51	DSH J0553.8+2649|FSR 0847|FSR 847|Koposov 52|MWSC 693	88.4641	26.82959	3782.6	m	o	0.05254	140	8.877	3.172
HSC 375		289.21767	8.75446	3782.7	m	o	0.04724	25	8.216	4.666
CWNU 1544		180.20573	-64.05717	3783.4	m	o	0.03945	39	8.344	3.066
FSR 0647	Alicante 1|Theia 3619|UBC 1249	59.80599	57.23547	3784.2	m	o	0.1392	151	7.946	1.597
HSC 2768		243.91643	-48.64465	3785.1	m	o	0.01257	20	8.213	5.501
HSC 1552		99.14232	17.16456	3785.8	m	o	0.1722	126	8.375	1.123
CWNU 1497		70.79793	54.91282	3789.3	m	o	0.07089	28	8.094	1.819
CWNU 1502		350.89187	60.62547	3791.4	m	o	0.03997	32	7.679	2.81
HSC 1320		79.73143	38.45113	3793.1	m	o	0.06864	15	8.703	2.299
UBC 1524		214.48228	-62.56237	3796	m	o	0.03434	125	8.872	3.871
UBC 1387		116.17382	-23.26038	3796.8	m	o	0.05492	56	8.238	0.9422
CWNU 2914		125.08564	-44.86489	3798.9	m	o	0.09136	57	8.636	2.229
UBC 442		100.58384	-4.60499	3800.1	m	o	0.05852	89	8.844	1.224
Theia 2121		149.44076	-58.05993	3801.3	m	o	0.181	28	7.524	3.855
HSC 1282		86.53598	48.34536	3801.7	m	o	0.09899	72	8.989	1.051
UBC 1418		122.14018	-30.38549	3802.8	m	o	0.02922	25	8.285	1.197
BH 84	vdBergh-Hagen 84	150.33053	-58.22375	3803	m	o	0.02802	110	8.208	2.753
HSC 1487		92.84582	23.64889	3803.3	m	o	0.07122	24	8.942	1.595
UBC 1519		194.4103	-65.25703	3803.8	m	o	0.04186	67	8.62	2.196
Teutsch 330	UBC 1166	338.91755	56.20167	3804.5	m	o	0.05606	27	8.035	2.066
Czernik 3		15.77697	62.7848	3807.5	m	o	0.01244	61	8.333	3.478
HSC 1992		116.9594	-31.88862	3811.7	m	o	0.1003	34	7.778	2.377
Teutsch 54	DSH J2247.4+5946|MWSC 3661	341.8533	59.78533	3815.1	m	o	0.08164	82	8.018	3.577
HSC 1310		78.92731	39.64158	3816.4	m	o	0.02157	28	8.559	1.464
HSC 1892		110.63342	-23.62721	3817.1	m	o	0.06572	37	8.669	2.236
HSC 549		300.57821	31.59703	3817.5	m	o	0.04145	22	8.668	3.014
UBC 1085		301.55799	32.4496	3818.5	m	o	0.03274	85	8.244	4.115
Alessi 59	DSH J0652.3+0211|MWSC 1004	103.07517	2.19747	3819.7	m	m	0.4739	123	8.14	1.418
UBC 1391		115.73181	-25.19811	3821.6	m	o	0.1226	80	7.949	0.9575
FSR 1591	MWSC 1959	174.25793	-62.73721	3822.2	m	o	0.02292	31	8.259	4.917
UBC 1499		173.86664	-55.63598	3823.6	m	o	0.06183	116	8.892	0.9867
HSC 262		280.24985	-5.64531	3824.5	m	o	0.04543	69	7.195	3.513
HSC 529		298.66847	29.80024	3825.1	m	o	0.02819	17	6.82	2.722
CWNU 2745		183.39102	-63.02844	3825.2	m	o	0.05699	56	7.432	3.469
HSC 480		295.23257	23.03591	3825.7	m	o	0.1019	57	6.933	5.441
Teutsch 90	DSH J0530.4+2706	82.60489	27.09933	3826.9	m	o	0.02127	16	9.3	1.328
HSC 694		320.05776	44.42731	3827.1	m	o	0.03165	46	9.199	1.388
UBC 1261		71.78187	49.81158	3827.8	m	o	0.05344	51	8.786	1.889
CWNU 2151		341.93198	55.55047	3830.4	m	o	0.09205	28	8.342	1.681
Teutsch 127	SBB 2	334.74317	56.12286	3834.3	m	o	0.01606	17	6.521	2.448
HSC 2344		158.55715	-58.30407	3838.5	m	o	0.04436	26	8.654	2.705
HSC 2203		141.99238	-47.33035	3841.9	m	o	0.01923	74	8.455	4.806
CWNU 2564		342.62305	61.22285	3842.3	m	o	0.04253	42	7.542	4.278
HSC 797		334.83072	55.98338	3843.1	m	o	0.07931	52	7.103	2.107
HSC 2570		199.54471	-63.80772	3843.9	m	o	0.03016	25	8.494	3.536
SAI 94	MWSC 1549|Theia 2626	131.18004	-46.28644	3844.3	m	o	0.0504	84	8.883	1.883
HSC 1329		82.46185	38.46164	3844.4	m	o	0.1415	129	7.489	2.894
HSC 2966		263.09259	-30.37403	3844.9	m	o	0.03518	64	9.298	4.556
Berkeley 77	FSR 1138|MWSC 1188|MWSC 1189|OCL 555	110.35872	-3.23882	3845.5	m	o	0.03928	105	8.976	0.1762
HSC 2322		153.19555	-58.16755	3848.1	m	o	0.1372	36	7.1	3.189
OC 0179	OC 0178	338.4365	56.53689	3850.2	m	o	0.07679	60	7.275	1.867
Teutsch 143b	DSH J1108.5-6044|DSH J1108.6-6042|FSR 1570|MWSC 1898|Teutsch 143a|Wray 1|Wray 15-751	167.14611	-60.74473	3850.9	m	o	0.03105	138	8.568	2.223
HSC 1203		65.4388	53.37565	3852.1	m	o	0.09738	44	7.157	2.566
HSC 1217		62.55209	47.84571	3852.4	m	o	0.04349	22	8.259	2.826
CWNU 2122		126.99769	-37.45532	3852.8	m	o	0.1509	76	8.042	2.233
UBC 1317		89.54036	9.60205	3852.9	m	o	0.04251	57	9.307	0.4959
Berkeley 28	Biurakan 10|MWSC 1002|OCL 532	103.0293	2.91876	3854.8	m	o	0.04134	117	8.531	1.936
HSC 1927		111.80333	-27.17922	3855.3	m	o	0.06604	34	9.508	0.2705
Theia 4367	CWNU 1608	176.63076	-62.04544	3855.9	m	o	0.0487	76	8.306	1.89
SAI 14	MWSC 120	21.49111	62.61706	3857.1	m	o	0.04072	82	8.732	3.267
Andrews-Lindsay 5	Andrews Lindsay 5	281.07817	-4.92993	3857.8	m	o	0.02779	154	8.035	4.421
HSC 279		281.27631	-4.85881	3863.6	m	o	0.03419	47	7.658	4.131
Theia 2395	CWNU 2258	295.10882	24.24442	3863.7	m	o	0.1294	100	7.231	3.439
HSC 2640		212.92321	-61.71618	3866.9	m	o	0.03338	20	8.647	5.177
CWNU 2223		203.1191	-62.29267	3868.5	m	o	0.04132	128	7.501	4.31
Theia 1851		7.50329	62.83403	3868.9	m	o	0.03448	24	7.643	2.8
CWNU 1287		325.09885	50.52543	3868.9	m	o	0.1516	104	7.011	2.284
UBC 1148		328.18905	53.929	3869.7	m	o	0.03803	40	8.388	3.74
HSC 486		295.10732	24.24729	3870.2	m	o	0.07791	44	6.963	3.503
Koposov 43	FSR 0828|FSR 828|MWSC 687|MWSC 688	88.09138	29.91155	3871.1	m	o	0.04976	114	8.977	1.496
HSC 2428		170.61729	-61.5809	3871.2	m	o	0.04542	27	8.371	3.136
CWWL 3078		71.76971	60.85881	3871.8	m	o	0.1209	140	8.738	1.938
HSC 980		12.86331	62.97229	3872.8	m	o	0.09127	125	7.991	2.311
HSC 1342		85.9616	38.22429	3873.8	m	o	0.04453	41	9.127	1.294
Berkeley 27	Biurakan 11|MWSC 999|OCL 521|OC 0344	102.83743	5.76846	3874.6	m	o	0.03809	157	8.726	1.09
HSC 1094		39.11405	63.845	3874.7	m	o	0.08333	17	8.467	2.252
HSC 1486		89.67029	22.02219	3876.7	m	o	0.2003	155	8.434	2.247
HSC 1312		81.30466	40.24621	3881.5	m	o	0.05655	37	8.352	1.941
HSC 773		327.57506	54.8756	3883.8	m	o	0.0354	74	7.943	4.682
HSC 1414		82.20356	27.36254	3884.7	m	o	0.05162	33	8.608	2.038
UBC 388		337.5644	56.58608	3884.8	m	o	0.0679	61	7.611	2.307
UBC 1396		118.50193	-26.76044	3886.6	m	o	0.01738	32	8.194	0.7119
FSR 0239	FSR 239|MWSC 3334	306.21308	42.80083	3888.6	m	o	0.05993	29	9.158	5.226
UBC 1406		122.31762	-27.02089	3891.2	m	o	0.07	41	8.625	0.4721
UBC 1352		110.46099	-5.43663	3895.1	m	o	0.05711	70	8.903	0.3674
HSC 476		285.01903	27.54253	3896.6	m	o	0.1005	16	9.433	2.989
Dias 2	MWSC 756	92.28852	4.57143	3897.1	m	o	0.04061	56	9.213	0.3406
UBC 363		299.27739	31.87044	3898.3	m	o	0.06214	115	7.681	3.149
HSC 1540		96.77895	17.73563	3899.1	m	o	0.08318	66	8.187	0.7356
UBC 453		109.52274	-20.28594	3899.2	m	o	0.05333	79	8.253	1.616
CWNU 2657		120.81698	-33.19228	3901.5	m	o	0.02056	53	8.157	2.496
HSC 2382		163.49287	-60.108	3901.6	m	o	0.03017	59	8.381	2.103
OC 0537	LISC 0192	153.76794	-58.23449	3902.6	m	o	0.05215	138	7.607	3.045
CWNU 2364		295.51569	24.19337	3902.9	m	o	0.02201	40	8.392	4.013
UBC 495		144.95184	-57.27421	3902.9	m	o	0.0491	90	8.506	1.627
CWNU 1378	Theia 4338	123.96411	-33.98296	3905.2	m	o	0.06221	89	8.982	0.5551
HSC 807		336.73138	55.63961	3905.3	m	o	0.05731	29	7.241	1.701
SAI 16	MWSC 165	31.38979	62.26545	3906.7	m	o	0.0762	152	8.435	2.544
UBC 607		47.74662	50.27847	3909.1	m	o	0.08038	129	9.361	1.911
HSC 905		353.43823	60.04007	3910.5	m	o	0.0185	39	8.378	4.493
HSC 1083		40.88177	67.62697	3911	m	o	0.06615	43	9.077	3.468
HSC 1545		95.01206	15.86786	3911.4	m	o	0.03709	19	7.562	2.998
HSC 2002		122.14639	-30.81489	3911.4	m	o	0.03356	21	8.7	0.873
FSR 0869	FSR 869|Koposov 63|MWSC 772|MWSC 773|Teutsch J0610.0+2434	92.52098	24.56542	3914	m	o	0.05828	64	8.779	1.579
CWNU 2570		240.13635	-55.0607	3917.4	m	o	0.02473	25	7.946	4.243
UBC 1393	Theia 2018	116.11796	-26.64011	3918.3	m	o	0.1052	61	8.068	1.042
Alessi 17	MWSC 1271	113.85199	-15.09841	3921.4	m	o	0.03213	49	8.38	0.886
UBC 1312		98.48368	18.34458	3922.5	m	o	0.17	63	8.117	0.854
HSC 125		264.86189	-16.81024	3927.9	m	o	0.1071	18	9.495	2.643
HSC 1824		115.90949	-13.33026	3931.6	m	o	0.09937	39	9.177	1.196
Haffner 20	BH 16|ESO 430-4|MWSC 1385|OCL 692	119.06529	-30.36881	3933.1	m	o	0.02395	102	8.308	2.121
HSC 546		302.20945	29.83756	3935.4	m	o	0.06823	23	8.462	4.52
HSC 2506		185.50073	-62.29981	3936.6	m	o	0.03256	180	7.982	3.138
Gulliver 46	BH 130|Collinder 255|DSH J1224.9-6158|ESO 131-3|FSR 1614|MWSC 2024|Melotte 110|NGC 4349|OCL 882|Teutsch 108|Theia 3079	186.23409	-61.97228	3938.2	m	o	0.03276	131	7.422	3.076
HSC 732		320.73882	50.26635	3938.9	m	o	0.0966	25	8.253	3.572
HSC 2908		295.15859	-46.60048	3940.5	m	o	0.1207	23	9.86	0.3577
CWNU 2410		183.08268	-61.96949	3941.6	m	o	0.04627	77	7.752	3.51
Berkeley 96	FSR 359|MWSC 3630|OCL 232	337.47298	55.41182	3942.2	m	o	0.02955	71	7.31	1.904
HSC 1945		117.23725	-26.28199	3942.7	m	o	0.07139	28	7.879	0.6298
UBC 438		94.68668	15.28444	3945.4	m	o	0.1346	67	7.043	2.917
UBC 1286		89.23871	32.44917	3946	m	o	0.0789	54	8.689	1.097
CWNU 2300		154.6162	-59.82258	3946.5	m	o	0.04034	47	8.935	2.108
Ruprecht 54	BH 20|ESO 430-23|FoF 386|MWSC 1444|OCL 710	122.84397	-31.94888	3949.4	m	o	0.03381	127	8.901	0.6725
UBC 1323		101.95333	11.4088	3955	m	o	0.07671	71	8.682	0.6911
UBC 1215		17.66816	61.66593	3955.9	m	o	0.0369	53	8.128	2.166
HSC 416		287.92621	17.35726	3956.3	m	o	0.1214	13	9.576	3.134
NGC 133	UBC 185	7.8012	63.38622	3956.5	m	o	0.0368	64	8.202	2.291
HSC 1180		64.20513	58.05696	3957	m	o	0.14	54	7.817	2.372
Ruprecht 28	ESO 429-7|FSR 1323|MWSC 1299|OCL 680|OC 0424|OC 0425	114.90436	-30.93492	3957	m	o	0.05297	190	9.082	0.8945
UBC 1296		91.93152	29.03722	3960.3	m	o	0.104	109	7.803	1.559
HSC 1365		88.28952	36.12393	3960.4	m	o	0.1039	14	7.678	1.415
HSC 89		255.0113	-14.59238	3964.6	m	o	0.0678	19	8.966	2.876
UBC 476		126.60143	-33.83348	3968	m	o	0.06953	63	8.294	0.7708
Teutsch 58	DSH J0606.6+1557|FSR 926|SAI 60	91.6593	15.94867	3968.8	m	o	0.01975	40	8.996	4.047
UBC 1386		115.85309	-23.40385	3972	m	o	0.1162	194	8.035	1.142
NGC 2467	UBC 1615	117.99676	-26.41051	3972.7	m	o	0.1002	21	8.394	0.7336
CWNU 2366		313.67533	47.67274	3974.9	m	o	0.04468	113	8.36	3.662
FSR 0494		6.39599	63.75551	3977.4	m	o	0.04125	119	8.445	2.935
AH03 J0748+26.9	AH03 J0748-26.9|AH03 J0748 26.9|FSR 1315|MWSC 1347|MWSC 1348	117.15589	-26.97268	3979.1	m	o	0.03411	68	8.062	1.037
UBC 1326		96.78541	7.81723	3979.7	m	o	0.07556	39	8.686	1.26
DC 8	MWSC 758|Teutsch J0609.3+3113	92.33946	31.22557	3980.5	m	o	0.01482	41	8.68	2.836
HSC 1435		88.94877	28.07259	3982.3	m	o	0.04507	40	8.939	1.543
CWNU 1810		83.19039	40.78032	3982.6	m	o	0.07103	31	7.783	1.663
FSR 1113	MWSC 1126	107.29549	-1.50549	3984.8	m	o	0.04255	39	9.133	0.2902
UBC 1463		136.99424	-56.41229	3985.4	m	o	0.02783	45	9.172	0.5821
FSR 0687	FSR 687|MWSC 406|SAI 37	69.83293	48.20685	3988.5	m	o	0.05347	64	9.1	3.795
HSC 1036		25.14993	60.90777	3991.8	m	o	0.06301	32	8.309	2.056
HSC 806		333.13163	58.31558	3994.4	m	o	0.137	29	8.797	3.819
LS 343	CWNU 2305|La Serena 343	245.18168	-49.69679	3994.4	m	o	0.03318	89	7.949	6.649
UBC 1506		177.5347	-60.71401	3995.1	m	o	0.05602	86	8.529	2.444
HSC 790		329.30531	59.08605	3995.1	m	o	0.04226	16	9.128	2.575
HSC 2088		123.02065	-44.12071	3995.4	m	o	0.05314	41	8.031	2.179
Czernik 27	MWSC 1078|OCL 526	105.83319	6.38321	3995.9	m	o	0.03716	88	8.97	0.1161
Berkeley 94	MWSC 3618|OCL 231	335.71766	55.86971	3999.5	m	o	0.04803	65	7.083	1.837
HSC 1952		118.84336	-26.25965	4000	m	o	0.0193	16	7.584	1.572
UBC 1165		336.60929	56.43151	4000.9	m	o	0.2144	99	7.404	2.109
HSC 1595		100.74368	12.51085	4001.4	m	o	0.104	53	8.271	0.9009
CWNU 2004		15.26753	63.11381	4002.1	m	o	0.07342	56	7.612	2.619
HSC 2141		132.87554	-45.85031	4002.5	m	o	0.04216	51	8.107	4.023
HSC 264		280.5826	-5.78375	4002.6	m	o	0.02137	11	7.498	5.759
HSC 1172		61.55743	58.44067	4011	m	o	0.07858	68	7.582	2.306
HSC 2477		180.14152	-62.863	4012.2	m	o	0.06081	29	8.672	3.226
HSC 1620		101.08869	6.97839	4012.4	m	o	0.1082	112	8.219	1.478
UBC 412		12.92854	63.81819	4013.6	m	o	0.07285	51	7.8	2.485
HSC 2823		278.13375	-55.32203	4015.8	m	o	0.2113	24	9.758	0.2571
HSC 1625		98.30921	5.37454	4019	m	o	0.03888	28	8.75	2.654
UBC 1269		77.75082	45.20428	4019.7	m	o	0.02668	36	8.611	1.715
Haffner 19		118.18549	-26.28015	4024.9	m	o	0.01707	23	7.899	1.374
Kronberger 54	DSH J2003.1+3158	300.78058	31.96393	4025	m	o	0.02521	72	7.028	3.956
Juchert J0649.4+1202	UBC 204	102.36941	12.04228	4025.4	m	o	0.07826	103	7.9	0.7218
Theia 2406		117.41553	-26.84386	4028.2	m	o	0.06136	137	8.653	0.8325
UBC 1400		118.32621	-28.24799	4028.4	m	o	0.05024	36	7.921	1.217
BH 19	ESO 430-21|MWSC 1433|vdBergh-Hagen 19	121.76848	-32.35787	4029.3	m	o	0.04965	152	8.541	2.336
FSR 0941	FSR 941|MWSC 846	95.43182	15.76657	4031	m	o	0.05015	106	8.656	2.462
UBC 471		121.5569	-33.055	4031.7	m	o	0.0686	123	8.502	1.303
UBC 1063		292.41747	19.44177	4037.7	m	o	0.0288	76	8.113	4.082
HSC 936		356.83065	68.25153	4038	m	o	0.0722	130	8.803	3.391
HSC 543		300.83356	30.42328	4039	m	o	0.09069	71	6.937	4.155
UBC 512		166.42103	-60.45383	4039.4	m	o	0.04252	105	8.376	1.736
CWNU 2089		176.88641	-62.78957	4043.8	m	o	0.0453	113	8.209	4.191
ESO 430-18	ESO 430 18|MWSC 1431|UBC 470	121.72626	-30.87554	4045.7	m	o	0.1048	89	7.927	0.6615
Haffner 4	MWSC 1094|OCL 583|OC 0389	106.51495	-15.00527	4046.8	m	o	0.02734	110	8.707	1.132
CWNU 1315		132.71594	-47.6668	4047.4	m	o	0.02804	20	8.106	3.275
HSC 1654		100.83803	2.3757	4048.1	m	o	0.05718	63	7.8	2.366
Teutsch J0021.7+6303	CWNU 2499	5.43416	63.05758	4051.3	m	o	0.0696	65	7.303	3.164
BH 55	ESO 314-1|FSR 1404|MWSC 1600|vdBergh-Hagen 55	134.0405	-39.52239	4052.5	m	o	0.06682	177	8.769	2.022
Berkeley 104	MWSC 8|OCL 282	0.85813	63.59006	4052.5	m	o	0.04331	72	8.758	1.688
HSC 506		296.62423	26.62554	4052.5	m	o	0.06208	26	8.649	3.494
CWNU 1492		139.35443	-44.70265	4055.1	m	o	0.08906	71	8.797	2.143
HSC 2960		259.78413	-28.75967	4056.4	m	o	0.1387	23	9.194	3.456
HSC 2140		131.18012	-46.15117	4058.2	m	o	0.01602	17	8.058	2.012
HSC 2575		199.64624	-62.46612	4059.3	m	o	0.05361	187	7.518	3.905
HSC 1895		162.76556	10.54141	4063.9	m	m	0.2518	23	9.462	2.721
FSR 0465	FSR 465|MWSC 3765|SAI 151	357.75149	66.18379	4064.9	m	o	0.0791	97	9.021	3.91
Teutsch 66	DSH J0933.4-5223|MWSC 1688	143.37581	-52.38093	4065	m	o	0.04628	76	8.38	3.083
BH 150	vdBergh-Hagen 150	204.51717	-63.34404	4065.1	m	o	0.03881	79	7.802	4.473
Berkeley 66	FSR 624|MWSC 255|OCL 373	46.01924	58.742	4065.4	m	o	0.07057	160	8.482	3.887
HSC 1380		90.76681	35.01151	4066.7	m	o	0.08982	80	8.507	1.519
HSC 1416		83.80406	28.07262	4067.5	m	o	0.05192	34	8.93	2.127
HSC 407		289.20456	14.17782	4069	m	o	0.0714	144	7.944	3.421
HSC 458		294.27556	20.49132	4069.2	m	o	0.02552	18	7.458	4.397
CWWL 2073	CWWL 1438	116.94213	-24.7048	4070.7	m	o	0.1055	44	8.747	0.5594
UBC 241		127.06285	-31.01205	4071.7	m	o	0.05704	92	8.916	0.2144
Gulliver 42	Dolidze 39	303.92567	37.84452	4074	m	o	0.02992	78	8.131	3.18
HSC 1775		103.93637	-13.48312	4078.8	m	o	0.05547	24	8.343	1.011
UBC 1490		163.66051	-60.64857	4079	m	o	0.07804	82	8.256	1.34
HSC 1571		92.78223	11.77364	4084.5	m	o	0.01225	46	8.678	1.827
UBC 1511		180.41566	-62.7751	4087.1	m	o	0.03637	91	8.3	2.532
HSC 1153		56.91564	58.5412	4089.8	m	o	0.1778	18	7.273	2.424
HSC 1300		81.66208	42.22745	4089.8	m	o	0.07972	102	8.56	1.107
FSR 0702	CWNU 1688	72.91944	45.77619	4093.6	m	o	0.06375	55	7.311	2.969
CWNU 1434	Theia 3265	117.13573	-25.77235	4093.9	m	o	0.02023	19	9.049	0.6399
HSC 535		298.99282	30.24762	4094.4	m	o	0.05157	36	6.707	2.118
UBC 510		163.21962	-62.74658	4095.6	m	o	0.03458	81	8.219	1.362
HSC 1101		36.3077	58.22114	4098.3	m	o	0.06621	36	9.159	2.036
HSC 787		331.27462	56.3333	4098.5	m	o	0.01229	25	7.585	3.737
NGC 2580	BH 28|Collinder 183|ESO 431-6|MWSC 1476|OCL 709	125.36932	-30.30482	4099.8	m	o	0.06312	195	8.956	0.2294
FSR 0344	FSR 344|MWSC 3580	330.43448	54.80173	4100.8	m	o	0.03905	74	9.04	3.556
FSR 0276	FSR 276|MWSC 3371	308.62089	49.94904	4100.9	m	o	0.06291	188	8.816	4.008
FSR 0134	FSR 134|MWSC 3112	291.12853	16.88624	4101.4	m	o	0.04996	149	8.858	5.322
HSC 65		266.35058	-23.09481	4101.7	m	o	0.08778	11	9.369	4.531
FSR 1595		176.76844	-62.63627	4104.6	m	o	0.0402	70	7.68	2.916
FSR 1402	MWSC 1626|SAI 102	136.44314	-37.87514	4105.9	m	o	0.04815	107	9.096	1.098
CWNU 2735		169.7503	-61.37716	4106.3	m	o	0.02205	47	7.951	3.293
HSC 1680		102.61894	-0.32533	4110.6	m	o	0.05253	39	7.782	1.795
UBC 1468		146.58472	-53.58533	4110.8	m	o	0.04931	83	8.17	3.379
HSC 919		356.51627	62.27647	4110.9	m	o	0.01754	33	8.231	2.903
Gulliver 3		122.53264	-37.24835	4114.5	m	o	0.02642	48	8.116	1.855
FSR 1725	MWSC 2420	247.67125	-50.13143	4117.6	m	o	0.05581	31	6.958	5.759
Theia 2032		248.83967	-46.57581	4119.3	m	o	0.1044	49	7.553	4.819
SAI 40	HD 277249 Group|Teutsch 196|UBC 431	75.21148	41.22491	4124.4	m	o	0.03939	135	8.528	1.434
CWNU 2661		122.50296	-29.85441	4126.2	m	o	0.06087	98	8.935	1.177
SAI 113		155.6741	-59.50897	4126.3	m	o	0.05663	59	7.403	2.891
HSC 1443		85.69332	25.28533	4128.2	m	o	0.08714	32	8.593	1.925
HSC 2294		147.17037	-58.66806	4130	m	o	0.05619	85	8.379	2.207
Haffner 7	BH 1|ESO 428-24|FSR 1311|MWSC 1197|OCL 661	110.73072	-29.49658	4131.2	m	o	0.04328	136	8.923	0.4044
HSC 496		296.2992	24.95041	4131.3	m	o	0.1373	14	8.77	4.962
UBC 662		178.89765	-61.5329	4131.6	m	o	0.03752	58	7.353	2.354
HSC 1681		112.73349	4.63059	4135.2	m	o	0.08588	11	9.197	0.2046
HSC 1353		79.85848	33.64142	4135.7	m	o	0.05024	14	8.881	1.841
CWNU 2738		158.74585	-58.91688	4138.2	m	o	0.01865	30	7.183	3.745
HSC 99		263.05366	-18.97602	4141	m	o	0.07864	10	9.426	2.838
HSC 1431		87.37072	27.61042	4145.9	m	o	0.08723	13	8.798	2.556
UBC 1072		297.87833	29.84671	4147	m	o	0.06158	145	7.459	2.34
OC 0523		144.73215	-54.5138	4147.1	m	o	0.06699	169	7.87	2.954
HSC 2159		130.78044	-48.60319	4147.2	m	o	0.02312	28	8.307	2.81
CWNU 2616		199.29759	-63.89099	4147.7	m	o	0.03141	38	7.714	3.081
HSC 1926		115.21727	-25.33215	4147.8	m	o	0.1484	60	8.051	1.349
HSC 488		297.8217	23.13672	4149.4	m	o	0.03829	15	8.499	3.366
HSC 748		324.06129	52.99245	4151.1	m	o	0.07211	35	8.254	2.824
UBC 1411		118.74353	-29.80175	4151.5	m	o	0.04444	110	8.709	1.442
UBC 1108		298.08453	44.79366	4152.8	m	o	0.03659	129	9.26	1.082
Teutsch 93	DSH J0650.8+0131	102.71527	1.52642	4154.3	m	o	0.03512	137	8.18	1.615
HSC 2581		201.00684	-63.2034	4154.6	m	o	0.02954	47	7.535	2.261
HSC 960		8.23806	58.36278	4155.9	m	o	0.05364	33	8.159	2.253
CWNU 2441		350.05393	56.6538	4157.3	m	o	0.04986	26	8.237	2.623
NGC 2401	Collinder 149|MWSC 1241|OCL 588	112.35078	-13.96811	4159.1	m	o	0.02504	84	7.958	0.8849
HSC 1482		90.62316	22.87243	4161.5	m	o	0.073	52	8.741	2.537
HSC 1963		119.68011	-26.58634	4162.6	m	o	0.09327	38	8.454	1.225
CWNU 2286		109.72127	-8.4242	4163.7	m	o	0.05573	96	8.98	0.6386
HSC 794		333.16428	57.26201	4164	m	o	0.02684	33	8.178	3.037
HSC 1967		118.0078	-27.66597	4171.5	m	o	0.05387	26	7.917	1.669
Berkeley 91	FSR 287|MWSC 3476|OCL 206	317.72049	48.54151	4174.8	m	o	0.0324	82	9.269	3.46
HSC 1583		99.40579	13.30547	4176.8	m	o	0.1587	86	8.168	1.17
CWNU 2682		299.76384	26.21937	4179.6	m	o	0.04928	67	8.431	4.985
CWNU 1734		163.06705	-59.63009	4179.8	m	o	0.03333	85	8.979	2.88
Czernik 42	MWSC 3650|OCL 245	339.89338	59.9081	4182	m	o	0.02191	86	7.933	4.063
CWNU 2758		295.42249	26.15035	4184.6	m	o	0.08106	174	8.186	3.985
HSC 449		293.20533	19.37218	4186.5	m	o	0.0826	99	7.948	4.769
Teutsch 74	DSH J2145.6+5805|MWSC 3558|SAI 144	326.41695	58.0948	4193.5	m	o	0.03767	140	8.49	3.29
UBC 1143		324.70439	52.25579	4198.3	m	o	0.06047	123	8.081	2.856
HSC 1408		81.99017	27.82979	4198.3	m	o	0.06612	21	9.241	1.646
FSR 0316	FSR 316|MWSC 3545	325.21238	52.30292	4206.3	m	o	0.008187	17	8.295	3.065
SAI 47	MWSC 526	80.99675	42.31606	4209.7	m	o	0.1023	67	7.949	1.79
UBC 1322		101.54437	12.05256	4210.3	m	o	0.1342	84	8.499	0.5068
FSR 0508	FSR 508|MWSC 66|SAI 9	10.4703	64.95655	4211.5	m	o	0.03169	42	8.76	3.48
FSR 1441		129.88469	-47.09563	4214.8	m	o	0.03499	66	8.773	2.029
HSC 785		330.361	55.70715	4215.9	m	o	0.03166	39	7.031	3.656
UBC 1423		123.02484	-31.14896	4216.1	m	o	0.06775	57	8.638	0.8352
Teutsch 2		85.34292	39.23814	4216.8	m	o	0.03869	144	9.047	1.391
HSC 509		297.51035	26.4623	4222.2	m	m	0.2883	117	6.91	4.528
Gulliver 34	OC 0556	167.73602	-59.16806	4223.6	m	o	0.04537	64	8.424	1.357
Koposov 53	FSR 0856|FSR 856|MWSC 750|MWSC 751|Teutsch 9	92.23028	26.2604	4225.2	m	o	0.085	131	8.318	1.159
HSC 2801		248.41912	-45.81294	4226.7	m	o	0.02472	75	8.203	4.805
FSR 0833		91.31454	30.8026	4227.2	m	o	0.07081	36	7.223	1.828
CWNU 1541		135.3431	-40.47096	4238.2	m	o	0.04453	52	8.632	2.115
HSC 1690		101.65796	-2.09323	4240.1	m	o	0.02348	53	8.653	2.696
FSR 1209	MWSC 1105	106.78826	-13.82528	4240.2	m	o	0.03751	80	8.256	1.393
UBC 648		142.5547	-34.14185	4241.4	m	o	0.05725	82	9.309	0.2442
Loden 467		176.36881	-62.44401	4243	m	o	0.02299	21	7.596	2.423
HSC 2224		142.10975	-52.11785	4243.7	m	o	0.07625	17	7.349	2.883
CWNU 1918		296.55652	24.89344	4246.5	m	o	0.03294	117	7.61	3.986
HSC 1309		81.28114	40.96763	4247.2	m	o	0.156	198	8.194	1.599
HSC 2434		176.76919	-53.08912	4248.2	m	o	0.1148	16	9.777	0.4564
NGC 6847	CWNU 2345	299.19063	30.27712	4253.6	m	o	0.0279	21	8.096	2.305
HSC 2354		158.75915	-59.63121	4255.2	m	o	0.02704	46	7.964	2.769
HSC 1976		120.41889	-27.55231	4260	m	o	0.08528	20	7.317	0.6837
NGC 1624		70.16176	50.45807	4261.2	m	o	0.02772	24	7.324	2.578
CWNU 2232		163.50368	-59.18813	4263.3	m	o	0.111	108	7.726	2.384
UBC 1367		112.57787	-12.70632	4263.8	m	o	0.03391	80	8.67	0.9404
UBC 1313		96.8923	17.18896	4264.1	m	o	0.05864	81	8.577	1.352
HSC 1789		110.08242	-12.12864	4267.7	m	o	0.1135	74	8.731	1.403
Pismis 22		243.54346	-51.87287	4267.7	m	o	0.02482	62	7.695	6.453
UBC 276	BH 119|ESO 129-23|FSR 1588|Loden 402|MWSC 1951|MWSC 1954|OCL 858|Ruprecht 164	172.85685	-60.76466	4271.3	m	o	0.04013	70	8.627	1.521
CWNU 1405		167.13361	-59.44178	4273.8	m	o	0.0482	30	7.887	2.023
CWNU 2923		121.55424	-30.65942	4276.2	m	o	0.02799	21	8.605	1.05
UBC 594		359.46132	61.4447	4276.4	m	o	0.1259	93	8.515	2.042
HSC 1822		110.70303	-16.08602	4277.8	m	o	0.08786	23	9.724	2.649
UBC 466	Theia 6920	116.36233	-27.24478	4279.5	m	o	0.05924	132	8.686	1.477
Haffner 18	NGC 2467-east	118.16508	-26.38288	4280.2	m	o	0.007767	11	6.618	2.424
UBC 405		358.58506	62.5435	4282.1	m	o	0.06002	81	7.835	2.247
UBC 1590		182.88274	-64.80357	4282.4	m	o	0.04237	64	8.68	2.962
HSC 436		291.30926	18.72451	4297.6	m	o	0.04124	86	8.874	5.316
HSC 1386		89.81894	33.94002	4298.4	m	o	0.08925	57	8.623	2.084
FoF 1375	UBC 434	91.0376	28.04728	4300.5	m	o	0.07405	105	8.705	0.5499
CWNU 2555		334.12262	55.51206	4301.4	m	o	0.03094	61	8.573	2.494
PHOC 9		79.58694	41.93519	4302.7	m	o	0.07804	107	7.583	2.007
HSC 1814		113.47914	-13.55991	4304.9	m	o	0.1386	33	8.396	0.8885
UBC 626		106.4459	-2.29873	4305.5	m	o	0.07486	118	8.737	0.5838
CWNU 2614		351.58083	64.12889	4309.2	m	o	0.09108	25	7.302	3.004
UBC 1144		318.77538	56.19486	4309.2	m	o	0.04647	80	8.653	3.195
Casado 6		121.41401	-31.5962	4311.7	m	o	0.03651	34	8.25	0.9367
HSC 2386		164.25922	-59.69207	4316.4	m	o	0.04953	69	8.405	2.48
HSC 1168		51.07798	51.37258	4317.3	m	o	0.08228	17	9.22	1.507
HSC 1450		88.99535	25.71581	4323.2	m	o	0.1667	82	8.051	2.499
HSC 1600		100.56296	11.40481	4325.4	m	o	0.211	52	7.463	1.724
HSC 710		316.78953	49.11947	4329	m	o	0.0316	55	8.881	4.309
Theia 3265		117.05448	-25.867	4330.3	m	o	0.113	70	8.158	0.701
UBC 467		123.18064	-25.65755	4331.1	m	o	0.0989	95	9.054	0.3545
HSC 2459		178.82122	-58.13316	4331.7	m	o	0.06703	13	9.552	1.567
CWNU 1643		199.05043	-63.42586	4333.1	m	o	0.01308	20	6.829	3.725
HSC 768		331.35296	51.40263	4335.4	m	o	0.08325	20	7.809	0.9727
Juchert-Saloran 1	DSH J0016.3+5957|FSR 478|JS 1|Juchert-Saloranta 1|Juchert Saloran 1|MWSC 28|OC 0221	4.08127	59.96528	4337.7	m	o	0.02764	91	8.574	2.811
FSR 1234	UBC 633	112.78365	-15.43733	4340.5	m	o	0.03944	19	7.489	2.199
CWNU 2350		182.59088	-62.0415	4344.5	m	o	0.06404	97	8.67	3.804
HSC 566		299.70397	35.52906	4348.7	m	o	0.05346	40	8.155	2.596
FSR 1083	Kronberger 97|MWSC 1192	110.51648	3.55628	4349.4	m	o	0.04874	158	9.089	0.2941
HSC 1489		84.98253	19.20491	4350.8	m	o	0.1273	32	9.089	0.5253
Berkeley 78	FSR 1067|MWSC 1203|MWSC 1204|OCL 536	110.90882	5.37128	4351.9	m	o	0.04638	191	9.353	0.07499
FSR 1077	MWSC 960|UBC 1339	100.47069	-0.88924	4355	m	o	0.1151	132	8.11	1.228
HSC 935		359.65681	63.20733	4356.2	m	o	0.08884	23	8.469	2.611
FSR 0975	FSR 975|MWSC 948	100.00588	13.3111	4363.6	m	o	0.04938	86	8.75	1.081
CWNU 2261		174.57842	-61.20125	4363.7	m	o	0.04797	121	8.378	2.08
Waterloo 3	UBC 465	118.77799	-25.35807	4365.4	m	o	0.07997	55	8.45	0.4295
HSC 366		289.76472	6.12328	4369.6	m	o	0.064	16	9.456	3.848
CWNU 2268		133.15112	-47.8097	4371.9	m	o	0.04287	48	7.757	2.912
UBC 1324		96.81822	8.53233	4373.2	m	o	0.04056	35	8.495	0.9817
HSC 1643		103.21696	5.43804	4373.5	m	o	0.03676	36	8.756	1.547
HSC 2395		165.53671	-59.99759	4374.1	m	o	0.1422	81	7.748	1.912
HSC 18		279.92768	-32.96086	4374.7	m	o	0.06388	16	9.545	0.3917
HSC 1293		63.80406	32.29628	4376.3	m	o	0.201	93	9.186	0.8001
HSC 248		268.81381	-0.9647	4378.3	m	o	0.1006	13	9.564	1.218
UBC 1480	Bochum 9	158.86358	-60.0662	4383.2	m	o	0.06585	116	8.342	1.771
HSC 1685		103.30555	-0.65678	4383.7	m	o	0.1335	28	7.683	1.852
HSC 1219		66.92464	50.3542	4383.8	m	o	0.04064	58	8.511	3.386
HSC 105		284.70173	-29.09381	4388	m	o	0.1311	23	9.863	0.3062
ASCC 60	CWNU 2275|MWSC 1823	158.1709	-58.63125	4388	m	o	0.08983	146	7.666	2.632
HSC 1425		80.65903	24.18636	4388.8	m	m	0.3838	160	8.995	2.069
FSR 0937	FSR 937|MWSC 800	93.41894	14.9969	4389.8	m	o	0.0874	109	8.744	2.167
UBC 1350		101.23389	-5.71483	4390.1	m	o	0.0322	39	8.754	0.7645
Ferrero 17		77.18618	17.98686	4391.7	m	o	0.03738	27	9.477	0.4008
HSC 762		327.96268	52.73939	4393.5	m	o	0.02283	16	8.55	3.132
HSC 1935		116.55388	-25.60174	4396	m	o	0.01929	18	8.861	0.7267
HSC 2272		145.38677	-56.94695	4397	m	o	0.05447	17	7.701	2.167
UBC 613		79.94933	38.98213	4398.7	m	o	0.07148	83	8.149	2.119
HSC 1478		95.76326	26.32206	4400.6	m	m	0.3357	49	8.5	0.5324
CWNU 2368		124.48767	-33.46147	4400.9	m	o	0.01573	35	8.324	1.028
FSR 0357	FSR 357|MWSC 3633|OC 0174	337.72144	53.95137	4403.8	m	o	0.04345	111	7.678	1.526
OC 0594		197.53129	-63.197	4404.2	m	o	0.02073	60	7.156	5.119
SAI 43	Kronberger 26|MWSC 473|Teutsch 36	77.07217	49.86535	4407.3	m	o	0.04188	92	8.63	1.157
OC 0558		167.8656	-59.53766	4409	m	o	0.014	42	8.222	2.517
IRAS 01546+6319		29.50353	63.59881	4414.1	m	o	0.1559	149	8.002	2.562
Czernik 40	King 27|MWSC 3161|OCL 118	295.66157	21.15493	4416.6	m	o	0.05577	113	7.664	4.35
Schoenball 1	Gulliver 16|NGC 581|Theia 2079	23.44075	60.76218	4417.5	m	o	0.03391	70	8.597	1.58
UBC 1067		294.65666	23.95015	4418.8	m	o	0.03062	96	8.353	3.388
UBC 504		159.74007	-61.11819	4419.6	m	o	0.02519	54	8.471	1.204
UBC 1405		117.03301	-29.46874	4420	m	o	0.04541	97	8.403	2.27
DC 5	DSH J1039.9-5911|FSR 1549|Kronberger 38|MWSC 1838	159.99591	-59.19477	4421.7	m	o	0.02855	135	7.266	4.191
HSC 1782		111.86482	-10.50324	4422.1	m	o	0.05891	15	8.335	0.8074
Pismis 23		245.99202	-48.89302	4427.3	m	o	0.02901	71	8.711	5.445
Juchert 9	DSH J0355.3+5823|MWSC 313	58.84792	58.39202	4429.6	m	o	0.02997	64	7.685	2.454
Berkeley 101	FSR 444|MWSC 3737|OCL 267	353.20657	64.20633	4430.4	m	o	0.03871	144	8.337	3.334
Bochum 2		102.20713	0.37711	4433.7	m	o	0.107	60	7.9	2.623
HSC 2752		247.79976	-53.64881	4435	m	o	0.0727	14	9.352	1.721
UBC 1318		91.07338	9.18353	4435.6	m	o	0.04862	57	9.009	0.3679
HSC 2043		120.11955	-38.31016	4436.8	m	o	0.06541	73	8.586	1.704
FSR 1430		132.97615	-44.27653	4436.8	m	o	0.0501	70	9.003	6.043
HSC 550		302.15459	30.75453	4443.3	m	o	0.09156	36	8.632	4.908
HSC 1493		91.76046	22.62908	4444.1	m	m	0.2677	44	7.826	2.436
HSC 2512		185.95942	-62.76147	4448.7	m	o	0.03453	24	9.535	4.353
HSC 1322		82.04481	39.51587	4449.3	m	o	0.2074	73	7.885	1.989
Teutsch 78	DSH J1158.3-6152|GLIMPSE 27|Mercer 27|OC 0577	179.58311	-61.87543	4455.1	m	o	0.01412	47	8.145	3.43
CWNU 1280		127.02851	-34.04226	4456.3	m	o	0.05647	69	8.62	1.404
HSC 408		289.56793	14.45676	4457.1	m	o	0.06213	51	7.581	4.427
Berkeley 30	Biurakan 9|FSR 1058|MWSC 1034|OCL 534|OC 0350	104.43685	3.22756	4462.4	m	o	0.06352	179	8.664	1.323
CWNU 2178		101.7773	4.7041	4465	m	o	0.1416	117	8.128	1.585
UBC 589		316.90919	45.30458	4470.8	m	o	0.04349	107	7.943	3.089
HSC 831		339.91587	58.9858	4471.4	m	o	0.05794	27	8.622	3.568
OC 0631		234.85404	-55.92716	4473.5	m	o	0.03177	48	8.617	6.323
HSC 2095		127.94194	-42.66826	4476.2	m	o	0.08388	47	7.598	3.649
HSC 2066		126.747	-38.90146	4480.5	m	o	0.1083	38	7.593	3.369
UBC 1482		161.60362	-57.68012	4483.8	m	o	0.02506	68	8.354	2.48
CWNU 1354		1.05505	63.80033	4484.3	m	o	0.03622	26	7.841	2.043
SAI 17	FSR 179	35.22155	59.18694	4488.1	m	o	0.02762	68	8.661	3.158
UBC 1355		102.62289	-10.1201	4488.5	m	o	0.05918	45	8.466	1.617
HSC 2173		135.10921	-47.98856	4489.1	m	o	0.04497	35	8.344	4.649
HSC 1231		54.63099	37.2239	4496.5	m	o	0.127	31	8.762	1.33
HSC 1480		91.42856	23.51087	4499	m	o	0.1139	67	7.644	2.076
DBSB 43		150.9461	-59.22577	4499.7	m	o	0.03612	77	7.685	2.456
HSC 991		15.65607	59.79768	4502	m	o	0.03311	38	8.208	1.434
HSC 2078		125.40697	-40.90159	4502.3	m	o	0.1224	13	8.458	2.931
HSC 1683		114.37909	5.1139	4505.9	m	o	0.1298	16	8.964	0.4703
BH 72	ESO 166-20|FSR 1494|MWSC 1681|OC 0516|UBC 491|vdBergh-Hagen 72	142.84198	-53.0417	4506.3	m	o	0.03969	123	8.234	2.738
HSC 2017		121.27706	-33.72448	4506.6	m	o	0.05005	52	8.512	2.206
Ivanov 8	BPI 8|MWSC 1470	124.78758	-35.65351	4507.1	m	o	0.0204	24	8.766	3.749
CWNU 1715		50.93553	67.34772	4509	m	o	0.05239	100	8.69	2.699
HSC 1962		123.96772	-24.10503	4511.4	m	o	0.09176	32	9.178	0.1704
NGC 2588	BH 29|Collinder 186|ESO 370-10|MWSC 1480|OCL 715	125.79833	-32.97285	4512.8	m	o	0.04066	122	8.691	0.6899
CWNU 1973		103.51631	-7.75449	4512.8	m	o	0.1748	54	8.269	1.891
HSC 1306		77.29373	39.01851	4515.2	m	o	0.03159	22	8.789	1.707
ESO 311-21	ESO 311 21|MWSC 1415	120.42795	-41.59312	4515.4	m	o	0.05236	173	9.398	1.879
HSC 1706		102.70102	-3.61143	4520.9	m	o	0.07385	29	7.671	2.438
NGC 2414	Theia 2343	113.2933	-15.45232	4521.7	m	o	0.04597	186	7.317	1.684
HSC 438		290.48799	19.26881	4523.6	m	o	0.03653	50	8.764	5.36
HSC 2580		200.32796	-63.43336	4524.2	m	o	0.01953	29	7.165	3.196
HSC 1359		81.19102	33.39756	4525.9	m	m	0.3163	111	8.751	1.759
UBC 612	CWWL 2942	79.82562	40.14069	4526.8	m	o	0.06282	56	7.646	1.595
HSC 1548		92.21049	13.89731	4529.1	m	o	0.143	78	8.383	2.798
HSC 2275		146.94154	-56.45798	4529.6	m	o	0.01627	16	8.478	3.133
OC 0634		235.85774	-56.14119	4530.1	m	o	0.04104	175	7.934	6.131
Westerlund 2		156.00348	-57.75557	4532.7	m	o	0.01144	101	7.88	4.518
HSC 2867		262.05216	-41.97064	4534.9	m	o	0.195	46	8.895	2.603
Berkeley 37	FSR 1119|MWSC 1180|OCL 551	110.06892	-0.99821	4547.9	m	o	0.04206	170	9.008	0.07336
UBC 1457		137.14602	-52.21335	4547.9	m	o	0.07306	119	8.582	2.587
NGC 136		7.89059	61.50837	4548.1	m	o	0.03606	178	8.558	1.944
HSC 739		323.26207	51.30683	4548.7	m	o	0.09333	65	7.106	3.428
UBC 1169		340.05417	57.07424	4548.9	m	o	0.06267	72	8.463	2.294
HSC 793		334.89978	55.7638	4551.3	m	o	0.0339	56	8.764	2.134
HSC 1286		77.06885	42.74722	4553.8	m	o	0.01224	35	8.309	1.393
HSC 2332		155.59038	-58.11911	4555.3	m	o	0.07836	73	7.278	3.489
HSC 2694		343.11064	-64.15189	4557.6	m	m	0.3427	39	9.556	1.207
CWNU 2347		129.01926	-48.14323	4563.4	m	o	0.04132	64	9.009	1.368
CWNU 1399		182.18728	-62.59405	4565.6	m	o	0.02425	67	9.225	3.636
HSC 879		347.9296	60.85754	4583.7	m	o	0.0309	49	8.776	3.322
FSR 1125	MWSC 996|SAI 70	102.61685	-5.44172	4587.1	m	o	0.03824	58	8.462	2.349
HSC 1413		90.24558	32.0063	4589.9	m	o	0.04868	49	8.579	2.146
Ruprecht 37	Berkeley 40|MWSC 1353|OCL 615	117.45015	-17.24841	4598.4	m	o	0.03661	168	9.217	0.2312
HSC 2157		132.58428	-47.45669	4599.2	m	o	0.02942	16	8.267	2.67
HSC 1464		90.28523	25.5936	4599.9	m	o	0.06751	88	7.773	1.9
HSC 1269		163.35614	49.19299	4601.4	m	m	1.797	89	9.082	0.5664
HSC 2063		126.30377	-38.55387	4603.7	m	o	0.08949	30	7.084	3.594
CWNU 2012		102.45993	-0.17418	4604.8	m	o	0.1638	139	7.777	2.208
HSC 1937		110.88203	-28.60308	4610.3	m	o	0.02958	32	9.206	0.6269
CWNU 2452		149.88786	-58.71267	4612.9	m	o	0.03737	70	8.025	2.75
HSC 1917		116.3473	-24.00381	4613.5	m	o	0.03018	31	7.859	1.308
FSR 0291	FSR 291|MWSC 3489	319.0788	48.35407	4613.8	m	o	0.02219	41	8.04	4.782
UBC 640		120.62366	-27.83004	4615.4	m	o	0.06213	41	7.84	0.7491
HSC 1042		26.13147	61.29954	4615.7	m	o	0.01855	36	8.742	3.545
HSC 1704		103.08404	-3.31425	4617.7	m	o	0.07811	51	8.89	1.909
CWNU 2354		145.58853	-52.16033	4617.7	m	o	0.03007	30	8.57	4.996
HSC 1820		111.98132	-15.37998	4619.5	m	o	0.08601	20	7.737	2.154
Theia 3995		116.82919	-25.24165	4620.9	m	o	0.07728	26	8.481	0.4997
Skiff J0507+30.8		76.74347	30.87203	4626.8	m	o	0.084	198	8.778	1.601
Pismis 1	BH 24|ESO 370-5|FSR 1374|MWSC 1466|NGC 2568|OCL 727	124.57157	-37.10182	4629.8	m	o	0.03598	159	8.18	1.69
HSC 2320		151.3283	-59.18455	4641.4	m	o	0.03314	40	7.687	2.55
HSC 1311		75.16769	37.03436	4643.1	m	o	0.09494	12	8.562	1.771
HSC 2599		204.57615	-63.41806	4646.1	m	o	0.01979	34	8.197	5.053
CWNU 2503		91.39539	11.95256	4647	m	o	0.1049	22	8.779	1.212
HSC 2405		167.23736	-61.22897	4654.6	m	o	0.03327	16	8.198	2.159
HSC 1484		94.56432	24.82862	4656.2	m	o	0.1018	30	7.589	1.795
Ruprecht 44	ESO 430-5|MWSC 1398|OCL 681	119.69158	-28.54717	4663.4	m	o	0.06903	191	7.309	1.789
HSC 772		326.51847	55.59266	4663.7	m	o	0.065	19	7.001	3.041
CWNU 1526		103.45812	-1.03041	4670.8	m	o	0.06388	43	8.09	1.442
HSC 728		322.60344	47.8479	4670.8	m	o	0.07007	20	8.899	1.557
Teutsch 7	DSH J1947.7+2415|FSR 155|MWSC 3180	296.9342	24.26048	4672.1	m	o	0.02365	65	9.112	4.847
FSR 1530		152.24196	-57.28184	4672.2	m	o	0.01819	19	7.655	6.695
HSC 461		295.55992	20.1839	4673.1	m	o	0.1592	34	7.995	4.098
Czernik 44	MWSC 3740|OCL 265	353.433	61.95535	4692.3	m	o	0.1812	165	7.943	3.166
HSC 2601		201.35074	-52.05643	4693	m	o	0.1361	18	9.797	0.5008
UBC 1416		121.67026	-29.28843	4694.4	m	o	0.06627	63	7.967	0.7801
HSC 777		332.49597	51.93962	4703.9	m	o	0.1419	75	8.216	0.726
Berkeley 63	MWSC 177|OCL 346	34.85071	63.71936	4705.7	m	o	0.04144	100	7.524	2.644
HSC 2502		184.68382	-62.62015	4707.7	m	o	0.03181	27	8.059	2.994
Teutsch 13	DSH J0643.9+0124|FSR 1060|MWSC 969	100.97638	1.40659	4709.5	m	o	0.04392	82	7.935	2.224
HSC 1328		82.69476	38.59966	4716.5	m	o	0.07142	19	7.184	2.584
HSC 1198		114.20581	65.56338	4717.6	m	o	0.1343	89	9.152	4.113
Teutsch 57	DSH J0548.0+2529	86.99596	25.50047	4719.9	m	o	0.1514	43	8.494	1.911
HSC 1771		100.92939	-14.16012	4727.8	m	o	0.05798	34	9.011	0.6942
OC 0650		244.58584	-51.53103	4733.7	m	o	0.03248	77	8.207	4.591
ESO 312-04	ESO 312-3|ESO 312-312|ESO 312-4|ESO 312 04|FSR 1394|MWSC 1484|MWSC 1487|MWSC 1491|OC 0461|Theia 1994	126.72131	-41.25103	4744.5	m	o	0.07307	76	7.954	2.355
HSC 337		302.76075	-6.94193	4750.9	m	o	0.1236	14	9.735	0.1485
Kronberger 84	DSH J2135.5+5330|MWSC 3532	323.88801	53.51408	4753.4	m	o	0.02558	79	8.041	2.798
UBC 1329		101.45629	7.66962	4754.5	m	o	0.04201	49	8.668	1.737
HSC 2392		163.23261	-61.29102	4766.9	m	o	0.02833	22	8.276	1.507
HSC 1186		61.80145	55.08444	4770.9	m	o	0.06776	20	6.668	4.34
HSC 2089		127.45629	-42.08446	4772.7	m	o	0.05158	44	7.658	4.097
HSC 2749		252.5652	-57.25817	4773.3	m	o	0.08184	18	9.014	1.461
King 8	MWSC 675|OCL 448	87.32693	33.63463	4787.8	m	o	0.02388	128	8.701	2.101
HSC 2181		131.59305	-50.81464	4788	m	o	0.07447	43	8.509	2.941
Kronberger 79	DSH J1933.9+1831	293.47621	18.51844	4789.7	m	o	0.01215	53	7.038	5.49
Kronberger 81	DSH J2126.1+5331|FSR 313|MWSC 3511	321.53912	53.52979	4795.4	m	o	0.05051	99	8.603	5.194
HSC 2423		169.3268	-62.08862	4797.8	m	o	0.08285	19	8.253	3.196
Berkeley 83	FSR 171|OCL 135	300.35618	28.64342	4800.4	m	o	0.0247	34	8.476	5.487
UBC 1505		176.01413	-60.54597	4805.9	m	o	0.05417	101	8.768	2.149
HSC 1524		92.86457	17.44075	4806.6	m	o	0.1647	100	7.463	4.302
Berkeley 100	MWSC 3727|OCL 264	351.48868	63.77998	4813.6	m	o	0.03397	78	8.353	3.102
HSC 1109		44.86042	64.27439	4819.8	m	o	0.01988	34	8.662	3.333
HSC 937		359.49176	63.79172	4823.4	m	o	0.1568	155	8.1	2.156
HSC 677		318.94504	42.69202	4824.9	m	o	0.09071	16	8.657	1.927
HSC 208		271.30906	-9.77797	4826.6	m	o	0.1828	14	9.163	4.266
HSC 2396		163.57778	-62.13221	4830.6	m	o	0.04881	20	7.892	1.509
Patchick 90	DSH J0644.7-0031|MWSC 974|SAI 68	101.18133	-0.5243	4831.4	m	o	0.01599	37	8.934	1.741
OC 0493		131.46298	-48.13602	4850.1	m	o	0.07654	130	8.314	2.001
Alessi 53	DC 7|DSH J0629.4+0910|FSR 986|MWSC 879	97.35197	9.17805	4854.1	m	o	0.01598	62	8.674	1.776
UBC 1211		13.81634	59.09887	4855	m	o	0.06182	90	8.976	1.672
Berkeley 64	MWSC 182|OCL 344|OC 0241	35.43259	65.88846	4856.8	m	o	0.04674	140	8.633	3.065
HSC 923		357.26582	63.39671	4857	m	o	0.0529	17	8.403	2.533
HSC 2041		122.60687	-36.9342	4865.9	m	o	0.08838	104	8.296	1.956
HSC 1170		57.45629	56.40295	4869.7	m	o	0.07625	27	7.608	2.653
HSC 1028		25.30079	64.27563	4874.4	m	o	0.1583	77	7.68	2.616
FSR 0480	FSR 480|MWSC 25|SAI 3	3.77471	61.50924	4876.1	m	o	0.06213	175	8.825	3.21
HSC 1668		102.31346	2.00198	4880.1	m	o	0.1109	49	8.509	1.62
COIN-Gaia 33		30.30244	61.47734	4884	m	o	0.04039	37	7.786	3.205
Berkeley 23	FSR 917|MWSC 902|OCL 478	98.31506	20.53469	4896.8	m	o	0.04367	132	9.039	1.054
UBC 1461		139.55901	-53.276	4897	m	o	0.026	65	9.19	1.092
UBC 637	UBC 638	123.7526	-22.19261	4901.4	m	o	0.07535	123	9.329	0.1174
HSC 2128		133.00395	-43.52665	4903.8	m	o	0.1799	115	7.847	5.495
HSC 2880		249.46653	-32.25426	4905.4	m	o	0.09306	21	9.291	1.613
UBC 628		107.14153	-6.21214	4920	m	o	0.07131	147	8.656	1.244
HSC 697		317.51804	46.45769	4922.1	m	o	0.08381	27	7.547	2.4
CWNU 2652		89.33692	11.33153	4925.9	m	o	0.09699	50	8.96	0.3165
FSR 0604	FSR 604|MWSC 604|UBC 1240	44.68656	63.57506	4927	m	o	0.04018	96	8.027	2.228
Teutsch J0924.3+5313	Teutsch J0924.3-5313	141.0907	-53.21431	4931.3	m	o	0.009839	34	7.891	2.694
HSC 1570		94.76491	12.87594	4933.2	m	o	0.1889	93	8.293	2.322
HSC 1259		78.81022	49.66429	4941.3	m	o	0.1155	45	8.616	0.9427
HSC 856		346.35303	57.82378	4941.9	m	o	0.06378	45	8.14	2.696
HSC 910		354.81807	59.33167	4951.7	m	m	0.2915	50	8.451	3.178
HSC 2696		234.42892	-60.33566	4952.9	m	o	0.05693	21	8.837	2.615
HSC 2555		196.42393	-63.65874	4955.4	m	o	0.0635	10	8.596	5.066
CWNU 2601		159.20657	-61.57309	4957.1	m	o	0.02214	33	8.192	1.728
HSC 1954		117.97005	-26.79795	4962.2	m	o	0.08184	57	8.795	0.9237
Berkeley 51	FSR 197|MWSC 3280|OCL 146	302.97176	34.40388	4969.3	m	o	0.04056	159	7.695	5.641
FSR 1335	MWSC 1448	123.01474	-28.98108	4972.1	m	o	0.03332	52	8.524	0.5081
HSC 1274		72.54841	43.79575	4973.9	m	o	0.05759	50	8.667	1.654
Teutsch 106	DSH J1059.3-5932|FSR 1559|MWSC 1877	164.84712	-59.54888	4978.2	m	o	0.0211	22	8.547	2.028
HSC 1298		87.23338	45.01497	4979.2	m	o	0.08658	18	8.833	1.21
NGC 7226	Collinder 446|FSR 349|MWSC 3591|OCL 226|OC 0167	332.60398	55.39432	4983.2	m	o	0.02631	74	8.38	1.872
CWNU 1546		340.74587	64.11996	4988.3	m	o	0.06222	31	8.486	2.842
HSC 2027		127.45447	-32.2634	4990.2	m	o	0.09217	62	8.746	0.6845
UBC 1617		124.41806	-30.29248	4992.9	m	o	0.09967	45	8.711	0.6347
HSC 1725		106.33181	-4.04206	4993.8	m	o	0.1945	125	8.28	1.757
Ruprecht 42	Berkeley 41|ESO 494-8|MWSC 1388|OCL 669|OC 0421	119.40411	-25.92533	4995.2	m	o	0.02947	168	8.747	1.006
HSC 2365		153.73471	-64.61671	4996.4	m	o	0.02086	38	9.877	0.6104
HSC 2619		212.6261	-67.10431	4998.3	m	o	0.06753	17	9.581	1.995
HSC 1190		62.95234	54.31569	5001.1	m	o	0.1356	32	7.204	3.635
UBC 1419		121.33546	-31.15997	5002.8	m	o	0.03959	38	8.194	0.9213
HSC 609		302.33504	41.10149	5008	m	o	0.1091	52	7.526	1.665
HSC 2962		261.86149	-29.94604	5014	m	o	0.04493	12	8.488	5.978
HSC 959		6.08335	67.2236	5016.6	m	o	0.0174	38	8.248	4.451
CWNU 1762		119.28624	-24.48163	5017.7	m	o	0.02458	31	9.067	0.5018
CWNU 2556		353.78942	56.70799	5022.2	m	o	0.09332	63	8.497	1.886
HSC 2325		154.58771	-57.3271	5026.6	m	o	0.176	105	7.638	5.422
CWNU 2420		202.73967	-62.75986	5031.5	m	o	0.03332	49	7.805	5.994
Theia 2822	UBC 1392	118.04608	-25.49087	5037.9	m	o	0.05568	34	8.45	0.6316
HSC 538		299.84207	30.0627	5044	m	o	0.03583	58	7.158	3.207
HSC 2495		183.65864	-63.81661	5048.9	m	o	0.09014	11	8.926	3.807
Berkeley 34		105.09449	-0.23681	5051.4	m	o	0.02283	80	8.285	1.383
OC 0254		42.53764	62.09289	5053	m	o	0.1175	104	7.735	2.388
HSC 2221		137.52702	-53.66258	5054.5	m	o	0.04124	30	8.495	1.123
HSC 1798		105.29752	-15.6168	5054.5	m	o	0.09683	25	7.947	1.566
Lynga 3		229.19701	-58.375	5056.4	m	o	0.01567	38	6.868	6.26
UBC 608		61.34062	55.92531	5056.9	m	o	0.04472	62	7.125	2.473
HSC 374		289.42493	8.63162	5059.5	m	o	0.07572	28	9.096	5.46
FSR 0734		75.84963	42.39104	5063.2	m	o	0.1046	159	8.369	1.261
Teutsch 85	DSH J1713.2-3942|MWSC 2547	258.30937	-39.70893	5074.2	m	o	0.03984	161	7.579	5.605
CWNU 1582		314.30238	44.82024	5074.8	m	o	0.02079	34	8.193	3.71
Berkeley 72	MWSC 679|OCL 464	87.55564	22.24914	5076.8	m	o	0.03111	90	8.474	1.888
HSC 1678		100.34794	-1.25269	5076.9	m	o	0.0438	31	8.503	1.789
UBC 1502		172.54386	-61.08612	5077.3	m	o	0.03063	70	8.087	2.456
HSC 1675		94.53067	-3.34079	5086.2	m	o	0.1434	35	8.89	0.3453
BH 73	ESO 212-9|FSR 1483|MWSC 1682|vdBergh-Hagen 73	142.98188	-50.22325	5091.2	m	o	0.01672	101	8.726	3.201
HSC 177		286.82659	-22.37657	5093.9	m	o	0.1238	18	9.613	0.3783
OC 0465	Theia 2073|Theia 2855	127.31413	-41.21942	5094.6	m	o	0.09451	107	7.511	3.145
HSC 2703		231.93953	-57.7844	5096.1	m	o	0.05827	111	9.228	5.342
HSC 59		260.81746	-20.3953	5097.9	m	o	0.1138	13	9.377	2.39
HSC 1108		42.54324	62.41911	5109.5	m	o	0.04741	27	8.057	2.255
CWNU 2422		130.87282	-47.60263	5111.6	m	o	0.0562	51	7.359	2.453
ASCC 63	MWSC 1869|UBC 508	164.09682	-60.47665	5115.9	m	o	0.04659	171	8.618	2.296
HSC 2184		140.16242	-45.99835	5121.2	m	o	0.03642	35	8.9	2.53
FSR 0460	FSR 460|MWSC 3783|SAI 153	359.76209	60.6906	5130.5	m	o	0.03953	106	8.933	3.311
Ruprecht 59	ESO 370-7|MWSC 1472|OCL 717|UBC 1432	124.82574	-34.48211	5132.7	m	o	0.03449	27	7.479	1.666
Berkeley 76	MWSC 1099|OCL 568	106.65936	-11.72358	5139.8	m	o	0.03684	76	8.975	1.897
HSC 2389		164.37907	-59.7271	5141.9	m	o	0.01789	29	9.17	2.818
CWNU 1321		120.56301	-31.35579	5148.1	m	o	0.07023	23	8.878	0.8619
NGC 7067	Collinder 436|MWSC 3508|OCL 208	321.04991	48.01075	5149.8	m	o	0.0574	190	7.467	2.713
HSC 1727		109.88305	-2.58769	5150.8	m	o	0.08119	14	9.012	0.2194
Collinder 97	DSH J0631.6+0552|Teutsch 137	97.92022	5.88408	5152.1	m	o	0.07478	48	8.365	2.247
Danks 2		198.22258	-62.68009	5154.3	m	o	0.04999	137	8.34	6.149
Teutsch 198		98.01201	16.09646	5159.9	m	o	0.01892	43	8.699	1.823
OC 0483		130.85586	-46.14579	5167.1	m	o	0.05803	56	7.087	2.41
UFMG 58	OC 0449	124.89666	-38.27104	5176.3	m	o	0.04629	83	8.353	3.214
HSC 2274		146.72993	-56.14104	5193	m	o	0.03746	84	8.196	3.506
HSC 990		16.05737	67.40699	5196.4	m	o	0.07642	41	7.989	3.119
Teutsch J1037.3+6034	OC 0545|OC 0546|Teutsch J1037.3-6034	159.33096	-60.57193	5201.6	m	o	0.03315	181	8.505	1.413
HSC 2686		229.17149	-58.37352	5209.1	m	o	0.07426	18	7.024	6.183
FSR 0182	FSR 182|MWSC 3194|UBC 1081	297.95684	33.51648	5226.6	m	o	0.0491	104	8.334	2.34
HSC 2102		126.62732	-43.91929	5227.8	m	o	0.1321	114	7.557	3.293
HSC 266		280.78942	-5.78762	5230.3	m	o	0.06275	125	8.033	4.983
HSC 1423		72.67808	19.36483	5240.1	m	m	0.477	74	9.15	1.004
Juchert 19		60.58241	52.44389	5245.1	m	o	0.06481	96	7.486	3.71
HSC 872		345.22748	61.60676	5246.5	m	o	0.05256	26	8.211	4.621
Berkeley 19	MWSC 527|OCL 450	81.01324	29.57177	5251.6	m	o	0.03681	114	8.768	1.326
HSC 1576		94.52539	11.94377	5253.1	m	o	0.106	40	7.776	2.248
HSC 1057		30.7202	64.42015	5254.5	m	o	0.07613	74	8.517	2.228
OC 0494		133.09243	-47.96301	5260.1	m	o	0.03817	55	7.317	3.662
HSC 523		299.69244	28.08837	5262.5	m	o	0.05026	75	8.565	4.266
FSR 0522		13.37808	65.7951	5264.3	m	o	0.03383	27	7.018	4.207
Berkeley 52	FSR 179|MWSC 3288|OCL 140	303.62144	28.94699	5274.5	m	o	0.02826	159	9.38	4.833
HSC 1317		74.97724	36.04053	5274.6	m	m	0.4142	138	8.817	2.066
HSC 766		329.26269	52.8484	5275	m	o	0.06588	27	8.801	2.137
HSC 548		302.23146	30.65355	5284.7	m	o	0.06043	15	8.932	3.833
HSC 254		278.08274	-5.37005	5288.4	m	o	0.1139	12	8.718	5.92
UBC 474		124.94065	-33.21809	5289.5	m	o	0.0747	74	8.39	0.7398
Berkeley 21	FSR 875|MWSC 682|OCL 469|Theia 4235	87.94899	21.81077	5294.6	m	o	0.04082	158	8.945	2.495
UBC 1161		330.52345	59.4583	5295.5	m	o	0.04307	59	8.417	2.835
UBC 1181		348.06692	64.79713	5296.8	m	o	0.04443	43	8.881	3.044
CWNU 1714		100.59509	-1.51528	5297.2	m	o	0.09444	151	8.349	1.828
HSC 1582		95.84377	11.58577	5303.2	m	o	0.1368	51	7.857	2.69
HSC 1015		24.67496	71.80843	5307.6	m	o	0.03426	49	8.692	1.994
HSC 2031		126.14104	-33.54361	5334.8	m	o	0.1595	60	8.542	1.022
CWNU 2415		298.37932	29.86914	5335.3	m	o	0.02293	132	8.775	3.534
HSC 945		359.63741	69.97335	5339.5	m	o	0.09821	16	8.32	2.749
HSC 2150		132.33998	-47.0052	5363.1	m	o	0.01174	20	8.485	2.082
HSC 539		299.5029	30.3483	5365.2	m	o	0.06413	19	8.382	3.988
HSC 1439		84.62686	25.2072	5368.7	m	o	0.103	24	7.868	2.58
Ruprecht 56	ESO 312-1|MWSC 1452|OCL 730	122.95767	-40.49615	5370.2	m	o	0.08833	32	8.084	2.934
Theia 8068	UBC 1082	297.24106	34.08612	5371.6	m	o	0.02917	50	8.432	1.5
ESO 371-25	ESO 371 25|MWSC 1595	133.24747	-35.47903	5372.1	m	o	0.02164	172	8.998	1.561
HSC 1398		82.35799	28.96925	5375.9	m	o	0.1596	34	8.947	1.721
HSC 2112		133.94704	-40.99588	5376.2	m	o	0.01548	31	8.019	3.957
HSC 2115		129.91253	-43.87148	5388.2	m	o	0.1419	112	7.513	3.469
HSC 1117		50.10748	65.05496	5393.7	m	o	0.0446	65	8.294	2.604
SAI 106	OC 0509	139.4846	-51.00115	5394.1	m	o	0.04348	48	9.553	4.302
UBC 507		162.61087	-61.4476	5400.4	m	o	0.05781	76	7.85	1.655
HSC 44		275.13787	-29.27221	5411.1	m	o	0.07554	15	9.368	1.582
HSC 2116		137.40166	-39.20253	5413.4	m	o	0.08657	48	8.953	1.331
Teutsch 65	DSH J0850.5-4629	132.63042	-46.50227	5423.1	m	o	0.006929	37	8.25	2.435
Berkeley 99	FSR 455|MWSC 3722|OCL 271	350.25249	71.77483	5433.5	m	o	0.03903	167	8.986	1.525
OC 0190		343.17622	57.5171	5484.1	m	o	0.03684	54	7.903	2.897
UBC 618		96.23775	7.61774	5489.6	m	o	0.0374	38	8.428	1.48
HSC 796		332.59212	57.76507	5494.4	m	o	0.06781	73	7.624	3.792
Theia 2850		315.50037	46.44363	5497.5	m	o	0.03634	24	6.675	3.417
HSC 946		2.42816	65.34099	5500.6	m	o	0.03049	31	8.187	4.081
Czernik 17	MWSC 311|OCL 378	58.07538	61.9723	5502.3	m	o	0.01764	32	8.279	2.369
UBC 1361		106.13739	-11.25175	5511.4	m	o	0.03965	116	9.004	1.974
HSC 1861		92.2256	-28.24238	5512	m	o	0.08922	14	9.677	0.1149
HSC 489		294.80894	24.83974	5528.3	m	o	0.0814	40	8.261	3.983
HSC 1855		112.02237	-19.49259	5530.4	m	o	0.1191	11	8.279	2.079
UBC 1140		324.71231	49.09754	5530.5	m	o	0.04795	75	8.143	1.986
SAI 141	MWSC 3458|UBC 1126	315.91057	46.96773	5531	m	o	0.03749	53	8.368	3.894
HSC 1003		19.16834	64.84008	5533.3	m	o	0.06413	51	7.19	3.29
HSC 988		15.30539	65.18645	5534.1	m	o	0.04539	16	6.923	3.962
Theia 3250		90.2846	9.34829	5546.2	m	m	0.2332	111	8.767	0.4402
HSC 166		278.64102	-20.2413	5548.1	m	o	0.06664	20	9.194	2.8
HSC 2040		122.58349	-36.86918	5567.7	m	o	0.0386	38	7.994	2.52
Gaia 2		28.12918	53.04926	5576.5	m	o	0.02694	51	9.473	0.6087
HSC 411		289.38201	15.30111	5586.3	m	o	0.05197	72	8.551	4.607
HSC 1525		74.91911	6.90276	5592.6	m	m	0.2888	119	9.367	0.2014
HSC 1757		100.51179	-12.95424	5610.4	m	o	0.03396	35	9.226	0.5467
HSC 1419		84.32747	27.59059	5614.9	m	o	0.05468	30	8.249	2.603
Saurer 3	MWSC 1839	160.34752	-55.28827	5616.3	m	o	0.02564	64	9.014	2.466
HSC 1716		94.47235	-8.93818	5655.5	m	o	0.1373	15	9.712	1.351
CWNU 2160		307.11075	48.90747	5668.3	m	o	0.03091	31	8.298	3.088
Teutsch 110	DSH J1326.5-6406	201.63659	-64.10571	5672.2	m	o	0.01508	44	8.413	2.937
HSC 4		269.07222	-29.6381	5673.3	m	o	0.01764	17	7.537	5.284
HSC 1016		19.30451	54.12997	5676.5	m	o	0.1143	14	9.431	0.8864
HSC 1084		40.44898	67.18016	5678.5	m	o	0.09252	49	8.054	3.234
Kronberger 73	DSH J2013.7+3644|FSR 203|MWSC 3287|UBC 1095	303.4394	36.74595	5691.9	m	o	0.02356	39	7.749	4.776
HSC 1053		28.77278	62.41402	5702	m	o	0.04599	54	6.893	3.363
HSC 1665		99.56168	0.73476	5713.9	m	o	0.08718	60	7.284	2.695
HSC 1148		36.986	37.01642	5722.4	m	m	0.3022	96	9.109	0.2719
HSC 1018		23.3388	66.91805	5738	m	o	0.05866	20	7.868	2.714
HSC 2055		130.1968	-35.63955	5738.4	m	o	0.06586	16	8.976	1.587
FSR 1500	MWSC 1695	144.41301	-53.96518	5753.1	m	o	0.01226	67	7.663	4.451
HSC 1496		86.4356	19.04306	5758.6	m	o	0.03648	19	8.502	1.708
HSC 1646		117.67887	11.87261	5766.8	m	m	0.1997	75	9.219	0.4476
OC 0139	Collinder 431|MWSC 3474|NGC 7039|OCL 203	317.59481	45.5967	5776.3	m	o	0.02818	79	7.52	2.11
HSC 563		296.28698	36.50007	5780.1	m	o	0.07866	19	8.995	1.587
HSC 863		340.90832	64.19445	5789.6	m	o	0.0335	34	8.393	3.505
HSC 1846		116.76182	-16.17518	5790.5	m	o	0.09063	15	9.093	0.3994
HSC 591		302.74494	38.25167	5790.7	m	o	0.03366	40	8.049	3.434
HSC 2034		122.15863	-36.22505	5798.5	m	o	0.04583	25	8.504	2.324
FSR 0505	FSR 505|SAI 8	10.06022	61.57441	5835.5	m	o	0.03498	65	8.658	2.402
Saurer 2	FSR 1386|MWSC 1489	126.36261	-39.63489	5846	m	o	0.03249	94	8.595	4.121
Berkeley 103	MWSC 3755|OCL 266	356.30327	59.29941	5846.7	m	o	0.02456	71	8.636	3.079
HSC 2096		128.36818	-42.54192	5870	m	o	0.02	25	8.512	3.973
HSC 1689		101.50318	-1.95127	5876.8	m	o	0.01499	31	7.551	3.3
HSC 2401		167.15233	-60.38751	5879	m	o	0.01376	40	7.667	3.72
Miller 1		141.42948	-53.2417	5880.9	m	o	0.01071	30	8.084	2.562
Teutsch 79	DSH J1323.6-6340|MWSC 2114	200.92254	-63.67253	5883.9	m	o	0.01564	38	8.111	3.631
HSC 2007		120.76985	-31.96405	5884.2	m	o	0.1508	23	8.373	1.069
CWNU 1894		41.95512	63.03231	5898.2	m	o	0.02938	29	7.632	2.757
HSC 120		263.29501	-16.59126	5918.5	m	o	0.08953	16	9.474	2.291
HSC 709		316.14973	49.48851	5921.5	m	o	0.06583	18	7.886	4.513
HSC 2901		265.69798	-39.414	5934.2	m	o	0.06897	15	9.729	2.568
HSC 2083		130.11084	-38.76771	5969.8	m	o	0.03502	40	8.628	2.26
Teutsch 187		19.69628	59.44122	5980	m	o	0.04335	36	8.849	1.93
HSC 714		318.56524	48.64319	5982.6	m	o	0.06872	31	6.96	4.364
HSC 172		259.23106	-8.73995	5994.4	m	o	0.1801	52	8.569	2.756
HSC 1554		114.33394	23.5847	6008.5	m	m	0.2582	61	9.369	0.7039
OC 0168		331.15398	56.96604	6015.2	m	o	0.05489	169	7.926	3.436
HSC 1093		39.82608	64.61883	6026.8	m	o	0.02457	31	7.389	2.593
HSC 2409		163.54145	-65.67121	6035.1	m	o	0.06144	43	9.633	1.348
HSC 1184		59.22031	54.3881	6035.5	m	o	0.1459	32	6.94	4.126
HSC 1522		90.29805	16.67976	6043	m	o	0.07277	14	7.265	2.286
HSC 2924		248.5878	-25.09421	6054.5	m	o	0.09699	17	9.51	1.437
HSC 113		279.77119	-26.55669	6058.4	m	o	0.0763	23	9.197	1.692
HSC 1509		77.24966	10.66878	6060.6	m	o	0.1469	72	9.21	0.6499
1636-283	C1636-283|ESO 452-11|MWSC 2436	249.85574	-28.39919	6063.5	m	o	0.01632	38	8.488	3.094
HSC 19		271.09731	-29.07542	6066.6	m	o	0.07371	15	8.318	4.412
BH 85	ESO 213-5|FSR 1501|MWSC 1748|MWSC 1750|OC 0520|vdBergh-Hagen 85	150.46632	-49.56158	6071.2	m	o	0.02701	181	9.146	1.609
HSC 2110		122.79197	-46.54065	6089.5	m	o	0.02652	49	9.017	1.17
Pfleiderer 3	FSR 412|MWSC 3702|PWM 3	347.04153	60.8724	6098.1	m	o	0.02399	55	9.128	5.164
HSC 1594		115.90532	19.37947	6101.6	m	o	0.1822	21	9.217	0.2447
Czernik 30	MWSC 1253|OCL 574	112.79533	-9.94609	6108.6	m	o	0.03239	170	9.034	0.9061
OC 0412		113.34836	-23.96265	6138	m	o	0.07942	118	8.184	1.547
UBC 488		139.77048	-53.57666	6142.4	m	o	0.01396	39	8.11	2.075
Teutsch 44	DSH J1021.4-5427|FSR 1528|MWSC 1795	155.34791	-54.44901	6154.3	m	o	0.03279	121	9.069	1.765
HSC 2213		133.91492	-53.5717	6154.5	m	o	0.06602	15	9.196	0.7853
SAI 109	MWSC 1705	145.92198	-50.79475	6177.6	m	o	0.04388	154	8.885	2.292
HSC 519		298.21795	28.64268	6206	m	o	0.06494	48	6.993	3.374
HSC 1242		68.78435	47.27706	6211.9	m	o	0.04445	14	7.725	4.263
HSC 140		277.4739	-22.15558	6239.2	m	o	0.05702	13	8.781	3.083
Kronberger 4	DSH J1945.1+2809|MWSC 3170	296.29173	28.16268	6243.6	m	o	0.01778	52	7.711	3.104
BH 78	FSR 1512|MWSC 1706|vdBergh-Hagen 78	145.95099	-56.57429	6247.4	m	o	0.01506	65	8.231	3.726
HSC 1611		105.26009	10.38485	6274.7	m	o	0.09266	16	9.328	0.3675
King 9	Collinder 449|FSR 348|MWSC 3603|MWSC 3604|Melotte 241|NGC 7245|OCL 225|OCL 227	333.87904	54.40802	6279.7	m	o	0.02835	139	9.087	1.799
HSC 792		332.66417	57.25339	6288	m	o	0.0424	46	7.965	4.088
Ruprecht 166	CWNU 1351|ESO 96-11|MWSC 2119|OCL 899	201.39934	-63.45889	6319.4	m	o	0.04668	51	7.053	3.096
HSC 64		255.19849	-16.22051	6360.9	m	o	0.1298	18	9.468	1.269
NGC 6827	Berkeley 48|FSR 152|MWSC 3186|OCL 120	297.22242	21.21407	6363.2	m	o	0.02573	150	8.354	3.178
FSR 1212	MWSC 1115	106.94389	-14.15059	6369.1	m	o	0.01678	52	8.968	1.866
HSC 2596		207.59823	-70.53551	6386.7	m	o	0.1284	15	9.758	0.7917
HSC 2158		132.13661	-47.75542	6389.6	m	o	0.01014	14	7.282	2.864
HSC 1877		111.36281	-21.88025	6398.7	m	o	0.1167	22	7.791	2.731
HSC 1261		63.75168	40.47226	6417.9	m	m	0.2168	81	8.22	2.403
HSC 1860		104.2839	-23.57344	6437	m	o	0.05552	95	8.839	0.4062
ESO 370-17	ESO 370 17|MWSC 1501	127.95495	-36.21057	6438.6	m	o	0.01932	53	8.892	2.394
HSC 2669		218.20145	-50.8794	6457.7	m	o	0.06479	11	9.3	2.158
Berkeley 73	MWSC 847|OCL 546	95.52005	-6.31895	6497.8	m	o	0.03464	136	9.128	0.6146
HSC 1266		67.68269	42.10402	6499.3	m	o	0.1051	12	8.987	1.576
HSC 2151		131.17818	-47.68872	6500.5	m	o	0.03401	18	7.537	2.021
HSC 1547		94.6858	15.28906	6504.7	m	o	0.1146	19	7.836	3.012
HSC 808		308.08033	69.52556	6537.9	m	o	0.1104	16	9.106	2.18
HSC 1914		113.05988	-24.72865	6563.4	m	o	0.096	23	7.598	2.782
HSC 948		5.73245	58.34472	6574.8	m	o	0.03946	72	8.968	2.186
CWNU 2529		169.76437	-61.4582	6588.6	m	o	0.06386	131	7.459	4.735
Teutsch 324		327.94232	56.71084	6596.8	m	o	0.1373	74	6.946	4.171
Ruprecht 78		142.27975	-53.69856	6598.2	m	o	0.085	97	7.332	3.389
Turner 6	DSH J1059.3-5932|FSR 1559|MWSC 1877|Teutsch 106	164.83366	-59.54417	6630.3	m	o	0.02542	74	8.352	2.792
HSC 1550		88.68936	11.74948	6636.4	m	o	0.07007	26	9.017	0.491
HSC 1887		108.59701	-24.3077	6652.9	m	o	0.02317	43	9.02	0.7222
HSC 1982		152.77277	-4.70612	6675	m	m	0.04785	132	7.467	3.352
HSC 800		337.89019	53.53185	6690.4	m	o	0.06985	16	8.943	1.541
HSC 2887		247.08734	-29.42629	6694.1	m	m	0.198	18	9.172	1.652
Berkeley 92	FSR 329|MWSC 3510|OCL 220	321.19857	57.5285	6750.9	m	o	0.03046	105	8.672	3.116
HSC 37		264.355	-24.40572	6753.3	m	o	0.06912	55	7.26	4.329
FSR 0358	FSR 358|Kirkpatrick 1|MWSC 3590	332.56812	58.78962	6784.9	m	o	0.04183	39	8.838	5.201
HSC 2692		262.58338	-71.02881	6786.1	m	o	0.07427	22	9.489	0.4428
OC 0431		117.93054	-30.63887	6794.1	m	o	0.05128	84	8.442	3.14
HSC 1728		101.4536	-7.31525	6794.2	m	o	0.05857	148	7.98	1.339
Berkeley 75	ES0490SC50|MWSC 993|OCL 614	102.249	-23.99599	6829.6	m	o	0.03462	103	9.269	0.1977
Auner 1	ESO 558-8|MWSC 1087	106.06352	-19.74689	6836.5	m	o	0.02409	66	9.091	1.612
HSC 2521		189.32075	-59.34964	6843.5	m	o	0.1091	13	9.17	2.271
Sher 1	ESO 128-27|MWSC 1881|Miller 2|OCL 837	165.25533	-60.23033	6854.3	m	o	0.1068	99	7.276	3.835
Juchert J0644.8+0925	Juchert J0644.8-0925	101.20886	-9.42985	6864.1	m	o	0.01551	44	8.671	1.375
HSC 1835		106.98238	-18.92815	6917.9	m	o	0.04257	35	9.015	1.723
HSC 1453		109.76414	34.12311	6936.4	m	o	0.1354	12	9.47	1.253
BH 67	ESO 212-7|FSR 1486|MWSC 1669|vdBergh-Hagen 67	141.6843	-51.27311	6937.5	m	o	0.01568	38	7.852	3.499
OC 0416		110.19351	-27.38787	6939.4	m	o	0.04424	44	8.9	1.003
Czernik 26	MWSC 886|OCL 544	97.74606	-4.17768	6954.8	m	o	0.02277	54	8.788	1.212
HSC 713		315.92497	49.8681	6958.6	m	o	0.1387	52	7.331	4.895
HSC 901		348.53989	65.66438	6967.1	m	o	0.05661	21	8.707	4.512
NGC 3105	BH 82|Collinder 214|ESO 167-14|FSR 1519|MWSC 1742|OCL 798	150.17263	-54.7894	6983.9	m	o	0.0319	187	7.629	3.239
Ruprecht 25	ESO 493-1|MWSC 1280|OCL 641	114.19842	-23.386	6998.6	m	o	0.047	54	8.643	2.094
HSC 723		316.74587	51.15991	7080.6	m	o	0.09217	117	7.836	6.14
BH 110	MWSC 1894|vdBergh-Hagen 110	166.77134	-61.50967	7087	m	o	0.04663	98	7.452	3.074
Berkeley 25	MWSC 955|OCL 576	100.3123	-16.4869	7111.8	m	o	0.03787	188	8.968	1.65
HSC 1825		107.77341	-17.60578	7165.1	m	o	0.1249	86	8.404	1.039
HSC 1107		41.52504	62.78034	7189.9	m	o	0.07692	25	7.078	2.602
Kronberger 80	DSH J2111.8+5222|FSR 300|MWSC 3479	317.95496	52.37596	7204	m	o	0.09496	132	8.469	6.374
HSC 581		296.75068	38.91139	7207.6	m	o	0.08994	35	8.911	0.9813
HSC 2284		147.88689	-57.31213	7248.8	m	o	0.04909	34	8.086	4.058
DC 3	MWSC 1226	111.75579	-37.51794	7261.9	m	o	0.08893	128	9.212	0.6989
Collinder 428		315.7421	44.49999	7290.6	m	o	0.02247	47	8.198	2.901
BH 118	ESO 129-20|MWSC 1939|vdBergh-Hagen 118	170.75696	-58.54575	7306	m	o	0.03475	126	9.083	1.757
HSC 1587		78.38372	1.04555	7320	m	o	0.06683	13	9.164	0.3391
HSC 841		335.95399	64.54806	7327.2	m	o	0.1446	47	8.896	3.063
HSC 528		297.70466	30.21119	7343.7	m	o	0.01696	18	8.705	3.303
HSC 109		274.96394	-24.66316	7352.8	m	o	0.08687	16	9.926	1.223
HSC 1726		101.88121	-6.38058	7355.2	m	o	0.1481	50	7.919	1.242
HSC 2333		147.76543	-63.41718	7377.2	m	o	0.07972	13	9.602	0.3343
HSC 15		278.9722	-33.29083	7379.9	m	o	0.05888	12	9.211	1.316
HSC 1490		85.19707	19.23932	7395.6	m	o	0.07535	14	9.016	1.459
HSC 567		299.02162	35.98542	7402.5	m	o	0.03128	68	8.646	2.214
HSC 359		284.3185	8.29918	7404.8	m	o	0.07118	91	9.437	5.512
Patchick 89	DC 6|DSH J1959.5+4918	299.88627	49.31324	7440.4	m	o	0.01387	36	8.756	0.797
HSC 1731		98.65434	-8.86538	7453.5	m	o	0.04433	62	8.808	1.602
HSC 1863		100.22226	-25.51945	7455.3	m	o	0.1063	19	9.331	0.1576
HSC 2350		161.95609	-55.87792	7462.4	m	o	0.04941	68	8.813	2.629
HSC 2228		141.43252	-53.24101	7484.8	m	o	0.04526	26	6.708	3.171
HSC 2393		165.0856	-59.9937	7505.5	m	o	0.0119	25	6.928	3.818
HSC 513		297.45735	27.89486	7525.1	m	o	0.1232	51	7.607	4.226
HSC 1708		100.82471	-4.85597	7575	m	o	0.01121	16	8.092	1.592
HSC 2287		154.78486	-52.02971	7612.1	m	o	0.01563	29	8.799	1.772
HSC 1363		36.56126	-6.32519	7636.2	m	m	0.6853	43	8.727	1.43
HSC 675		315.71082	44.76376	7700.1	m	o	0.07755	22	8.016	3.62
HSC 1794		105.3148	-15.16025	7732.1	m	o	0.06047	22	8.212	2.263
HSC 774		323.60327	57.50739	7785.9	m	o	0.1145	19	7.177	3.121
Berkeley 102	MWSC 3750|OCL 263	354.67103	56.64043	7786.1	m	o	0.03991	93	9.15	1.779
Berkeley 20	MWSC 572|OCL 497	83.15438	0.18844	7792.6	m	o	0.0229	171	9.265	0.4606
NGC 6846	Collinder 410|OCL 139	299.11473	32.34976	7849.9	m	o	0.02945	98	7.643	4.177
HSC 2890		256.26196	-35.48444	7854.1	m	o	0.02506	38	8.772	4.352
Ruprecht 152	BH 14|ESO 311-19|MWSC 1379|OCL 719	118.61905	-38.23887	7874.8	m	o	0.1277	121	8.339	2.031
HSC 501		301.95978	22.30931	7902.5	m	o	0.07985	15	9.189	2.056
UBC 1466	NGC 2925	143.17756	-53.27373	7913.5	m	o	0.02495	68	8.485	3.357
HSC 93		281.23034	-28.72037	7931.8	m	o	0.09158	14	9.095	1.221
HSC 857		340.23437	64.13658	8025.6	m	o	0.06303	33	7.087	2.651
HSC 435		308.26819	8.89394	8035.5	m	o	0.1195	13	9.012	1.119
ESO 429-05	ESO 429-2|ESO 429-429|ESO 429-5|ESO 429 05|MWSC 1264|MWSC 1482	114.25477	-32.20295	8101.5	m	o	0.03109	28	8.973	2.214
HSC 2909		259.30607	-34.29049	8165.6	m	o	0.07877	12	8.839	5.35
Teutsch 124	DSH J2018.3+3112|MWSC 3307	304.57646	31.21006	8254.3	m	o	0.02291	45	8.692	5.194
CWNU 2770		106.55724	-13.17874	8256.3	m	o	0.1302	111	7.353	2.076
Teutsch 143a	DSH J1108.6-6042|FSR 1570|MWSC 1898|Wray 1|Wray 15-751	167.17776	-60.71173	8286.7	m	o	0.0115	24	7.058	5.743
HSC 2474		177.69162	-65.71468	8343.7	m	o	0.0692	18	9.107	2.235
HSC 2525		190.43327	-60.73039	8456.8	m	o	0.05388	14	9.121	3.805
Juchert J1919.4+1453		289.86518	14.90345	8563.4	m	o	0.03402	34	7.423	6.547
HSC 431		291.24345	17.54329	8634.1	m	o	0.06871	28	8.893	6.111
FSR 1419	MWSC 1468	124.71451	-47.78331	8675.6	m	o	0.02778	58	8.739	2.376
HSC 740		321.23658	52.8115	8845.4	m	o	0.1139	17	9.009	5.588
Palomar 8	ESO 591-12|FSR 48|GCL 100|MWSC 2974|Pal 8	280.37659	-19.82804	8943.4	m	o	0.02226	200	8.409	3.153
Berkeley 93	MWSC 3574|OCL 239	328.87187	63.92713	9097.5	m	o	0.02214	32	8.696	3.133
HSC 2316		177.23103	-18.1418	9276.1	m	m	0.3682	90	8.664	4.011
HSC 201		284.5282	-17.82773	9379.1	m	o	0.09032	12	8.573	2.396
HSC 802		346.4455	42.65169	9394.5	m	m	0.1516	27	8.903	1.011
HSC 2100		124.69288	-44.73349	9404.4	m	o	0.02068	17	8.69	2.694
HSC 2360		160.8524	-58.57247	9414.8	m	m	0.1572	21	7.743	4.349
FSR 1700	MWSC 2307	234.69393	-59.26407	9461.2	m	o	0.03842	47	9.107	4.473
HSC 2759		252.09742	-54.90859	9516.2	m	o	0.04952	18	7.337	1.838
HSC 781		311.3254	64.83236	9539.4	m	m	0.1686	40	8.965	1.715
HSC 695		242.13901	57.38481	9550.3	m	m	0.4794	78	8.826	0.8332
HSC 2984		270.75383	-31.64607	9622.9	m	o	0.07369	13	8.319	3.968
HSC 2077		122.45516	-42.1733	9651.4	m	o	0.1108	37	6.935	2
HSC 583		302.77564	36.15292	9753	m	o	0.02439	12	8.627	4.748
HSC 1899		96.34353	-29.80753	9780.9	m	m	0.1606	18	9.145	0.5009
HSC 2261		141.80107	-57.72	9800.7	m	o	0.08271	50	8.446	2.391
HSC 1454		107.68558	33.43131	9808.2	m	m	0.162	36	8.988	0.6599
OC 0440		117.05	-36.14814	9826.7	m	o	0.05826	86	7.584	2.323
HSC 25		265.39154	-25.7016	9892.2	m	o	0.0727	18	8.903	5.718
HSC 712		318.36143	48.24415	9899.5	m	o	0.08075	16	8.524	5.191
HSC 133		278.23392	-23.36693	9899.7	m	o	0.07639	20	8.261	2.81
HSC 2104		124.85729	-44.86572	9947.1	m	o	0.05581	13	8.538	2.551
HSC 2134		113.3597	-52.92216	10087	m	o	0.08531	23	8.83	1.181
HSC 2065		121.79157	-41.29453	10329	m	m	0.1651	60	7.167	2.602
HSC 1711		117.0031	3.16896	10509	m	m	0.1142	26	8.417	1.511
HSC 2084		120.90371	-43.79691	10793	m	o	0.06461	119	8.289	1.736
HSC 2311		148.867	-59.95435	10809	m	o	0.07037	17	9.049	1.826
Palomar 2	GCL 7|MWSC 418|Pal 2	71.52595	31.3814	10931	m	o	0.01712	95	8.891	4.302
ESO 092-05	ESO 092-92|ESO 092 05|ESO 92-18|ESO 92-5|MWSC 1752|MWSC 1781	150.78982	-64.75444	11149	m	o	0.03644	139	9.2	0.6879
Palomar 11	GCL 114|MWSC 3171|Pal 11	296.31169	-8.00955	11274	m	o	0.01609	102	8.348	2.138
Berkeley 29	MWSC 1008|OCL 486	103.2659	16.92587	11275	m	o	0.01342	53	8.408	1.488
ESO 092-18	ESO 092-92|ESO 092 18|ESO 92-18|ESO 92-5|MWSC 1752|MWSC 1781	153.73491	-64.61269	11357	m	o	0.02475	94	8.752	1.507
HSC 134		278.11415	-23.11227	11714	m	o	0.03996	70	8.625	2.523
Palomar 6	ESO 520-21|GCL 75|MWSC 2669|Pal 6	265.92082	-26.2265	11919	m	m	0.02117	145	9.204	5.95
HSC 2310		185.0383	5.55095	11979	m	m	0.6871	162	8.037	1.556
HSC 2348		157.87455	-59.52438	12122	m	o	0.03494	35	7.168	3.901
HSC 502		294.79913	26.26295	12175	m	m	0.1124	61	7.145	3.846
HSC 511		295.67063	28.30607	12813	m	o	0.07687	25	7.154	2.948
Pfleiderer 4	MWSC 3764|PWM 4	357.734	62.31812	12835	m	o	0.01447	15	8.655	3.709
BH 144	AL 1|Andrews-Lindsay 1|ESO 96-4|MWSC 2098|vdBergh-Hagen 144	198.83322	-65.91789	12887	m	o	0.03231	55	7.954	2.809
Palomar 12	Capricornus|ESO 600-11|GCL 123|MWSC 3561|Pal 12	326.66005	-21.25418	13767	m	o	0.01991	58	8.464	1.84
HSC 908		11.7609	-20.79104	14142	m	m	0.09511	22	8.984	1.474
HSC 341		359.94534	-25.79786	15153	m	m	0.1891	22	8.49	1.562
HSC 2969		239.53162	-12.78429	15387	m	m	0.9233	68	7.9	2.897
HSC 61		279.21188	-29.64453	19165	m	m	0.09912	105	7.789	2.709
MWSC 5365		268.56117	28.83222	26692	m	m	0.0808	16	7.784	3.756
HSC 58		359.45304	-32.60894	28026	m	m	0.4705	102	7.559	1.311
HSC 2973		210.02261	14.44301	28310	m	m	0.2228	133	7.727	3.909
HSC 2250		98.48895	-66.84034	29081	m	m	0.05072	23	8.529	2.951
HSC 132		213.8901	17.10383	30119	m	m	0.1129	30	7.236	1.574
HSC 2487		29.56649	-77.09623	30771	m	m	0.1392	32	7.196	2.501
HSC 1316		124.94453	50.37739	31307	m	m	0.09782	11	8.364	1.837
HSC 2522		190.152	-50.17948	31403	m	m	0.09967	11	8.012	2.208
HSC 1295		145.30495	51.29306	31415	m	m	0.6672	28	6.863	1.746
HSC 1214		143.01451	60.92971	31974	m	m	0.2143	17	8.367	2.129
HSC 867		200.84412	49.74198	32236	m	m	0.3347	19	8.352	1.354
HSC 2517		18.89922	-73.32654	33900	m	m	0.04721	60	6.696	2.086
Palomar 15	GCL 50|MWSC 2509|Pal 15	254.9736	-0.54598	34557	m	m	0.04655	31	8.492	3.01
HSC 1795		174.21701	21.3798	35988	m	m	0.2853	33	6.605	2.652
HSC 1543		31.50299	-20.26918	36304	m	m	0.3918	33	7.961	1.387
HSC 2400		57.88922	-75.88429	36594	m	m	0.1653	23	7.662	2.68
HSC 2492		21.02874	-68.81727	36977	m	m	0.0545	17	8.138	3.324
HSC 1837		26.30244	-30.45877	37103	m	m	0.1727	29	6.675	2.237
HSC 2473		31.69518	-74.687	37279	m	m	0.05131	33	6.982	0.8938
HSC 2439		37.22383	-73.34786	45662	m	m	0.09586	15	6.824	0.1446
HSC 2700		357.11445	-53.65804	46774	m	m	0.414	19	7.957	2.668
HSC 2588		201.95847	-63.73406	47571	m	m	0.05756	21	7.737	4.221
HSC 77		287.34581	-31.76069	47755	m	m	0.04389	14	6.979	3.352
HSC 2593		6.19909	-65.45179	48426	m	m	0.2195	23	7.089	3.394
HSC 2207		73.25107	-61.74421	51036	m	m	0.1467	45	7.127	3.443
HSC 2516		21.49358	-77.39114	51755	m	m	0.06157	16	7.558	3.206
HSC 2448		35.18647	-73.08559	51954	m	m	0.2095	55	7.136	0.543
HSC 247		296.37942	-14.8458	52891	m	m	0.1528	12	9.779	6.841
HSC 780		229.39008	63.60691	53907	m	m	0.1371	12	7.673	3.966
HSC 2164		88.28945	-58.94927	56809	m	m	0.182	20	7.683	3.314
HSC 1541		101.91469	19.70502	57315	m	m	0.08936	12	8.074	3.051
HSC 357		292.29218	2.81605	57339	m	m	0.1057	24	7.393	3.118
HSC 2497		22.77959	-73.41363	59146	m	m	0.06144	69	7.065	3.203
HSC 2243		81.48666	-66.28858	59337	m	m	0.05878	68	6.728	3.596
HSC 2465		31.15364	-73.48057	59846	m	m	0.1455	53	6.722	1.154
HSC 2608		207.15576	-63.98635	60657	m	m	0.07521	11	9.11	5.673
HSC 2812		253.57852	-47.94928	60914	m	m	0.08868	19	9.294	6.646
ESO 092-92	ESO 092-18|ESO 092 18|ESO 92-18|ESO 92-5|MWSC 1752|MWSC 1781	153.7397	-64.61506	63809	m	m	0.02265	11	8.556	3.076
HSC 303		269.68249	3.7421	64519	m	m	0.2689	14	8.608	3.519
HSC 701		219.71762	50.65995	66431	m	m	0.1336	14	7.177	3.186
HSC 2291		82.05663	-70.1815	66881	m	m	0.2813	15	8.183	4.535
HSC 2186		42.72436	-52.19162	67383	m	m	0.396	35	6.746	2.233
HSC 2440		37.9284	-73.72612	68765	m	m	0.04665	15	7.196	1.368
HSC 2501		22.17341	-72.79085	73762	m	m	0.0793	30	7.888	4.617
HSC 331		287.2973	0.04227	78352	m	m	0.2421	12	9.777	6.839
HSC 2475		30.77924	-74.90066	79166	m	m	0.06878	48	7.228	1.721
HSC 2265		110.7421	-67.42698	83102	m	m	0.1978	19	8.422	4.082
HSC 820		203.67094	49.15507	84553	m	m	0.4313	34	7.021	2.336
HSC 2563		6.58963	-74.15254	84956	m	m	0.07495	16	7.423	3.548
HSC 1768		67.17378	-25.95749	86681	m	m	0.2847	14	7.424	2.825
HSC 2975		263.39881	-29.02129	90179	m	m	0.1291	16	9.767	6.852
HSC 119		264.63319	-17.55946	91709	m	m	0.06004	13	8.551	6.013
HSC 2573		9.71095	-59.21685	97691	m	m	0.2747	19	7.269	2.879
HSC 2346		28.64012	-55.96103	1.0435e5	m	m	0.2603	20	7.788	4.143
HSC 2451		176.07604	-60.88768	1.0496e5	m	m	0.2595	14	9.358	5.629
HSC 2949		270.91199	-35.86296	1.0577e5	m	m	0.2592	11	8.145	5.363
HSC 319		281.08426	0.48185	1.0637e5	m	m	0.1315	16	9.806	6.83
HSC 688		217.19819	48.11175	1.1389e5	m	m	0.897	34	7.128	3.105
HSC 344		289.46345	1.16171	1.1685e5	m	m	0.1562	18	8.611	5.923
HSC 2379		58.34256	-73.79148	1.2068e5	m	m	0.08726	22	9.086	5.759
HSC 568		299.20204	36.1279	1.2756e5	m	m	0.1488	19	8.535	5.752
HSC 2942		231.22708	-7.83904	1.3792e5	m	m	0.1353	16	8.977	5.506
HSC 81		282.07336	-29.71531	1.5656e5	m	m	0.1491	18	9.074	6.027
HSC 420		295.23783	14.32529	1.7284e5	m	m	0.2009	22	9.026	6.193
HSC 555		297.44554	34.35521	1.7501e5	m	m	0.1621	23	9.361	6.204
HSC 500		241.50731	38.43538	1.7801e5	m	m	0.55	18	8.625	5.887
HSC 2444		36.80021	-73.76038	5.4365e5	m	m	0.0509	31	9.809	6.87
